name,score,pattern
bati,96.0,CVCV
bere,96.0,CVCV
bore,96.0,CVCV
care,96.0,CVCV
cate,96.0,CVCV
cati,96.0,CVCV
cere,96.0,CVCV
core,96.0,CVCV
date,96.0,CVCV
dati,96.0,CVCV
dere,96.0,CVCV
dore,96.0,CVCV
fate,96.0,CVCV
fati,96.0,CVCV
fere,96.0,CVCV
fore,96.0,CVCV
gate,96.0,CVCV
gati,96.0,CVCV
gere,96.0,CVCV
gore,96.0,CVCV
hate,96.0,CVCV
hati,96.0,CVCV
heda,96.0,CVCV
hede,96.0,CVCV
hedi,96.0,CVCV
hedo,96.0,CVCV
hedu,96.0,CVCV
hehe,96.0,CVCV
hena,96.0,CVCV
hene,96.0,CVCV
heni,96.0,CVCV
heno,96.0,CVCV
henu,96.0,CVCV
hera,96.0,CVCV
here,96.0,CVCV
heri,96.0,CVCV
hero,96.0,CVCV
heru,96.0,CVCV
hesa,96.0,CVCV
hese,96.0,CVCV
hesi,96.0,CVCV
heso,96.0,CVCV
hesu,96.0,CVCV
hete,96.0,CVCV
heti,96.0,CVCV
hiti,96.0,CVCV
hore,96.0,CVCV
jati,96.0,CVCV
jere,96.0,CVCV
jore,96.0,CVCV
kate,96.0,CVCV
kati,96.0,CVCV
kere,96.0,CVCV
kore,96.0,CVCV
late,96.0,CVCV
lati,96.0,CVCV
lere,96.0,CVCV
lore,96.0,CVCV
mare,96.0,CVCV
mate,96.0,CVCV
mati,96.0,CVCV
mere,96.0,CVCV
more,96.0,CVCV
nate,96.0,CVCV
nati,96.0,CVCV
nere,96.0,CVCV
nore,96.0,CVCV
pate,96.0,CVCV
pati,96.0,CVCV
pere,96.0,CVCV
pore,96.0,CVCV
rare,96.0,CVCV
rate,96.0,CVCV
rati,96.0,CVCV
reda,96.0,CVCV
rede,96.0,CVCV
redi,96.0,CVCV
redo,96.0,CVCV
rehe,96.0,CVCV
rena,96.0,CVCV
rene,96.0,CVCV
reni,96.0,CVCV
reno,96.0,CVCV
renu,96.0,CVCV
rera,96.0,CVCV
rere,96.0,CVCV
reri,96.0,CVCV
rero,96.0,CVCV
reru,96.0,CVCV
resa,96.0,CVCV
rese,96.0,CVCV
resi,96.0,CVCV
reso,96.0,CVCV
resu,96.0,CVCV
rete,96.0,CVCV
reti,96.0,CVCV
riti,96.0,CVCV
rore,96.0,CVCV
sate,96.0,CVCV
sati,96.0,CVCV
sera,96.0,CVCV
sere,96.0,CVCV
seri,96.0,CVCV
sero,96.0,CVCV
sese,96.0,CVCV
sore,96.0,CVCV
tate,96.0,CVCV
tati,96.0,CVCV
tede,96.0,CVCV
tehe,96.0,CVCV
tena,96.0,CVCV
tene,96.0,CVCV
teni,96.0,CVCV
teno,96.0,CVCV
tera,96.0,CVCV
tere,96.0,CVCV
teri,96.0,CVCV
tero,96.0,CVCV
teru,96.0,CVCV
tese,96.0,CVCV
tihe,96.0,CVCV
tina,96.0,CVCV
tine,96.0,CVCV
tini,96.0,CVCV
tino,96.0,CVCV
tinu,96.0,CVCV
tire,96.0,CVCV
tise,96.0,CVCV
tite,96.0,CVCV
titi,96.0,CVCV
tito,96.0,CVCV
tore,96.0,CVCV
vati,96.0,CVCV
vere,96.0,CVCV
vore,96.0,CVCV
wati,96.0,CVCV
were,96.0,CVCV
wore,96.0,CVCV
yati,96.0,CVCV
yere,96.0,CVCV
yore,96.0,CVCV
bate,95.8,CVCV
lare,95.8,CVCV
tare,95.8,CVCV
tesi,95.8,CVCV
vate,95.8,CVCV
wate,95.8,CVCV
hare,95.6,CVCV
hite,95.6,CVCV
jate,95.6,CVCV
lese,95.6,CVCV
tone,95.6,CVCV
dare,95.4,CVCV
nare,95.4,CVCV
yate,95.4,CVCV
liti,95.2,CVCV
pare,95.2,CVCV
rato,95.2,CVCV
redu,95.2,CVCV
rite,95.2,CVCV
sare,95.2,CVCV
vese,95.2,CVCV
fare,95.0,CVCV
heto,95.0,CVCV
teso,95.0,CVCV
tisi,95.0,CVCV
tohe,95.0,CVCV
gare,94.8,CVCV
kare,94.8,CVCV
leri,94.8,CVCV
tesa,94.8,CVCV
bare,94.6,CVCV
siti,94.6,CVCV
vare,94.6,CVCV
ware,94.6,CVCV
jare,94.4,CVCV
lero,94.4,CVCV
mato,94.4,CVCV
mese,94.4,CVCV
tenu,94.4,CVCV
veri,94.4,CVCV
hele,94.2,CVCV
tiso,94.2,CVCV
tita,94.2,CVCV
yare,94.2,CVCV
cato,94.0,CVCV
dese,94.0,CVCV
lera,94.0,CVCV
lite,94.0,CVCV
tisa,94.0,CVCV
tono,94.0,CVCV
tori,94.0,CVCV
vero,94.0,CVCV
diti,93.8,CVCV
lato,93.8,CVCV
sehe,93.8,CVCV
tato,93.8,CVCV
tona,93.8,CVCV
hato,93.6,CVCV
meri,93.6,CVCV
miti,93.6,CVCV
niti,93.6,CVCV
sene,93.6,CVCV
teti,93.6,CVCV
toni,93.6,CVCV
toro,93.6,CVCV
vera,93.6,CVCV
dato,93.4,CVCV
fiti,93.4,CVCV
nato,93.4,CVCV
site,93.4,CVCV
teda,93.4,CVCV
tedi,93.4,CVCV
deri,93.2,CVCV
giti,93.2,CVCV
kiti,93.2,CVCV
mero,93.2,CVCV
pato,93.2,CVCV
sato,93.2,CVCV
tedo,93.2,CVCV
tesu,93.2,CVCV
tora,93.2,CVCV
biti,93.0,CVCV
fato,93.0,CVCV
viti,93.0,CVCV
witi,93.0,CVCV
dero,92.8,CVCV
gato,92.8,CVCV
kato,92.8,CVCV
mera,92.8,CVCV
reto,92.8,CVCV
bato,92.6,CVCV
dite,92.6,CVCV
jiti,92.6,CVCV
vato,92.6,CVCV
wato,92.6,CVCV
dera,92.4,CVCV
hine,92.4,CVCV
hito,92.4,CVCV
jato,92.4,CVCV
mite,92.4,CVCV
nese,92.4,CVCV
nite,92.4,CVCV
sede,92.4,CVCV
seru,92.4,CVCV
tete,92.4,CVCV
tisu,92.4,CVCV
yiti,92.4,CVCV
fite,92.2,CVCV
yato,92.2,CVCV
ahen,92.0,VCVC
aher,92.0,VCVC
ahes,92.0,VCVC
alan,92.0,VCVC
alen,92.0,VCVC
aler,92.0,VCVC
ales,92.0,VCVC
alin,92.0,VCVC
anal,92.0,VCVC
anan,92.0,VCVC
anat,92.0,VCVC
anen,92.0,VCVC
aner,92.0,VCVC
anes,92.0,VCVC
anin,92.0,VCVC
anis,92.0,VCVC
anit,92.0,VCVC
anon,92.0,VCVC
anor,92.0,VCVC
aran,92.0,VCVC
arat,92.0,VCVC
arel,92.0,VCVC
aren,92.0,VCVC
arer,92.0,VCVC
ares,92.0,VCVC
arin,92.0,VCVC
aron,92.0,VCVC
asen,92.0,VCVC
aser,92.0,VCVC
ases,92.0,VCVC
atan,92.0,VCVC
atat,92.0,VCVC
atel,92.0,VCVC
aten,92.0,VCVC
ater,92.0,VCVC
ates,92.0,VCVC
atil,92.0,VCVC
atim,92.0,VCVC
atin,92.0,VCVC
atir,92.0,VCVC
atis,92.0,VCVC
atit,92.0,VCVC
aton,92.0,VCVC
ator,92.0,VCVC
cese,92.0,CVCV
citi,92.0,CVCV
edan,92.0,VCVC
eden,92.0,VCVC
eder,92.0,VCVC
edes,92.0,VCVC
edin,92.0,VCVC
edon,92.0,VCVC
ehen,92.0,VCVC
eher,92.0,VCVC
ehes,92.0,VCVC
enan,92.0,VCVC
enat,92.0,VCVC
enen,92.0,VCVC
ener,92.0,VCVC
enes,92.0,VCVC
enin,92.0,VCVC
enon,92.0,VCVC
enor,92.0,VCVC
eral,92.0,VCVC
eran,92.0,VCVC
erar,92.0,VCVC
erat,92.0,VCVC
erel,92.0,VCVC
erem,92.0,VCVC
eren,92.0,VCVC
erer,92.0,VCVC
eres,92.0,VCVC
eret,92.0,VCVC
erin,92.0,VCVC
eris,92.0,VCVC
erit,92.0,VCVC
eron,92.0,VCVC
eror,92.0,VCVC
esan,92.0,VCVC
esat,92.0,VCVC
esen,92.0,VCVC
eser,92.0,VCVC
eses,92.0,VCVC
esin,92.0,VCVC
eson,92.0,VCVC
eter,92.0,VCVC
etin,92.0,VCVC
gite,92.0,CVCV
ihen,92.0,VCVC
iher,92.0,VCVC
ihes,92.0,VCVC
inal,92.0,VCVC
inan,92.0,VCVC
inar,92.0,VCVC
inat,92.0,VCVC
inen,92.0,VCVC
iner,92.0,VCVC
ines,92.0,VCVC
inin,92.0,VCVC
inis,92.0,VCVC
init,92.0,VCVC
inon,92.0,VCVC
inor,92.0,VCVC
iren,92.0,VCVC
irer,92.0,VCVC
ires,92.0,VCVC
isan,92.0,VCVC
isen,92.0,VCVC
iser,92.0,VCVC
ises,92.0,VCVC
isin,92.0,VCVC
itan,92.0,VCVC
iten,92.0,VCVC
iter,92.0,VCVC
ites,92.0,VCVC
itin,92.0,VCVC
itis,92.0,VCVC
itit,92.0,VCVC
iton,92.0,VCVC
itor,92.0,VCVC
kite,92.0,CVCV
ofan,92.0,VCVC
ofer,92.0,VCVC
ofin,92.0,VCVC
ofon,92.0,VCVC
ohen,92.0,VCVC
oher,92.0,VCVC
ohes,92.0,VCVC
onan,92.0,VCVC
onat,92.0,VCVC
onen,92.0,VCVC
oner,92.0,VCVC
ones,92.0,VCVC
onin,92.0,VCVC
onon,92.0,VCVC
onor,92.0,VCVC
oran,92.0,VCVC
orat,92.0,VCVC
orel,92.0,VCVC
orem,92.0,VCVC
oren,92.0,VCVC
orer,92.0,VCVC
ores,92.0,VCVC
oret,92.0,VCVC
orin,92.0,VCVC
oris,92.0,VCVC
oron,92.0,VCVC
oror,92.0,VCVC
oter,92.0,VCVC
otin,92.0,VCVC
piti,92.0,CVCV
rele,92.0,CVCV
rine,92.0,CVCV
rito,92.0,CVCV
seno,92.0,CVCV
titu,92.0,CVCV
tonu,92.0,CVCV
uhen,92.0,VCVC
uher,92.0,VCVC
uhes,92.0,VCVC
uren,92.0,VCVC
urer,92.0,VCVC
ures,92.0,VCVC
uter,92.0,VCVC
utin,92.0,VCVC
anar,91.8,VCVC
bite,91.8,CVCV
edat,91.8,VCVC
ison,91.8,VCVC
lehe,91.8,CVCV
ofat,91.8,VCVC
sena,91.8,CVCV
vite,91.8,CVCV
wite,91.8,CVCV
bese,91.6,CVCV
cone,91.6,CVCV
hise,91.6,CVCV
lene,91.6,CVCV
neri,91.6,CVCV
onis,91.6,VCVC
orit,91.6,VCVC
seni,91.6,CVCV
tedu,91.6,CVCV
esor,91.4,VCVC
heve,91.4,CVCV
itat,91.4,VCVC
jite,91.4,CVCV
ofen,91.4,VCVC
sesi,91.4,CVCV
vehe,91.4,CVCV
ceri,91.2,CVCV
nero,91.2,CVCV
rise,91.2,CVCV
vene,91.2,CVCV
yite,91.2,CVCV
eras,91.2,VCVC
isat,91.2,VCVC
onit,91.2,VCVC
alat,91.0,VCVC
alon,91.0,VCVC
atal,91.0,VCVC
cohe,91.0,CVCV
heal,91.0,CVVC
hean,91.0,CVVC
hear,91.0,CVVC
heas,91.0,CVVC
heat,91.0,CVVC
heco,91.0,CVCV
hein,91.0,CVVC
heis,91.0,CVVC
heit,91.0,CVVC
heon,91.0,CVVC
heor,91.0,CVVC
onal,91.0,VCVC
real,91.0,CVVC
rean,91.0,CVVC
rear,91.0,CVVC
reat,91.0,CVVC
rein,91.0,CVVC
reon,91.0,CVVC
reor,91.0,CVVC
tean,91.0,CVVC
teat,91.0,CVVC
tein,91.0,CVVC
tian,91.0,CVVC
tiat,91.0,CVVC
tier,91.0,CVVC
tion,91.0,CVVC
tior,91.0,CVVC
atem,90.8,VCVC
atet,90.8,VCVC
beri,90.8,CVCV
cero,90.8,CVCV
cite,90.8,CVCV
enis,90.8,VCVC
gese,90.8,CVCV
hino,90.8,CVCV
line,90.8,CVCV
lito,90.8,CVCV
nera,90.8,CVCV
pese,90.8,CVCV
pite,90.8,CVCV
asin,90.6,VCVC
atar,90.6,VCVC
esis,90.6,VCVC
heli,90.6,CVCV
heme,90.6,CVCV
hina,90.6,CVCV
mehe,90.6,CVCV
onar,90.6,VCVC
sean,90.6,CVVC
seso,90.6,CVCV
tien,90.6,CVVC
aror,90.4,VCVC
bero,90.4,CVCV
cera,90.4,CVCV
enit,90.4,VCVC
eten,90.4,VCVC
hini,90.4,CVCV
lede,90.4,CVCV
leru,90.4,CVCV
mene,90.4,CVCV
oral,90.4,VCVC
oten,90.4,VCVC
rane,90.4,CVCV
rino,90.4,CVCV
sesa,90.4,CVCV
tofo,90.4,CVCV
toti,90.4,CVCV
uten,90.4,VCVC
dehe,90.2,CVCV
enal,90.2,VCVC
esit,90.2,VCVC
fese,90.2,CVCV
ofes,90.2,VCVC
rina,90.2,CVCV
sine,90.2,CVCV
sito,90.2,CVCV
tofa,90.2,CVCV
tofe,90.2,CVCV
tofi,90.2,CVCV
teon,90.2,CVVC
atom,90.0,VCVC
bera,90.0,CVCV
cono,90.0,CVCV
cori,90.0,CVCV
dene,90.0,CVCV
geri,90.0,CVCV
kese,90.0,CVCV
leno,90.0,CVCV
lise,90.0,CVCV
ofor,90.0,VCVC
orar,90.0,VCVC
peri,90.0,CVCV
rini,90.0,CVCV
senu,90.0,CVCV
tico,90.0,CVCV
tofu,90.0,CVCV
vede,90.0,CVCV
veru,90.0,CVCV
cona,89.8,CVCV
enar,89.8,VCVC
hehi,89.8,CVCV
hihe,89.8,CVCV
inas,89.8,VCVC
lena,89.8,CVCV
reis,89.8,CVVC
wese,89.8,CVCV
arem,89.6,VCVC
aret,89.6,VCVC
coni,89.6,CVCV
coro,89.6,CVCV
edor,89.6,VCVC
gero,89.6,CVCV
hela,89.6,CVCV
jese,89.6,CVCV
leni,89.6,CVCV
mane,89.6,CVCV
pero,89.6,CVCV
rone,89.6,CVCV
toru,89.6,CVCV
veno,89.6,CVCV
dine,89.4,CVCV
dito,89.4,CVCV
feri,89.4,CVCV
isor,89.4,VCVC
lesi,89.4,CVCV
reas,89.4,CVVC
reit,89.4,CVVC
rihe,89.4,CVCV
sise,89.4,CVCV
ties,89.4,CVVC
vena,89.4,CVCV
yese,89.4,CVCV
aris,89.2,VCVC
cane,89.2,CVCV
cora,89.2,CVCV
etes,89.2,VCVC
gera,89.2,CVCV
helo,89.2,CVCV
itel,89.2,VCVC
keri,89.2,CVCV
lino,89.2,CVCV
mede,89.2,CVCV
meru,89.2,CVCV
mine,89.2,CVCV
mito,89.2,CVCV
nine,89.2,CVCV
nito,89.2,CVCV
otes,89.2,VCVC
pera,89.2,CVCV
reve,89.2,CVCV
seti,89.2,CVCV
teto,89.2,CVCV
tote,89.2,CVCV
utes,89.2,VCVC
veni,89.2,CVCV
anas,89.0,VCVC
fero,89.0,CVCV
fine,89.0,CVCV
fito,89.0,CVCV
hedr,89.0,CVCC
hens,89.0,CVCC
hent,89.0,CVCC
herl,89.0,CVCC
herm,89.0,CVCC
hern,89.0,CVCC
hers,89.0,CVCC
hert,89.0,CVCC
hesl,89.0,CVCC
hesm,89.0,CVCC
hesn,89.0,CVCC
hest,89.0,CVCC
hion,89.0,CVVC
lane,89.0,CVCV
lest,89.0,CVCC
lina,89.0,CVCV
mest,89.0,CVCC
qati,89.0,CVCV
qere,89.0,CVCV
qore,89.0,CVCV
redr,89.0,CVCC
rens,89.0,CVCC
rent,89.0,CVCC
rerl,89.0,CVCC
rerm,89.0,CVCC
rern,89.0,CVCC
rers,89.0,CVCC
rert,89.0,CVCC
resl,89.0,CVCC
resm,89.0,CVCC
resn,89.0,CVCC
rest,89.0,CVCC
rohe,89.0,CVCV
seat,89.0,CVVC
seda,89.0,CVCV
sedi,89.0,CVCV
sest,89.0,CVCC
tane,89.0,CVCV
teal,89.0,CVVC
tens,89.0,CVCC
tent,89.0,CVCC
terl,89.0,CVCC
term,89.0,CVCC
tern,89.0,CVCC
ters,89.0,CVCC
tert,89.0,CVCC
test,89.0,CVCC
tins,89.0,CVCC
tint,89.0,CVCC
tist,89.0,CVCC
toin,89.0,CVVC
vesi,89.0,CVCV
vest,89.0,CVCC
weri,89.0,CVCV
xati,89.0,CVCV
xere,89.0,CVCV
xore,89.0,CVCV
zati,89.0,CVCV
zere,89.0,CVCV
zore,89.0,CVCV
arit,88.8,VCVC
asan,88.8,VCVC
dede,88.8,CVCV
deru,88.8,CVCV
eler,88.8,VCVC
esal,88.8,VCVC
gine,88.8,CVCV
gito,88.8,CVCV
hane,88.8,CVCV
hinu,88.8,CVCV
jeri,88.8,CVCV
kero,88.8,CVCV
kine,88.8,CVCV
kito,88.8,CVCV
lini,88.8,CVCV
meno,88.8,CVCV
rano,88.8,CVCV
reco,88.8,CVCV
sedo,88.8,CVCV
sesu,88.8,CVCV
alor,88.6,VCVC
bine,88.6,CVCV
bito,88.6,CVCV
dane,88.6,CVCV
dest,88.6,CVCC
dise,88.6,CVCV
fera,88.6,CVCV
isis,88.6,VCVC
lean,88.6,CVVC
leso,88.6,CVCV
mena,88.6,CVCV
nane,88.6,CVCV
nehe,88.6,CVCV
rahe,88.6,CVCV
rana,88.6,CVCV
rion,88.6,CVVC
sino,88.6,CVCV
tear,88.6,CVVC
toer,88.6,CVVC
vine,88.6,CVCV
vito,88.6,CVCV
wero,88.6,CVCV
wine,88.6,CVCV
wito,88.6,CVCV
yeri,88.6,CVCV
alis,88.4,VCVC
deno,88.4,CVCV
esar,88.4,VCVC
etis,88.4,VCVC
jero,88.4,CVCV
kera,88.4,CVCV
lesa,88.4,CVCV
meni,88.4,CVCV
mise,88.4,CVCV
nene,88.4,CVCV
nise,88.4,CVCV
oser,88.4,VCVC
otis,88.4,VCVC
pane,88.4,CVCV
rani,88.4,CVCV
reli,88.4,CVCV
reme,88.4,CVCV
rinu,88.4,CVCV
sane,88.4,CVCV
sina,88.4,CVCV
tele,88.4,CVCV
user,88.4,VCVC
utis,88.4,VCVC
cehe,88.2,CVCV
dena,88.2,CVCV
edis,88.2,VCVC
fane,88.2,CVCV
fise,88.2,CVCV
hece,88.2,CVCV
isit,88.2,VCVC
jine,88.2,CVCV
jito,88.2,CVCV
lihe,88.2,CVCV
mesi,88.2,CVCV
ofis,88.2,VCVC
sini,88.2,CVCV
toan,88.2,CVVC
vean,88.2,CVVC
veso,88.2,CVCV
wera,88.2,CVCV
yero,88.2,CVCV
zate,88.2,CVCV
alit,88.0,VCVC
ante,88.0,VCCV
anti,88.0,VCCV
aste,88.0,VCCV
asti,88.0,VCCV
atha,88.0,VCCV
athe,88.0,VCCV
athi,88.0,VCCV
atho,88.0,VCCV
athu,88.0,VCCV
atre,88.0,VCCV
cene,88.0,CVCV
conu,88.0,CVCV
deni,88.0,CVCV
edre,88.0,VCCV
ente,88.0,VCCV
enti,88.0,VCCV
erte,88.0,VCCV
erti,88.0,VCCV
eshe,88.0,VCCV
este,88.0,VCCV
esti,88.0,VCCV
esto,88.0,VCCV
ethe,88.0,VCCV
etit,88.0,VCVC
eton,88.0,VCVC
gane,88.0,CVCV
gise,88.0,CVCV
inte,88.0,VCCV
inti,88.0,VCCV
ishe,88.0,VCCV
iste,88.0,VCCV
isti,88.0,VCCV
isto,88.0,VCCV
itha,88.0,VCCV
ithe,88.0,VCCV
ithi,88.0,VCCV
itho,88.0,VCCV
ithu,88.0,VCCV
itil,88.0,VCVC
itim,88.0,VCVC
itir,88.0,VCVC
itre,88.0,VCCV
jera,88.0,CVCV
kane,88.0,CVCV
kise,88.0,CVCV
lenu,88.0,CVCV
mano,88.0,CVCV
ofre,88.0,VCCV
onte,88.0,VCCV
onti,88.0,VCCV
othe,88.0,VCCV
otit,88.0,VCVC
oton,88.0,VCVC
rono,88.0,CVCV
rori,88.0,CVCV
sete,88.0,CVCV
uthe,88.0,VCCV
utit,88.0,VCVC
uton,88.0,VCVC
vesa,88.0,CVCV
xate,88.0,CVCV
yine,88.0,CVCV
yito,88.0,CVCV
ason,87.8,VCVC
atas,87.8,VCVC
bane,87.8,CVCV
behe,87.8,CVCV
bise,87.8,CVCV
desi,87.8,CVCV
dino,87.8,CVCV
edit,87.8,VCVC
hebe,87.8,CVCV
hema,87.8,CVCV
mahe,87.8,CVCV
mana,87.8,CVCV
ofit,87.8,VCVC
onas,87.8,VCVC
qate,87.8,CVCV
rona,87.8,CVCV
sein,87.8,CVVC
teor,87.8,CVVC
vane,87.8,CVCV
vise,87.8,CVCV
wane,87.8,CVCV
wise,87.8,CVCV
yera,87.8,CVCV
aral,87.6,VCVC
atol,87.6,VCVC
atos,87.6,VCVC
atot,87.6,VCVC
bene,87.6,CVCV
cano,87.6,CVCV
cine,87.6,CVCV
cito,87.6,CVCV
dina,87.6,CVCV
hire,87.6,CVCV
hone,87.6,CVCV
icon,87.6,VCVC
into,87.6,VCCV
jane,87.6,CVCV
mani,87.6,CVCV
mino,87.6,CVCV
nino,87.6,CVCV
none,87.6,CVCV
omer,87.6,VCVC
pine,87.6,CVCV
pito,87.6,CVCV
rale,87.6,CVCV
rehi,87.6,CVCV
roni,87.6,CVCV
roro,87.6,CVCV
sihe,87.6,CVCV
venu,87.6,CVCV
cahe,87.4,CVCV
cana,87.4,CVCV
dini,87.4,CVCV
edal,87.4,VCVC
fino,87.4,CVCV
heca,87.4,CVCV
helu,87.4,CVCV
jise,87.4,CVCV
lano,87.4,CVCV
lion,87.4,CVVC
lone,87.4,CVCV
mean,87.4,CVVC
meso,87.4,CVCV
mina,87.4,CVCV
nina,87.4,CVCV
ofal,87.4,VCVC
orti,87.4,VCCV
rata,87.4,CVCV
rela,87.4,CVCV
sone,87.4,CVCV
tano,87.4,CVCV
yane,87.4,CVCV
arar,87.2,VCVC
asat,87.2,VCVC
cani,87.2,CVCV
done,87.2,CVCV
esel,87.2,VCVC
fina,87.2,CVCV
fone,87.2,CVCV
gino,87.2,CVCV
hano,87.2,CVCV
heta,87.2,CVCV
kino,87.2,CVCV
lahe,87.2,CVCV
lana,87.2,CVCV
leti,87.2,CVCV
linu,87.2,CVCV
mesa,87.2,CVCV
mini,87.2,CVCV
mone,87.2,CVCV
nede,87.2,CVCV
neru,87.2,CVCV
nini,87.2,CVCV
oras,87.2,VCVC
rire,87.2,CVCV
rora,87.2,CVCV
sedu,87.2,CVCV
tahe,87.2,CVCV
tana,87.2,CVCV
tesl,87.2,CVCC
tice,87.2,CVCV
tile,87.2,CVCV
yise,87.2,CVCV
inge,87.2,VCCV
ahed,87.0,VCVC
aled,87.0,VCVC
aned,87.0,VCVC
anof,87.0,VCVC
ared,87.0,VCVC
ated,87.0,VCVC
atib,87.0,VCVC
atic,87.0,VCVC
atid,87.0,VCVC
atif,87.0,VCVC
atig,87.0,VCVC
atih,87.0,VCVC
atij,87.0,VCVC
atik,87.0,VCVC
atip,87.0,VCVC
ativ,87.0,VCVC
atiw,87.0,VCVC
atiy,87.0,VCVC
atof,87.0,VCVC
bino,87.0,CVCV
bren,87.0,CCVC
brer,87.0,CCVC
bres,87.0,CCVC
chen,87.0,CCVC
cher,87.0,CCVC
ches,87.0,CCVC
cren,87.0,CCVC
crer,87.0,CCVC
cres,87.0,CCVC
cter,87.0,CCVC
ctin,87.0,CCVC
dano,87.0,CVCV
dean,87.0,CVVC
deso,87.0,CVCV
dren,87.0,CCVC
drer,87.0,CCVC
dres,87.0,CCVC
edar,87.0,VCVC
eded,87.0,VCVC
ehed,87.0,VCVC
enas,87.0,VCVC
ened,87.0,VCVC
enof,87.0,VCVC
ereb,87.0,VCVC
erec,87.0,VCVC
ered,87.0,VCVC
eref,87.0,VCVC
ereg,87.0,VCVC
ereh,87.0,VCVC
erej,87.0,VCVC
erek,87.0,VCVC
erep,87.0,VCVC
erev,87.0,VCVC
erew,87.0,VCVC
erey,87.0,VCVC
erof,87.0,VCVC
erto,87.0,VCCV
esed,87.0,VCVC
fini,87.0,CVCV
fren,87.0,CCVC
frer,87.0,CCVC
fres,87.0,CCVC
fter,87.0,CCVC
ftin,87.0,CCVC
gehe,87.0,CVCV
ghen,87.0,CCVC
gher,87.0,CCVC
ghes,87.0,CCVC
gina,87.0,CVCV
gren,87.0,CCVC
grer,87.0,CCVC
gres,87.0,CCVC
hahe,87.0,CVCV
hana,87.0,CVCV
heen,87.0,CVVC
heer,87.0,CVVC
hees,87.0,CVVC
hege,87.0,CVCV
heha,87.0,CVCV
heho,87.0,CVCV
hepe,87.0,CVCV
hohe,87.0,CVCV
ihed,87.0,VCVC
ined,87.0,VCVC
inof,87.0,VCVC
ised,87.0,VCVC
ital,87.0,VCVC
ited,87.0,VCVC
itof,87.0,VCVC
kina,87.0,CVCV
lani,87.0,CVCV
leat,87.0,CVVC
leda,87.0,CVCV
ledi,87.0,CVCV
lter,87.0,CCVC
ltin,87.0,CCVC
nano,87.0,CVCV
nest,87.0,CVCC
nohe,87.0,CVCV
nten,87.0,CCVC
nter,87.0,CCVC
ntin,87.0,CCVC
ofar,87.0,VCVC
ohed,87.0,VCVC
oned,87.0,VCVC
onof,87.0,VCVC
oreb,87.0,VCVC
orec,87.0,VCVC
ored,87.0,VCVC
oref,87.0,VCVC
oreg,87.0,VCVC
oreh,87.0,VCVC
orej,87.0,VCVC
orek,87.0,VCVC
orep,87.0,VCVC
orev,87.0,VCVC
orew,87.0,VCVC
orey,87.0,VCVC
orof,87.0,VCVC
pehe,87.0,CVCV
phen,87.0,CCVC
pher,87.0,CCVC
phes,87.0,CCVC
pren,87.0,CCVC
prer,87.0,CCVC
pres,87.0,CCVC
pter,87.0,CCVC
ptin,87.0,CCVC
reen,87.0,CVVC
reer,87.0,CVVC
rees,87.0,CVVC
relo,87.0,CVCV
rter,87.0,CCVC
rtin,87.0,CCVC
shen,87.0,CCVC
sher,87.0,CCVC
shes,87.0,CCVC
sten,87.0,CCVC
ster,87.0,CCVC
stes,87.0,CCVC
stin,87.0,CCVC
stis,87.0,CCVC
stit,87.0,CCVC
ston,87.0,CCVC
stor,87.0,CCVC
tani,87.0,CVCV
teer,87.0,CVVC
tesm,87.0,CVCC
tesn,87.0,CVCC
thal,87.0,CCVC
than,87.0,CCVC
thar,87.0,CCVC
thas,87.0,CCVC
that,87.0,CCVC
thel,87.0,CCVC
them,87.0,CCVC
then,87.0,CCVC
ther,87.0,CCVC
thes,87.0,CCVC
thet,87.0,CCVC
thin,87.0,CCVC
this,87.0,CCVC
thit,87.0,CCVC
thon,87.0,CCVC
thor,87.0,CCVC
tiin,87.0,CVVC
tons,87.0,CVCC
tren,87.0,CCVC
trer,87.0,CCVC
tres,87.0,CCVC
uhed,87.0,VCVC
ured,87.0,VCVC
vino,87.0,CVCV
when,87.0,CCVC
wher,87.0,CCVC
whes,87.0,CCVC
wino,87.0,CVCV
wren,87.0,CCVC
wrer,87.0,CCVC
wres,87.0,CCVC
zare,87.0,CVCV
anto,86.8,VCCV
ashe,86.8,VCCV
bina,86.8,CVCV
cede,86.8,CVCV
ceru,86.8,CVCV
cise,86.8,CVCV
dahe,86.8,CVCV
dana,86.8,CVCV
desa,86.8,CVCV
dihe,86.8,CVCV
gene,86.8,CVCV
gini,86.8,CVCV
gone,86.8,CVCV
hani,86.8,CVCV
inse,86.8,VCCV
isal,86.8,VCVC
item,86.8,VCVC
itet,86.8,VCVC
kini,86.8,CVCV
ledo,86.8,CVCV
lesu,86.8,CVCV
lohe,86.8,CVCV
male,86.8,CVCV
menu,86.8,CVCV
nahe,86.8,CVCV
nana,86.8,CVCV
neno,86.8,CVCV
pano,86.8,CVCV
pene,86.8,CVCV
pise,86.8,CVCV
ranu,86.8,CVCV
rten,86.8,CCVC
sano,86.8,CVCV
sert,86.8,CVCC
sion,86.8,CVVC
sohe,86.8,CVCV
stan,86.8,CCVC
tive,86.8,CVCV
urin,86.8,VCVC
veti,86.8,CVCV
vina,86.8,CVCV
wina,86.8,CVCV
xare,86.8,CVCV
alal,86.6,VCVC
bini,86.6,CVCV
bone,86.6,CVCV
cest,86.6,CVCC
dani,86.6,CVCV
dohe,86.6,CVCV
fano,86.6,CVCV
fohe,86.6,CVCV
hefo,86.6,CVCV
hemi,86.6,CVCV
hemo,86.6,CVCV
hepa,86.6,CVCV
hior,86.6,CVVC
itar,86.6,VCVC
itic,86.6,VCVC
jino,86.6,CVCV
kone,86.6,CVCV
lten,86.6,CCVC
mata,86.6,CVCV
mihe,86.6,CVCV
mohe,86.6,CVCV
nani,86.6,CVCV
nena,86.6,CVCV
nihe,86.6,CVCV
pahe,86.6,CVCV
pana,86.6,CVCV
qare,86.6,CVCV
sahe,86.6,CVCV
sana,86.6,CVCV
sern,86.6,CVCC
sers,86.6,CVCC
sinu,86.6,CVCV
tial,86.6,CVVC
titr,86.6,CVCC
toat,86.6,CVVC
tont,86.6,CVCC
veat,86.6,CVVC
veda,86.6,CVCV
vedi,86.6,CVCV
vini,86.6,CVCV
vone,86.6,CVCV
wini,86.6,CVCV
wone,86.6,CVCV
ange,86.4,VCCV
asto,86.4,VCCV
bede,86.4,CVCV
beru,86.4,CVCV
cale,86.4,CVCV
ceno,86.4,CVCV
cofo,86.4,CVCV
coti,86.4,CVCV
denu,86.4,CVCV
elen,86.4,VCVC
fahe,86.4,CVCV
fana,86.4,CVCV
fehe,86.4,CVCV
fihe,86.4,CVCV
fure,86.4,CVCV
gano,86.4,CVCV
hefa,86.4,CVCV
hefe,86.4,CVCV
hefi,86.4,CVCV
icer,86.4,VCVC
iler,86.4,VCVC
inga,86.4,VCCV
ingi,86.4,VCCV
ingo,86.4,VCCV
isar,86.4,VCVC
jina,86.4,CVCV
jone,86.4,CVCV
kano,86.4,CVCV
neni,86.4,CVCV
oler,86.4,VCVC
pani,86.4,CVCV
rase,86.4,CVCV
sani,86.4,CVCV
tica,86.4,CVCV
tisl,86.4,CVCC
uler,86.4,VCVC
vedo,86.4,CVCV
vesu,86.4,CVCV
yino,86.4,CVCV
alar,86.2,VCVC
bano,86.2,CVCV
best,86.2,CVCC
bure,86.2,CVCV
cata,86.2,CVCV
cena,86.2,CVCV
cofa,86.2,CVCV
cofe,86.2,CVCV
cofi,86.2,CVCV
fani,86.2,CVCV
fene,86.2,CVCV
fuhe,86.2,CVCV
gahe,86.2,CVCV
gana,86.2,CVCV
gihe,86.2,CVCV
gohe,86.2,CVCV
hefu,86.2,CVCV
hega,86.2,CVCV
hegi,86.2,CVCV
hego,86.2,CVCV
heka,86.2,CVCV
heke,86.2,CVCV
heki,86.2,CVCV
hist,86.2,CVCC
jini,86.2,CVCV
kahe,86.2,CVCV
kana,86.2,CVCV
kehe,86.2,CVCV
kihe,86.2,CVCV
kure,86.2,CVCV
lale,86.2,CVCV
nesi,86.2,CVCV
orte,86.2,VCCV
rior,86.2,CVVC
tale,86.2,CVCV
teis,86.2,CVVC
tiar,86.2,CVVC
tism,86.2,CVCC
tisn,86.2,CVCC
toen,86.2,CVVC
vano,86.2,CVCV
wano,86.2,CVCV
yina,86.2,CVCV
yone,86.2,CVCV
ased,86.2,VCVC
cten,86.2,CCVC
ften,86.2,CCVC
ired,86.2,VCVC
anse,86.0,VCCV
aver,86.0,VCVC
bahe,86.0,CVCV
bana,86.0,CVCV
beno,86.0,CVCV
bihe,86.0,CVCV
bohe,86.0,CVCV
buhe,86.0,CVCV
ceni,86.0,CVCV
cino,86.0,CVCV
cofu,86.0,CVCV
dion,86.0,CVVC
erom,86.0,VCVC
ever,86.0,VCVC
gani,86.0,CVCV
hale,86.0,CVCV
heba,86.0,CVCV
hebi,86.0,CVCV
hebo,86.0,CVCV
hebu,86.0,CVCV
heko,86.0,CVCV
heku,86.0,CVCV
heof,86.0,CVVC
heva,86.0,CVCV
hevi,86.0,CVCV
hevo,86.0,CVCV
hewa,86.0,CVCV
hewe,86.0,CVCV
hewi,86.0,CVCV
hewo,86.0,CVCV
hono,86.0,CVCV
hori,86.0,CVCV
inel,86.0,VCVC
itom,86.0,VCVC
iver,86.0,VCVC
jano,86.0,CVCV
jure,86.0,CVCV
kani,86.0,CVCV
kene,86.0,CVCV
kohe,86.0,CVCV
kuhe,86.0,CVCV
lata,86.0,CVCV
lete,86.0,CVCV
lire,86.0,CVCV
manu,86.0,CVCV
meti,86.0,CVCV
nono,86.0,CVCV
nori,86.0,CVCV
ofti,86.0,VCCV
osen,86.0,VCVC
over,86.0,VCVC
pino,86.0,CVCV
pten,86.0,CCVC
rece,86.0,CVCV
ronu,86.0,CVCV
stio,86.0,CCVV
tata,86.0,CVCV
tedr,86.0,CVCC
thea,86.0,CCVV
thei,86.0,CCVV
theo,86.0,CCVV
theu,86.0,CCVV
thio,86.0,CCVV
time,86.0,CVCV
tiof,86.0,CVVC
toto,86.0,CVCV
usen,86.0,VCVC
uver,86.0,VCVC
vahe,86.0,CVCV
vana,86.0,CVCV
vihe,86.0,CVCV
vohe,86.0,CVCV
wahe,86.0,CVCV
wana,86.0,CVCV
wehe,86.0,CVCV
wihe,86.0,CVCV
wohe,86.0,CVCV
yini,86.0,CVCV
ateb,85.8,VCVC
atec,85.8,VCVC
atef,85.8,VCVC
ateg,85.8,VCVC
ateh,85.8,VCVC
atej,85.8,VCVC
atek,85.8,VCVC
atep,85.8,VCVC
atev,85.8,VCVC
atew,85.8,VCVC
atey,85.8,VCVC
bani,85.8,CVCV
bena,85.8,CVCV
cesi,85.8,CVCV
cina,85.8,CVCV
dale,85.8,CVCV
dinu,85.8,CVCV
hata,85.8,CVCV
heja,85.8,CVCV
heje,85.8,CVCV
hejo,85.8,CVCV
heju,85.8,CVCV
hona,85.8,CVCV
jahe,85.8,CVCV
jana,85.8,CVCV
jehe,85.8,CVCV
johe,85.8,CVCV
juhe,85.8,CVCV
lein,85.8,CVVC
lono,85.8,CVCV
lori,85.8,CVCV
meat,85.8,CVVC
meda,85.8,CVCV
medi,85.8,CVCV
mion,85.8,CVVC
nale,85.8,CVCV
nger,85.8,CCVC
nion,85.8,CVVC
nona,85.8,CVCV
ntes,85.8,CCVC
pina,85.8,CVCV
rist,85.8,CVCC
seon,85.8,CVVC
sono,85.8,CVCV
sori,85.8,CVCV
teas,85.8,CVVC
teit,85.8,CVVC
vani,85.8,CVCV
wani,85.8,CVCV
wene,85.8,CVCV
yano,85.8,CVCV
anga,85.6,VCCV
angi,85.6,VCCV
ango,85.6,VCCV
beni,85.6,CVCV
canu,85.6,CVCV
cini,85.6,CVCV
coru,85.6,CVCV
data,85.6,CVCV
deti,85.6,CVCV
dono,85.6,CVCV
dori,85.6,CVCV
elin,85.6,VCVC
erse,85.6,VCCV
esas,85.6,VCVC
esof,85.6,VCVC
etor,85.6,VCVC
fion,85.6,CVVC
fono,85.6,CVCV
fori,85.6,CVCV
gede,85.6,CVCV
geru,85.6,CVCV
heji,85.6,CVCV
heya,85.6,CVCV
heye,85.6,CVCV
heyo,85.6,CVCV
honi,85.6,CVCV
horo,85.6,CVCV
jani,85.6,CVCV
jene,85.6,CVCV
jihe,85.6,CVCV
lona,85.6,CVCV
mase,85.6,CVCV
medo,85.6,CVCV
mesu,85.6,CVCV
minu,85.6,CVCV
mono,85.6,CVCV
mori,85.6,CVCV
nata,85.6,CVCV
ninu,85.6,CVCV
noni,85.6,CVCV
noro,85.6,CVCV
onto,85.6,VCCV
otor,85.6,VCVC
pale,85.6,CVCV
pede,85.6,CVCV
peru,85.6,CVCV
pini,85.6,CVCV
pone,85.6,CVCV
rebe,85.6,CVCV
rema,85.6,CVCV
reof,85.6,CVVC
rtes,85.6,CCVC
sale,85.6,CVCV
sona,85.6,CVCV
teve,85.6,CVCV
thou,85.6,CCVV
tide,85.6,CVCV
utor,85.6,VCVC
vete,85.6,CVCV
yahe,85.6,CVCV
yana,85.6,CVCV
yehe,85.6,CVCV
yohe,85.6,CVCV
yure,85.6,CVCV
asor,85.4,VCVC
besi,85.4,CVCV
deat,85.4,CVVC
deda,85.4,CVCV
dedi,85.4,CVCV
dona,85.4,CVCV
fale,85.4,CVCV
finu,85.4,CVCV
fona,85.4,CVCV
gest,85.4,CVCC
gion,85.4,CVVC
heyi,85.4,CVCV
heyu,85.4,CVCV
hisi,85.4,CVCV
kion,85.4,CVVC
lanu,85.4,CVCV
loni,85.4,CVCV
loro,85.4,CVCV
ltes,85.4,CCVC
mona,85.4,CVCV
nean,85.4,CVVC
neso,85.4,CVCV
ngin,85.4,CCVC
nser,85.4,CCVC
pata,85.4,CVCV
pest,85.4,CVCC
sata,85.4,CVCV
serl,85.4,CVCC
serm,85.4,CVCC
sire,85.4,CVCV
soni,85.4,CVCV
soro,85.4,CVCV
tanu,85.4,CVCV
teen,85.4,CVVC
vein,85.4,CVVC
yani,85.4,CVCV
yene,85.4,CVCV
yihe,85.4,CVCV
yuhe,85.4,CVCV
ziti,85.4,CVCV
amer,85.2,VCVC
anel,85.2,VCVC
bion,85.2,CVVC
case,85.2,CVCV
cote,85.2,CVCV
cure,85.2,CVCV
dedo,85.2,CVCV
desu,85.2,CVCV
doni,85.2,CVCV
doro,85.2,CVCV
dure,85.2,CVCV
eles,85.2,VCVC
emer,85.2,VCVC
fata,85.2,CVCV
foni,85.2,CVCV
foro,85.2,CVCV
gale,85.2,CVCV
geno,85.2,CVCV
ginu,85.2,CVCV
gono,85.2,CVCV
gori,85.2,CVCV
gure,85.2,CVCV
hanu,85.2,CVCV
hora,85.2,CVCV
hure,85.2,CVCV
ican,85.2,VCVC
icor,85.2,VCVC
imer,85.2,VCVC
ingu,85.2,VCCV
isel,85.2,VCVC
kale,85.2,CVCV
kinu,85.2,CVCV
ledu,85.2,CVCV
lure,85.2,CVCV
moni,85.2,CVCV
moro,85.2,CVCV
mure,85.2,CVCV
nesa,85.2,CVCV
nora,85.2,CVCV
nure,85.2,CVCV
omen,85.2,VCVC
onge,85.2,VCCV
peno,85.2,CVCV
pure,85.2,CVCV
ratu,85.2,CVCV
reca,85.2,CVCV
relu,85.2,CVCV
rure,85.2,CVCV
stat,85.2,CCVC
sure,85.2,CVCV
teco,85.2,CVCV
tihi,85.2,CVCV
ture,85.2,CVCV
umer,85.2,VCVC
uran,85.2,VCVC
vion,85.2,CVVC
vure,85.2,CVCV
wion,85.2,CVVC
wure,85.2,CVCV
xiti,85.2,CVCV
bale,85.0,CVCV
binu,85.0,CVCV
bono,85.0,CVCV
bori,85.0,CVCV
cean,85.0,CVVC
ceso,85.0,CVCV
cihe,85.0,CVCV
coin,85.0,CVVC
ctes,85.0,CCVC
cuhe,85.0,CVCV
danu,85.0,CVCV
duhe,85.0,CVCV
fede,85.0,CVCV
feru,85.0,CVCV
ftes,85.0,CCVC
gata,85.0,CVCV
gena,85.0,CVCV
gona,85.0,CVCV
guhe,85.0,CVCV
heci,85.0,CVCV
hecu,85.0,CVCV
hegu,85.0,CVCV
hehu,85.0,CVCV
hemu,85.0,CVCV
hepi,85.0,CVCV
hepo,85.0,CVCV
hepu,85.0,CVCV
hess,85.0,CVCC
hetu,85.0,CVCV
hevu,85.0,CVCV
hewu,85.0,CVCV
huhe,85.0,CVCV
kata,85.0,CVCV
kono,85.0,CVCV
kori,85.0,CVCV
lase,85.0,CVCV
lior,85.0,CVVC
lora,85.0,CVCV
luhe,85.0,CVCV
muhe,85.0,CVCV
nanu,85.0,CVCV
ntis,85.0,CCVC
nuhe,85.0,CVCV
pena,85.0,CVCV
pihe,85.0,CVCV
pohe,85.0,CVCV
puhe,85.0,CVCV
qiti,85.0,CVCV
ress,85.0,CVCC
reta,85.0,CVCV
risi,85.0,CVCV
ruhe,85.0,CVCV
sens,85.0,CVCC
sora,85.0,CVCV
suhe,85.0,CVCV
tase,85.0,CVCV
tiom,85.0,CVVC
tits,85.0,CVCC
toes,85.0,CVVC
tuhe,85.0,CVCV
vale,85.0,CVCV
vinu,85.0,CVCV
vono,85.0,CVCV
vori,85.0,CVCV
vuhe,85.0,CVCV
wale,85.0,CVCV
winu,85.0,CVCV
wono,85.0,CVCV
wori,85.0,CVCV
wuhe,85.0,CVCV
zato,85.0,CVCV
ader,84.8,VCVC
ahin,84.8,VCVC
alti,84.8,VCCV
bata,84.8,CVCV
bona,84.8,CVCV
cesa,84.8,CVCV
dora,84.8,CVCV
ehin,84.8,VCVC
ento,84.8,VCCV
esem,84.8,VCVC
eset,84.8,VCVC
fest,84.8,CVCC
fora,84.8,CVCV
geni,84.8,CVCV
goni,84.8,CVCV
goro,84.8,CVCV
hase,84.8,CVCV
ider,84.8,VCVC
ihin,84.8,VCVC
jale,84.8,CVCV
jion,84.8,CVVC
jono,84.8,CVCV
jori,84.8,CVCV
kede,84.8,CVCV
keru,84.8,CVCV
kona,84.8,CVCV
lert,84.8,CVCC
mete,84.8,CVCV
mora,84.8,CVCV
nenu,84.8,CVCV
oder,84.8,VCVC
ofte,84.8,VCCV
ohin,84.8,VCVC
onse,84.8,VCCV
oses,84.8,VCVC
panu,84.8,CVCV
peni,84.8,CVCV
ptes,84.8,CCVC
rari,84.8,CVCV
rege,84.8,CVCV
reha,84.8,CVCV
reho,84.8,CVCV
repe,84.8,CVCV
rtis,84.8,CCVC
sanu,84.8,CVCV
seto,84.8,CVCV
teli,84.8,CVCV
teme,84.8,CVCV
tiri,84.8,CVCV
tose,84.8,CVCV
uder,84.8,VCVC
uhin,84.8,VCVC
uses,84.8,VCVC
vata,84.8,CVCV
vedu,84.8,CVCV
vona,84.8,CVCV
wata,84.8,CVCV
wona,84.8,CVCV
xato,84.8,CVCV
areb,84.6,VCVC
arec,84.6,VCVC
aref,84.6,VCVC
areg,84.6,VCVC
areh,84.6,VCVC
arej,84.6,VCVC
arek,84.6,VCVC
arep,84.6,VCVC
arev,84.6,VCVC
arew,84.6,VCVC
arey,84.6,VCVC
arof,84.6,VCVC
arti,84.6,VCCV
asis,84.6,VCVC
bean,84.6,CVVC
beso,84.6,CVCV
boni,84.6,CVCV
boro,84.6,CVCV
coer,84.6,CVVC
dase,84.6,CVCV
dire,84.6,CVCV
esta,84.6,VCCV
fanu,84.6,CVCV
feno,84.6,CVCV
gesi,84.6,CVCV
hiso,84.6,CVCV
hita,84.6,CVCV
jata,84.6,CVCV
jinu,84.6,CVCV
jona,84.6,CVCV
kest,84.6,CVCC
koni,84.6,CVCV
koro,84.6,CVCV
lern,84.6,CVCC
lers,84.6,CVCC
list,84.6,CVCC
ltis,84.6,CCVC
mein,84.6,CVVC
nase,84.6,CVCV
ngan,84.6,CCVC
ntit,84.6,CCVC
nton,84.6,CCVC
pesi,84.6,CVCV
qato,84.6,CVCV
rser,84.6,CCVC
seal,84.6,CVVC
sent,84.6,CVCC
voni,84.6,CVCV
voro,84.6,CVCV
wede,84.6,CVCV
weru,84.6,CVCV
woni,84.6,CVCV
woro,84.6,CVCV
yale,84.6,CVCV
yion,84.6,CVVC
yono,84.6,CVCV
yori,84.6,CVCV
angu,84.4,VCCV
aras,84.4,VCVC
besa,84.4,CVCV
cenu,84.4,CVCV
dete,84.4,CVCV
enge,84.4,VCCV
fena,84.4,CVCV
ganu,84.4,CVCV
gora,84.4,CVCV
hisa,84.4,CVCV
inom,84.4,VCVC
irin,84.4,VCVC
jede,84.4,CVCV
jeru,84.4,CVCV
joni,84.4,CVCV
joro,84.4,CVCV
kanu,84.4,CVCV
keno,84.4,CVCV
lser,84.4,CCVC
matu,84.4,CVCV
mire,84.4,CVCV
nire,84.4,CVCV
oman,84.4,VCVC
onga,84.4,VCCV
ongi,84.4,VCCV
ongo,84.4,VCCV
pase,84.4,CVCV
raro,84.4,CVCV
refo,84.4,CVCV
remi,84.4,CVCV
remo,84.4,CVCV
repa,84.4,CVCV
rofo,84.4,CVCV
roti,84.4,CVCV
rtit,84.4,CCVC
rton,84.4,CCVC
sase,84.4,CVCV
sior,84.4,CVVC
tiro,84.4,CVCV
uron,84.4,VCVC
vert,84.4,CVCC
west,84.4,CVCC
yata,84.4,CVCV
yinu,84.4,CVCV
yona,84.4,CVCV
asit,84.2,VCVC
banu,84.2,CVCV
bora,84.2,CVCV
cion,84.2,CVVC
coan,84.2,CVVC
ctis,84.2,CCVC
dein,84.2,CVVC
edas,84.2,VCVC
fase,84.2,CVCV
feni,84.2,CVCV
fire,84.2,CVCV
ftis,84.2,CCVC
jest,84.2,CVCC
kena,84.2,CVCV
kora,84.2,CVCV
ltit,84.2,CCVC
lton,84.2,CCVC
ofas,84.2,VCVC
ofof,84.2,VCVC
pion,84.2,CVVC
refa,84.2,CVCV
refe,84.2,CVCV
refi,84.2,CVCV
riso,84.2,CVCV
rita,84.2,CVCV
rofa,84.2,CVCV
rofe,84.2,CVCV
rofi,84.2,CVCV
sear,84.2,CVVC
tees,84.2,CVVC
vanu,84.2,CVCV
vern,84.2,CVCC
vers,84.2,CVCC
vora,84.2,CVCV
wanu,84.2,CVCV
weno,84.2,CVCV
wora,84.2,CVCV
yede,84.2,CVCV
yeru,84.2,CVCV
yoni,84.2,CVCV
yoro,84.2,CVCV
zite,84.2,CVCV
acon,84.0,VCVC
bath,84.0,CVCC
benu,84.0,CVCV
bith,84.0,CVCC
cath,84.0,CVCC
catu,84.0,CVCV
cinu,84.0,CVCV
cith,84.0,CVCC
cong,84.0,CVCC
dath,84.0,CVCC
dith,84.0,CVCC
econ,84.0,VCVC
ense,84.0,VCCV
eril,84.0,VCVC
erim,84.0,VCVC
erir,84.0,VCVC
fath,84.0,CVCC
fesi,84.0,CVCV
fith,84.0,CVCC
gase,84.0,CVCV
gath,84.0,CVCC
gire,84.0,CVCV
gith,84.0,CVCC
hath,84.0,CVCC
hedw,84.0,CVCC
henc,84.0,CVCC
hend,84.0,CVCC
heng,84.0,CVCC
henk,84.0,CVCC
herb,84.0,CVCC
herc,84.0,CVCC
herd,84.0,CVCC
herf,84.0,CVCC
herg,84.0,CVCC
herk,84.0,CVCC
herp,84.0,CVCC
herv,84.0,CVCC
hesc,84.0,CVCC
hesh,84.0,CVCC
hesk,84.0,CVCC
hesp,84.0,CVCC
hesw,84.0,CVCC
heth,84.0,CVCC
hing,84.0,CVCC
hith,84.0,CVCC
honu,84.0,CVCV
icen,84.0,VCVC
ilen,84.0,VCVC
janu,84.0,CVCV
jath,84.0,CVCC
jeno,84.0,CVCV
jith,84.0,CVCC
jora,84.0,CVCV
kase,84.0,CVCV
kath,84.0,CVCC
keni,84.0,CVCV
kire,84.0,CVCV
kith,84.0,CVCC
lath,84.0,CVCC
leng,84.0,CVCC
ling,84.0,CVCC
lith,84.0,CVCC
mari,84.0,CVCV
math,84.0,CVCC
medu,84.0,CVCV
meng,84.0,CVCC
mith,84.0,CVCC
nath,84.0,CVCC
neti,84.0,CVCV
nith,84.0,CVCC
nonu,84.0,CVCV
ocon,84.0,VCVC
olen,84.0,VCVC
omes,84.0,VCVC
omin,84.0,VCVC
onel,84.0,VCVC
path,84.0,CVCC
pinu,84.0,CVCV
pith,84.0,CVCC
pono,84.0,CVCV
pori,84.0,CVCV
ptis,84.0,CCVC
rali,84.0,CVCV
rang,84.0,CVCC
rara,84.0,CVCV
rath,84.0,CVCC
refu,84.0,CVCV
rega,84.0,CVCV
regi,84.0,CVCV
rego,84.0,CVCV
reka,84.0,CVCV
reke,84.0,CVCV
reki,84.0,CVCV
renc,84.0,CVCC
rend,84.0,CVCC
reng,84.0,CVCC
renk,84.0,CVCC
rerb,84.0,CVCC
rerc,84.0,CVCC
rerd,84.0,CVCC
rerf,84.0,CVCC
rerg,84.0,CVCC
rerk,84.0,CVCC
rerp,84.0,CVCC
rerv,84.0,CVCC
resc,84.0,CVCC
resh,84.0,CVCC
resk,84.0,CVCC
resp,84.0,CVCC
resw,84.0,CVCC
reth,84.0,CVCC
ring,84.0,CVCC
risa,84.0,CVCV
rith,84.0,CVCC
rofu,84.0,CVCV
sath,84.0,CVCC
sele,84.0,CVCV
seng,84.0,CVCC
sist,84.0,CVCC
sith,84.0,CVCC
stou,84.0,CCVV
tath,84.0,CVCC
tehi,84.0,CVCV
tend,84.0,CVCC
teng,84.0,CVCC
terb,84.0,CVCC
terc,84.0,CVCC
terd,84.0,CVCC
terf,84.0,CVCC
terg,84.0,CVCC
terk,84.0,CVCC
terp,84.0,CVCC
terv,84.0,CVCC
teth,84.0,CVCC
tici,84.0,CVCV
ticu,84.0,CVCV
tinc,84.0,CVCC
tind,84.0,CVCC
ting,84.0,CVCC
tink,84.0,CVCC
tira,84.0,CVCV
tith,84.0,CVCC
tome,84.0,CVCV
tong,84.0,CVCC
tort,84.0,CVCC
toth,84.0,CVCC
ucon,84.0,VCVC
ulen,84.0,VCVC
vath,84.0,CVCC
veng,84.0,CVCC
vith,84.0,CVCC
wath,84.0,CVCC
wena,84.0,CVCV
with,84.0,CVCC
xite,84.0,CVCV
yath,84.0,CVCC
yest,84.0,CVCC
yith,84.0,CVCC
base,83.8,CVCV
bire,83.8,CVCV
ctit,83.8,CCVC
cton,83.8,CCVC
edof,83.8,VCVC
elan,83.8,VCVC
ftit,83.8,CCVC
fton,83.8,CCVC
gean,83.8,CVVC
geso,83.8,CVCV
hins,83.8,CVCC
itas,83.8,VCVC
jena,83.8,CVCV
kesi,83.8,CVCV
latu,83.8,CVCV
leon,83.8,CVVC
lisi,83.8,CVCV
lonu,83.8,CVCV
neat,83.8,CVVC
neda,83.8,CVCV
nedi,83.8,CVCV
pean,83.8,CVVC
peso,83.8,CVCV
pona,83.8,CVCV
qite,83.8,CVCV
reba,83.8,CVCV
rebi,83.8,CVCV
rebo,83.8,CVCV
rebu,83.8,CVCV
reko,83.8,CVCV
reku,83.8,CVCV
reva,83.8,CVCV
revi,83.8,CVCV
revo,83.8,CVCV
rewa,83.8,CVCV
rewe,83.8,CVCV
rewi,83.8,CVCV
rewo,83.8,CVCV
sing,83.8,CVCC
sonu,83.8,CVCV
tatu,83.8,CVCV
tela,83.8,CVCV
torn,83.8,CVCC
tors,83.8,CVCC
vase,83.8,CVCV
vire,83.8,CVCV
wase,83.8,CVCV
weni,83.8,CVCV
wire,83.8,CVCV
yanu,83.8,CVCV
yeno,83.8,CVCV
yora,83.8,CVCV
alte,83.6,VCCV
anom,83.6,VCVC
aven,83.6,VCVC
cari,83.6,CVCV
ceti,83.6,CVCV
dedu,83.6,CVCV
deng,83.6,CVCC
dior,83.6,CVVC
donu,83.6,CVCV
enga,83.6,VCCV
engi,83.6,VCCV
engo,83.6,VCCV
erol,83.6,VCVC
eros,83.6,VCVC
erot,83.6,VCVC
even,83.6,VCVC
fonu,83.6,CVCV
gesa,83.6,CVCV
hatu,83.6,CVCV
heam,83.6,CVVC
icat,83.6,VCVC
iche,83.6,VCCV
icin,83.6,VCVC
inem,83.6,VCVC
inet,83.6,VCVC
isas,83.6,VCVC
isof,83.6,VCVC
itol,83.6,VCVC
itos,83.6,VCVC
itot,83.6,VCVC
iven,83.6,VCVC
jase,83.6,CVCV
jeni,83.6,CVCV
maro,83.6,CVCV
mert,83.6,CVCC
monu,83.6,CVCV
nedo,83.6,CVCV
nesu,83.6,CVCV
ofed,83.6,VCVC
oven,83.6,VCVC
pesa,83.6,CVCV
poni,83.6,CVCV
poro,83.6,CVCV
ptit,83.6,CCVC
pton,83.6,CCVC
reja,83.6,CVCV
reje,83.6,CVCV
rejo,83.6,CVCV
reju,83.6,CVCV
roru,83.6,CVCV
tili,83.6,CVCV
urat,83.6,VCVC
urel,83.6,VCVC
uven,83.6,VCVC
wesi,83.6,CVCV
yena,83.6,CVCV
ahel,83.4,VCVC
alas,83.4,VCVC
arte,83.4,VCCV
ceat,83.4,CVVC
ceda,83.4,CVCV
cedi,83.4,CVCV
datu,83.4,CVCV
ehel,83.4,VCVC
hier,83.4,CVVC
hint,83.4,CVCC
ihel,83.4,VCVC
jesi,83.4,CVCV
jire,83.4,CVCV
lari,83.4,CVCV
lerl,83.4,CVCC
lerm,83.4,CVCC
mern,83.4,CVCC
mers,83.4,CVCC
mior,83.4,CVVC
natu,83.4,CVCV
ngen,83.4,CCVC
ngon,83.4,CCVC
nior,83.4,CVVC
ohel,83.4,VCVC
reji,83.4,CVCV
reya,83.4,CVCV
reye,83.4,CVCV
reyo,83.4,CVCV
rins,83.4,CVCC
seer,83.4,CVVC
seor,83.4,CVVC
tari,83.4,CVCV
telo,83.4,CVCV
tenk,83.4,CVCC
tias,83.4,CVVC
tiis,83.4,CVVC
tser,83.4,CCVC
uhel,83.4,VCVC
veon,83.4,CVVC
yase,83.4,CVCV
yeni,83.4,CVCV
beti,83.2,CVCV
caro,83.2,CVCV
cedo,83.2,CVCV
cesu,83.2,CVCV
dert,83.2,CVCC
dist,83.2,CVCC
enel,83.2,VCVC
eram,83.2,VCVC
fean,83.2,CVVC
feso,83.2,CVCV
fior,83.2,CVVC
genu,83.2,CVCV
gonu,83.2,CVCV
hari,83.2,CVCV
ilin,83.2,VCVC
mali,83.2,CVCV
mara,83.2,CVCV
olin,83.2,VCVC
ongu,83.2,VCCV
patu,83.2,CVCV
penu,83.2,CVCV
pora,83.2,CVCV
reyi,83.2,CVCV
reyu,83.2,CVCV
rote,83.2,CVCV
satu,83.2,CVCV
sisi,83.2,CVCV
stea,83.2,CCVV
tess,83.2,CVCC
tibe,83.2,CVCV
tima,83.2,CVCV
tofr,83.2,CVCC
ulin,83.2,VCVC
uner,83.2,VCVC
yesi,83.2,CVCV
yire,83.2,CVCV
mang,83.2,CVCC
redw,83.2,CVCC
rong,83.2,CVCC
atiq,83.0,VCVC
atix,83.0,VCVC
atiz,83.0,VCVC
beat,83.0,CVVC
beda,83.0,CVCV
bedi,83.0,CVCV
bonu,83.0,CVCV
cons,83.0,CVCC
dari,83.0,CVCV
dern,83.0,CVCC
ders,83.0,CVCC
ding,83.0,CVCC
ereq,83.0,VCVC
erex,83.0,VCVC
erez,83.0,VCVC
fatu,83.0,CVCV
fesa,83.0,CVCV
gior,83.0,CVVC
hian,83.0,CVVC
itib,83.0,VCVC
itid,83.0,VCVC
itif,83.0,VCVC
itig,83.0,VCVC
itih,83.0,VCVC
itij,83.0,VCVC
itik,83.0,VCVC
itip,83.0,VCVC
itiv,83.0,VCVC
itiw,83.0,VCVC
itiy,83.0,VCVC
kean,83.0,CVVC
keso,83.0,CVCV
kior,83.0,CVVC
konu,83.0,CVCV
laro,83.0,CVCV
lens,83.0,CVCC
liso,83.0,CVCV
lita,83.0,CVCV
mist,83.0,CVCC
nari,83.0,CVCV
ngat,83.0,CCVC
nist,83.0,CVCC
nsen,83.0,CCVC
oreq,83.0,VCVC
orex,83.0,VCVC
orez,83.0,VCVC
orto,83.0,VCCV
rala,83.0,CVCV
rier,83.0,CVVC
rint,83.0,CVCC
roin,83.0,CVVC
stel,83.0,CCVC
taro,83.0,CVCV
tesh,83.0,CVCC
tiit,83.0,CVVC
tofl,83.0,CVCC
tois,83.0,CVVC
toon,83.0,CVVC
verl,83.0,CVCC
verm,83.0,CVCC
vonu,83.0,CVCV
wonu,83.0,CVCV
acer,82.8,VCVC
alof,82.8,VCVC
amen,82.8,VCVC
anem,82.8,VCVC
anet,82.8,VCVC
asal,82.8,VCVC
bedo,82.8,CVCV
besu,82.8,CVCV
bior,82.8,CVVC
cali,82.8,CVCV
cang,82.8,CVCC
cara,82.8,CVCV
chin,82.8,CCVC
cire,82.8,CVCV
ecer,82.8,VCVC
emen,82.8,VCVC
ethi,82.8,VCCV
fist,82.8,CVCC
gatu,82.8,CVCV
haro,82.8,CVCV
hisu,82.8,CVCV
ices,82.8,VCVC
iles,82.8,VCVC
imen,82.8,VCVC
inde,82.8,VCCV
iran,82.8,VCVC
isem,82.8,VCVC
iset,82.8,VCVC
jonu,82.8,CVCV
katu,82.8,CVCV
kesa,82.8,CVCV
leto,82.8,CVCV
lisa,82.8,CVCV
ming,82.8,CVCC
nete,82.8,CVCV
ning,82.8,CVCC
ocer,82.8,VCVC
oles,82.8,VCVC
omat,82.8,VCVC
osti,82.8,VCCV
othi,82.8,VCCV
pari,82.8,CVCV
pire,82.8,CVCV
reci,82.8,CVCV
recu,82.8,CVCV
regu,82.8,CVCV
rehu,82.8,CVCV
remu,82.8,CVCV
repi,82.8,CVCV
repo,82.8,CVCV
repu,82.8,CVCV
retu,82.8,CVCV
revu,82.8,CVCV
rewu,82.8,CVCV
sari,82.8,CVCV
sesl,82.8,CVCC
seth,82.8,CVCC
tied,82.8,CVVC
tole,82.8,CVCV
ucer,82.8,VCVC
ules,82.8,VCVC
umen,82.8,VCVC
usti,82.8,VCCV
uthi,82.8,VCCV
vior,82.8,CVVC
wean,82.8,CVVC
weso,82.8,CVCV
wior,82.8,CVVC
atob,82.6,VCVC
atoc,82.6,VCVC
atod,82.6,VCVC
atog,82.6,VCVC
atoh,82.6,VCVC
atoj,82.6,VCVC
atok,82.6,VCVC
atop,82.6,VCVC
atov,82.6,VCVC
atow,82.6,VCVC
atoy,82.6,VCVC
batu,82.6,CVCV
bler,82.6,CCVC
cler,82.6,CCVC
coat,82.6,CVVC
cont,82.6,CVCC
daro,82.6,CVCV
eric,82.6,VCVC
eted,82.6,VCVC
fari,82.6,CVCV
fenu,82.6,CVCV
fing,82.6,CVCC
fler,82.6,CCVC
gist,82.6,CVCC
ista,82.6,VCCV
jean,82.6,CVVC
jeso,82.6,CVCV
kist,82.6,CVCC
lali,82.6,CVCV
lang,82.6,CVCC
lara,82.6,CVCV
leal,82.6,CVVC
lent,82.6,CVCC
meon,82.6,CVVC
naro,82.6,CVCV
nein,82.6,CVVC
osin,82.6,VCVC
oted,82.6,VCVC
pler,82.6,CCVC
rain,82.6,CVVC
ralo,82.6,CVCV
rian,82.6,CVVC
roer,82.6,CVVC
sesm,82.6,CVCC
sesn,82.6,CVCC
tali,82.6,CVCV
tang,82.6,CVCC
tara,82.6,CVCV
tila,82.6,CVCV
tiol,82.6,CVVC
tios,82.6,CVVC
tiot,82.6,CVVC
toft,82.6,CVCC
toit,82.6,CVVC
torl,82.6,CVCC
torm,82.6,CVCC
usin,82.6,VCVC
uted,82.6,VCVC
vatu,82.6,CVCV
vens,82.6,CVCC
watu,82.6,CVCV
wesa,82.6,CVCV
yonu,82.6,CVCV
aber,82.4,VCVC
aden,82.4,VCVC
alel,82.4,VCVC
asar,82.4,VCVC
atse,82.4,VCCV
aves,82.4,VCVC
bist,82.4,CVCC
cete,82.4,CVCV
disi,82.4,CVCV
eber,82.4,VCVC
engu,82.4,VCCV
erle,82.4,VCCV
estu,82.4,VCCV
eves,82.4,VCVC
gari,82.4,CVCV
geti,82.4,CVCV
ging,82.4,CVCC
gler,82.4,CCVC
hali,82.4,CVCV
hang,82.4,CVCC
hara,82.4,CVCV
heom,82.4,CVVC
heur,82.4,CVVC
hitu,82.4,CVCV
hofo,82.4,CVCV
hoti,82.4,CVCV
iber,82.4,VCVC
iden,82.4,VCVC
inur,82.4,VCVC
ives,82.4,VCVC
jatu,82.4,CVCV
jesa,82.4,CVCV
jior,82.4,CVVC
kari,82.4,CVCV
kenu,82.4,CVCV
king,82.4,CVCC
nofo,82.4,CVCV
noti,82.4,CVCV
ober,82.4,VCVC
oden,82.4,VCVC
onom,82.4,VCVC
oves,82.4,VCVC
paro,82.4,CVCV
peti,82.4,CVCV
risu,82.4,CVCV
saro,82.4,CVCV
siso,82.4,CVCV
sita,82.4,CVCV
sler,82.4,CCVC
tece,82.4,CVCV
tenc,82.4,CVCC
tige,82.4,CVCV
tiha,82.4,CVCV
tiho,82.4,CVCV
tipe,82.4,CVCV
tiss,82.4,CVCC
tove,82.4,CVCV
uber,82.4,VCVC
uden,82.4,VCVC
uves,82.4,VCVC
veto,82.4,CVCV
vist,82.4,CVCC
wist,82.4,CVCC
yean,82.4,CVVC
yeso,82.4,CVCV
bari,82.2,CVCV
bing,82.2,CVCC
cein,82.2,CVVC
coen,82.2,CVVC
dali,82.2,CVCV
dang,82.2,CVCC
dara,82.2,CVCV
deon,82.2,CVVC
elat,82.2,VCVC
elon,82.2,VCVC
erde,82.2,VCCV
faro,82.2,CVCV
geat,82.2,CVVC
geda,82.2,CVCV
gedi,82.2,CVCV
hofa,82.2,CVCV
hofe,82.2,CVCV
hofi,82.2,CVCV
lear,82.2,CVVC
lins,82.2,CVCC
lofo,82.2,CVCV
loti,82.2,CVCV
mala,82.2,CVCV
merl,82.2,CVCC
merm,82.2,CVCC
misi,82.2,CVCV
nali,82.2,CVCV
nang,82.2,CVCC
nara,82.2,CVCV
nges,82.2,CCVC
nisi,82.2,CVCV
nofa,82.2,CVCV
nofe,82.2,CVCV
nofi,82.2,CVCV
ntor,82.2,CCVC
peat,82.2,CVVC
peda,82.2,CVCV
pedi,82.2,CVCV
raer,82.2,CVVC
roan,82.2,CVVC
rsen,82.2,CCVC
sisa,82.2,CVCV
sofo,82.2,CVCV
soti,82.2,CVCV
tesc,82.2,CVCC
tesk,82.2,CVCC
tesp,82.2,CVCC
tida,82.2,CVCV
tidi,82.2,CVCV
tilo,82.2,CVCV
tish,82.2,CVCC
toal,82.2,CVVC
vari,82.2,CVCV
veal,82.2,CVVC
vent,82.2,CVCC
ving,82.2,CVCC
wari,82.2,CVCV
wenu,82.2,CVCV
wing,82.2,CVCC
yatu,82.2,CVCV
yesa,82.2,CVCV
yior,82.2,CVVC
zese,82.2,CVCV
aman,82.0,VCVC
ande,82.0,VCCV
bete,82.0,CVCV
bred,82.0,CCVC
ched,82.0,CCVC
coto,82.0,CVCV
cred,82.0,CCVC
dofo,82.0,CVCV
doti,82.0,CVCV
dred,82.0,CCVC
edel,82.0,VCVC
eman,82.0,VCVC
erur,82.0,VCVC
erve,82.0,VCCV
fisi,82.0,CVCV
fofo,82.0,CVCV
foti,82.0,CVCV
fred,82.0,CCVC
garo,82.0,CVCV
gedo,82.0,CVCV
gesu,82.0,CVCV
ghed,82.0,CCVC
gred,82.0,CCVC
heed,82.0,CVVC
hofu,82.0,CVCV
iman,82.0,VCVC
inco,82.0,VCCV
inol,82.0,VCVC
inos,82.0,VCVC
inot,82.0,VCVC
iron,82.0,VCVC
jari,82.0,CVCV
jenu,82.0,CVCV
jist,82.0,CVCC
karo,82.0,CVCV
lele,82.0,CVCV
lofa,82.0,CVCV
lofe,82.0,CVCV
lofi,82.0,CVCV
lsen,82.0,CCVC
mofo,82.0,CVCV
moti,82.0,CVCV
nedu,82.0,CVCV
neng,82.0,CVCC
nofu,82.0,CVCV
omon,82.0,VCVC
orom,82.0,VCVC
pali,82.0,CVCV
pang,82.0,CVCC
para,82.0,CVCV
pedo,82.0,CVCV
pesu,82.0,CVCV
phed,82.0,CCVC
ponu,82.0,CVCV
pred,82.0,CCVC
ritu,82.0,CVCV
rtor,82.0,CCVC
sali,82.0,CVCV
sang,82.0,CVCC
sara,82.0,CVCV
shed,82.0,CCVC
sofa,82.0,CVCV
sofe,82.0,CVCV
sofi,82.0,CVCV
sted,82.0,CCVC
stof,82.0,CCVC
tebe,82.0,CVCV
tema,82.0,CVCV
teof,82.0,CVVC
tesw,82.0,CVCC
theb,82.0,CCVC
thec,82.0,CCVC
thed,82.0,CCVC
thee,82.0,CCVV
thef,82.0,CCVC
theg,82.0,CCVC
theh,82.0,CCVC
thej,82.0,CCVC
thek,82.0,CCVC
thep,82.0,CCVC
thev,82.0,CCVC
thew,82.0,CCVC
they,82.0,CCVC
thof,82.0,CCVC
tido,82.0,CVCV
tifo,82.0,CVCV
timi,82.0,CVCV
timo,82.0,CVCV
tipa,82.0,CVCV
toco,82.0,CVCV
tred,82.0,CCVC
uman,82.0,VCVC
uror,82.0,VCVC
whed,82.0,CCVC
xese,82.0,CVCV
adin,81.8,VCVC
ateq,81.8,VCVC
atex,81.8,VCVC
atez,81.8,VCVC
baro,81.8,CVCV
bein,81.8,CVVC
cala,81.8,CVCV
cior,81.8,CVVC
derl,81.8,CVCC
derm,81.8,CVCC
dofa,81.8,CVCV
dofe,81.8,CVCV
dofi,81.8,CVCV
fali,81.8,CVCV
fang,81.8,CVCC
fara,81.8,CVCV
feti,81.8,CVCV
fofa,81.8,CVCV
fofe,81.8,CVCV
fofi,81.8,CVCV
gisi,81.8,CVCV
idin,81.8,VCVC
inam,81.8,VCVC
iteb,81.8,VCVC
itec,81.8,VCVC
itef,81.8,VCVC
iteg,81.8,VCVC
iteh,81.8,VCVC
itej,81.8,VCVC
itek,81.8,VCVC
itep,81.8,VCVC
itev,81.8,VCVC
itew,81.8,VCVC
itey,81.8,VCVC
jing,81.8,CVCC
kisi,81.8,CVCV
lier,81.8,CVVC
lint,81.8,CVCC
lofu,81.8,CVCV
ltor,81.8,CCVC
main,81.8,CVVC
malo,81.8,CVCV
mens,81.8,CVCC
mofa,81.8,CVCV
mofe,81.8,CVCV
mofi,81.8,CVCV
nses,81.8,CCVC
odin,81.8,VCVC
pior,81.8,CVVC
qese,81.8,CVCV
rans,81.8,CVCC
seis,81.8,CVVC
serd,81.8,CVCC
sofu,81.8,CVCV
stil,81.8,CCVC
stim,81.8,CCVC
stir,81.8,CCVC
thil,81.8,CCVC
thim,81.8,CCVC
thir,81.8,CCVC
tifa,81.8,CVCV
tife,81.8,CVCV
tifi,81.8,CVCV
toar,81.8,CVVC
udin,81.8,VCVC
varo,81.8,CVCV
vear,81.8,CVVC
waro,81.8,CVCV
wred,81.8,CCVC
yari,81.8,CVCV
yenu,81.8,CVCV
yist,81.8,CVCC
acan,81.6,VCVC
acor,81.6,VCVC
ager,81.6,VCVC
ames,81.6,VCVC
amin,81.6,VCVC
anur,81.6,VCVC
aper,81.6,VCVC
bisi,81.6,CVCV
cedu,81.6,CVCV
ceng,81.6,CVCC
chea,81.6,CCVV
diso,81.6,CVCV
dita,81.6,CVCV
dofu,81.6,CVCV
ecan,81.6,VCVC
ecor,81.6,VCVC
eger,81.6,VCVC
emes,81.6,VCVC
emin,81.6,VCVC
enom,81.6,VCVC
eper,81.6,VCVC
erco,81.6,VCCV
feat,81.6,CVVC
feda,81.6,CVCV
fedi,81.6,CVCV
fofu,81.6,CVCV
futi,81.6,CVCV
gali,81.6,CVCV
gang,81.6,CVCC
gara,81.6,CVCV
gofo,81.6,CVCV
goti,81.6,CVCV
helt,81.6,CVCC
horu,81.6,CVCV
iger,81.6,VCVC
imes,81.6,VCVC
imin,81.6,VCVC
inil,81.6,VCVC
inim,81.6,VCVC
inir,81.6,VCVC
iper,81.6,VCVC
jaro,81.6,CVCV
kali,81.6,CVCV
kang,81.6,CVCC
kara,81.6,CVCV
keti,81.6,CVCV
lala,81.6,CVCV
meto,81.6,CVCV
mofu,81.6,CVCV
nert,81.6,CVCC
noru,81.6,CVCV
ocan,81.6,VCVC
ocor,81.6,VCVC
ofto,81.6,VCCV
oger,81.6,VCVC
onem,81.6,VCVC
onet,81.6,VCVC
oper,81.6,VCVC
orse,81.6,VCCV
oste,81.6,VCCV
sedr,81.6,CVCC
serk,81.6,CVCC
shin,81.6,CCVC
sins,81.6,CVCC
tala,81.6,CVCV
teca,81.6,CVCV
telu,81.6,CVCV
tifu,81.6,CVCV
tiga,81.6,CVCV
tigi,81.6,CVCV
tigo,81.6,CVCV
tika,81.6,CVCV
tike,81.6,CVCV
tiki,81.6,CVCV
tond,81.6,CVCC
ucan,81.6,VCVC
ucor,81.6,VCVC
uger,81.6,VCVC
umes,81.6,VCVC
umin,81.6,VCVC
unin,81.6,VCVC
uper,81.6,VCVC
uste,81.6,VCCV
vele,81.6,CVCV
visi,81.6,CVCV
wisi,81.6,CVCV
ying,81.6,CVCC
afin,81.4,VCVC
bali,81.4,CVCV
bang,81.4,CVCC
bara,81.4,CVCV
bofo,81.4,CVCV
boti,81.4,CVCV
buti,81.4,CVCV
cain,81.4,CVVC
calo,81.4,CVCV
chel,81.4,CCVC
cist,81.4,CVCC
ctor,81.4,CCVC
dens,81.4,CVCC
disa,81.4,CVCV
efin,81.4,VCVC
etan,81.4,VCVC
fedo,81.4,CVCV
fesu,81.4,CVCV
ftor,81.4,CCVC
gofa,81.4,CVCV
gofe,81.4,CVCV
gofi,81.4,CVCV
hala,81.4,CVCV
hels,81.4,CVCC
heza,81.4,CVCV
heze,81.4,CVCV
hezi,81.4,CVCV
hezo,81.4,CVCV
hiat,81.4,CVVC
ifin,81.4,VCVC
ilan,81.4,VCVC
keat,81.4,CVVC
keda,81.4,CVCV
kedi,81.4,CVCV
kofo,81.4,CVCV
koti,81.4,CVCV
kuti,81.4,CVCV
leer,81.4,CVVC
leor,81.4,CVVC
lian,81.4,CVVC
loru,81.4,CVCV
maer,81.4,CVVC
meal,81.4,CVVC
ment,81.4,CVCC
miso,81.4,CVCV
mita,81.4,CVCV
nder,81.4,CCVC
nern,81.4,CVCC
ners,81.4,CVCC
niso,81.4,CVCV
nita,81.4,CVCV
olan,81.4,VCVC
otan,81.4,VCVC
pist,81.4,CVCC
rant,81.4,CVCC
ream,81.4,CVVC
rler,81.4,CCVC
seas,81.4,CVVC
seit,81.4,CVVC
soru,81.4,CVCV
teta,81.4,CVCV
thom,81.4,CCVC
tiba,81.4,CVCV
tibi,81.4,CVCV
tibo,81.4,CVCV
tibu,81.4,CVCV
tiko,81.4,CVCV
tiku,81.4,CVCV
tisc,81.4,CVCC
tisk,81.4,CVCC
tisp,81.4,CVCC
tiva,81.4,CVCV
tivi,81.4,CVCV
tivo,81.4,CVCV
tiwa,81.4,CVCV
tiwe,81.4,CVCV
tiwi,81.4,CVCV
tiwo,81.4,CVCV
ufin,81.4,VCVC
ulan,81.4,VCVC
utan,81.4,VCVC
vali,81.4,CVCV
vang,81.4,CVCC
vara,81.4,CVCV
vofo,81.4,CVCV
voti,81.4,CVCV
wali,81.4,CVCV
wang,81.4,CVCC
wara,81.4,CVCV
weti,81.4,CVCV
wofo,81.4,CVCV
woti,81.4,CVCV
yaro,81.4,CVCV
zeri,81.4,CVCV
ades,81.2,VCVC
agin,81.2,VCVC
ahan,81.2,VCVC
akin,81.2,VCVC
anco,81.2,VCCV
anol,81.2,VCVC
anos,81.2,VCVC
anot,81.2,VCVC
asel,81.2,VCVC
bedu,81.2,CVCV
beng,81.2,CVCC
bofa,81.2,CVCV
bofe,81.2,CVCV
bofi,81.2,CVCV
cert,81.2,CVCC
cing,81.2,CVCC
dala,81.2,CVCV
deto,81.2,CVCV
doru,81.2,CVCV
egin,81.2,VCVC
ehan,81.2,VCVC
ekin,81.2,VCVC
erme,81.2,VCCV
fiso,81.2,CVCV
fita,81.2,CVCV
foru,81.2,CVCV
gete,81.2,CVCV
gofu,81.2,CVCV
helm,81.2,CVCC
hexa,81.2,CVCV
hexe,81.2,CVCV
hexi,81.2,CVCV
hexo,81.2,CVCV
hexu,81.2,CVCV
hong,81.2,CVCC
hote,81.2,CVCV
ides,81.2,VCVC
igin,81.2,VCVC
ihan,81.2,VCVC
ikin,81.2,VCVC
irat,81.2,VCVC
irel,81.2,VCVC
jali,81.2,CVCV
jang,81.2,CVCC
jara,81.2,CVCV
jeti,81.2,CVCV
jisi,81.2,CVCV
jofo,81.2,CVCV
joti,81.2,CVCV
juti,81.2,CVCV
kedo,81.2,CVCV
kesu,81.2,CVCV
kofa,81.2,CVCV
kofe,81.2,CVCV
kofi,81.2,CVCV
lain,81.2,CVVC
lalo,81.2,CVCV
lisu,81.2,CVCV
misa,81.2,CVCV
moru,81.2,CVCV
nala,81.2,CVCV
nisa,81.2,CVCV
nong,81.2,CVCC
note,81.2,CVCV
odes,81.2,VCVC
ogin,81.2,VCVC
ohan,81.2,VCVC
okin,81.2,VCVC
pete,81.2,CVCV
ping,81.2,CVCC
ptor,81.2,CCVC
rder,81.2,CCVC
seve,81.2,CVCV
sier,81.2,CVVC
sint,81.2,CVCC
tain,81.2,CVVC
talo,81.2,CVCV
tege,81.2,CVCV
teha,81.2,CVCV
teho,81.2,CVCV
tepe,81.2,CVCV
tija,81.2,CVCV
tije,81.2,CVCV
tijo,81.2,CVCV
tiju,81.2,CVCV
tisw,81.2,CVCC
tode,81.2,CVCV
toma,81.2,CVCV
udes,81.2,VCVC
ugin,81.2,VCVC
uhan,81.2,VCVC
ukin,81.2,VCVC
urem,81.2,VCVC
uret,81.2,VCVC
vofa,81.2,CVCV
vofe,81.2,CVCV
vofi,81.2,CVCV
weat,81.2,CVVC
weda,81.2,CVCV
wedi,81.2,CVCV
wofa,81.2,CVCV
wofe,81.2,CVCV
wofi,81.2,CVCV
xeri,81.2,CVCV
reed,81.2,CVVC
abin,81.0,VCVC
adan,81.0,VCVC
aere,81.0,VVCV
afer,81.0,VCVC
ahem,81.0,VCVC
ahet,81.0,VCVC
anam,81.0,VCVC
aore,81.0,VVCV
avin,81.0,VCVC
awin,81.0,VCVC
bofu,81.0,CVCV
brin,81.0,CCVC
caer,81.0,CVVC
cern,81.0,CVCC
cers,81.0,CVCC
coes,81.0,CVVC
deal,81.0,CVVC
dent,81.0,CVCC
eare,81.0,VVCV
eate,81.0,VVCV
eati,81.0,VVCV
ebin,81.0,VCVC
efer,81.0,VCVC
ehem,81.0,VCVC
ehet,81.0,VCVC
eore,81.0,VVCV
evin,81.0,VCVC
ewin,81.0,VCVC
fisa,81.0,CVCV
gein,81.0,CVVC
giso,81.0,CVCV
gita,81.0,CVCV
hain,81.0,CVVC
halo,81.0,CVCV
heln,81.0,CVCC
heqa,81.0,CVCV
heqe,81.0,CVCV
heqi,81.0,CVCV
heqo,81.0,CVCV
hequ,81.0,CVCV
hezu,81.0,CVCV
hien,81.0,CVVC
hoin,81.0,CVVC
iati,81.0,VVCV
ibin,81.0,VCVC
idan,81.0,VCVC
iere,81.0,VVCV
ifer,81.0,VCVC
ihem,81.0,VCVC
ihet,81.0,VCVC
iore,81.0,VVCV
ivin,81.0,VCVC
iwin,81.0,VCVC
jeat,81.0,CVVC
jeda,81.0,CVCV
jedi,81.0,CVCV
jofa,81.0,CVCV
jofe,81.0,CVCV
jofi,81.0,CVCV
kiso,81.0,CVCV
kita,81.0,CVCV
kofu,81.0,CVCV
lder,81.0,CCVC
lmer,81.0,CCVC
long,81.0,CVCC
lote,81.0,CVCV
mans,81.0,CVCC
mear,81.0,CVVC
ngor,81.0,CCVC
noin,81.0,CVVC
oati,81.0,VVCV
obin,81.0,VCVC
odan,81.0,VCVC
oere,81.0,VVCV
ohem,81.0,VCVC
ohet,81.0,VCVC
ovin,81.0,VCVC
owin,81.0,VCVC
pala,81.0,CVCV
pein,81.0,CVVC
qeri,81.0,CVCV
rast,81.0,CVCC
riat,81.0,CVVC
rons,81.0,CVCC
rses,81.0,CCVC
rver,81.0,CCVC
sala,81.0,CVCV
seen,81.0,CVVC
smer,81.0,CCVC
song,81.0,CVCC
sote,81.0,CVCV
tiji,81.0,CVCV
tiya,81.0,CVCV
tiye,81.0,CVCV
tiyo,81.0,CVCV
tonk,81.0,CVCC
tour,81.0,CVVC
trin,81.0,CCVC
tsen,81.0,CCVC
uati,81.0,VVCV
ubin,81.0,VCVC
udan,81.0,VCVC
uere,81.0,VVCV
ufer,81.0,VCVC
uhem,81.0,VCVC
uhet,81.0,VCVC
unan,81.0,VCVC
uore,81.0,VVCV
uvin,81.0,VCVC
uwin,81.0,VCVC
veer,81.0,CVVC
veor,81.0,CVVC
vofu,81.0,CVCV
wedo,81.0,CVCV
wesu,81.0,CVCV
wofu,81.0,CVCV
yali,81.0,CVCV
yang,81.0,CVCC
yara,81.0,CVCV
yeti,81.0,CVCV
yisi,81.0,CVCV
yofo,81.0,CVCV
yoti,81.0,CVCV
zero,81.0,CVCV
zine,81.0,CVCV
zito,81.0,CVCV
aker,80.8,VCVC
anil,80.8,VCVC
anim,80.8,VCVC
anir,80.8,VCVC
apan,80.8,VCVC
bert,80.8,CVCC
biso,80.8,CVCV
bita,80.8,CVCV
cose,80.8,CVCV
crin,80.8,CCVC
dain,80.8,CVVC
dalo,80.8,CVCV
dins,80.8,CVCC
dong,80.8,CVCC
dote,80.8,CVCV
drin,80.8,CCVC
eker,80.8,VCVC
enem,80.8,VCVC
enet,80.8,VCVC
epan,80.8,VCVC
fala,80.8,CVCV
fong,80.8,CVCC
fote,80.8,CVCV
frin,80.8,CCVC
gisa,80.8,CVCV
goru,80.8,CVCV
grin,80.8,CCVC
hiof,80.8,CVVC
iker,80.8,VCVC
ipan,80.8,VCVC
jedo,80.8,CVCV
jesu,80.8,CVCV
jofu,80.8,CVCV
kisa,80.8,CVCV
laer,80.8,CVVC
lesl,80.8,CVCC
leth,80.8,CVCC
litu,80.8,CVCV
loin,80.8,CVVC
lses,80.8,CCVC
mele,80.8,CVCV
mong,80.8,CVCC
mote,80.8,CVCV
nain,80.8,CVVC
nalo,80.8,CVCV
oker,80.8,VCVC
onde,80.8,VCCV
opan,80.8,VCVC
osan,80.8,VCVC
phin,80.8,CCVC
prin,80.8,CCVC
ralu,80.8,CVCV
seco,80.8,CVCV
sian,80.8,CVVC
soin,80.8,CVVC
stal,80.8,CCVC
stia,80.8,CCVV
stie,80.8,CCVV
stiu,80.8,CCVV
taer,80.8,CVVC
tefo,80.8,CVCV
temi,80.8,CVCV
temo,80.8,CVCV
tepa,80.8,CVCV
thia,80.8,CCVV
thie,80.8,CCVV
thiu,80.8,CCVV
titw,80.8,CVCC
tiyi,80.8,CVCV
tiyu,80.8,CVCV
tohi,80.8,CVCV
uker,80.8,VCVC
unen,80.8,VCVC
upan,80.8,VCVC
uris,80.8,VCVC
usan,80.8,VCVC
viso,80.8,CVCV
vita,80.8,CVCV
whin,80.8,CCVC
wiso,80.8,CVCV
wita,80.8,CVCV
xero,80.8,CVCV
xine,80.8,CVCV
xito,80.8,CVCV
yeat,80.8,CVVC
yeda,80.8,CVCV
yedi,80.8,CVCV
yofa,80.8,CVCV
yofe,80.8,CVCV
yofi,80.8,CVCV
yuti,80.8,CVCV
afan,80.6,VCVC
ajin,80.6,VCVC
areq,80.6,VCVC
arex,80.6,VCVC
arez,80.6,VCVC
awer,80.6,VCVC
bern,80.6,CVCC
bers,80.6,CVCC
bisa,80.6,CVCV
boru,80.6,CVCV
cans,80.6,CVCC
cisi,80.6,CVCV
dear,80.6,CVVC
doin,80.6,CVVC
efan,80.6,VCVC
ejin,80.6,VCVC
ewer,80.6,VCVC
fete,80.6,CVCV
foin,80.6,CVVC
gala,80.6,CVCV
haer,80.6,CVVC
hoer,80.6,CVVC
ifan,80.6,VCVC
ijin,80.6,VCVC
insi,80.6,VCCV
iwer,80.6,VCVC
kala,80.6,CVCV
koru,80.6,CVCV
lesm,80.6,CVCC
lesn,80.6,CVCC
mant,80.6,CVCC
mins,80.6,CVCC
moin,80.6,CVVC
neon,80.6,CVVC
nins,80.6,CVCC
noer,80.6,CVVC
ojin,80.6,VCVC
ower,80.6,VCVC
pain,80.6,CVVC
palo,80.6,CVCV
pisi,80.6,CVCV
qero,80.6,CVCV
qine,80.6,CVCV
qito,80.6,CVCV
raon,80.6,CVVC
rien,80.6,CVVC
roat,80.6,CVVC
ront,80.6,CVCC
sain,80.6,CVVC
salo,80.6,CVCV
sisu,80.6,CVCV
stem,80.6,CCVC
stet,80.6,CCVC
tefa,80.6,CVCV
tefe,80.6,CVCV
tefi,80.6,CVCV
toor,80.6,CVVC
ufan,80.6,VCVC
ujin,80.6,VCVC
uwer,80.6,VCVC
visa,80.6,CVCV
voru,80.6,CVCV
wisa,80.6,CVCV
woru,80.6,CVCV
yedo,80.6,CVCV
yesu,80.6,CVCV
yofu,80.6,CVCV
zera,80.6,CVCV
acen,80.4,VCVC
agan,80.4,VCVC
ajer,80.4,VCVC
akan,80.4,VCVC
alto,80.4,VCCV
amat,80.4,VCVC
ayin,80.4,VCVC
bala,80.4,CVCV
cuti,80.4,CVCV
daer,80.4,CVVC
dele,80.4,CVCV
dier,80.4,CVVC
dint,80.4,CVCC
duti,80.4,CVCV
ecen,80.4,VCVC
egan,80.4,VCVC
ejer,80.4,VCVC
ekan,80.4,VCVC
emat,80.4,VCVC
erne,80.4,VCCV
eyin,80.4,VCVC
fain,80.4,CVVC
falo,80.4,CVCV
fein,80.4,CVVC
fins,80.4,CVCC
fute,80.4,CVCV
gedu,80.4,CVCV
geng,80.4,CVCC
gong,80.4,CVCC
gote,80.4,CVCV
guti,80.4,CVCV
hico,80.4,CVCV
huti,80.4,CVCV
igan,80.4,VCVC
ijer,80.4,VCVC
ikan,80.4,VCVC
imat,80.4,VCVC
istu,80.4,VCCV
iyin,80.4,VCVC
jiso,80.4,CVCV
jita,80.4,CVCV
joru,80.4,CVCV
kete,80.4,CVCV
lans,80.4,CVCC
loer,80.4,CVVC
luti,80.4,CVCV
muti,80.4,CVCV
naer,80.4,CVVC
nuti,80.4,CVCV
ocen,80.4,VCVC
ogan,80.4,VCVC
ojer,80.4,VCVC
okan,80.4,VCVC
onur,80.4,VCVC
oyin,80.4,VCVC
pedu,80.4,CVCV
peng,80.4,CVCC
pofo,80.4,CVCV
poti,80.4,CVCV
puti,80.4,CVCV
raru,80.4,CVCV
riof,80.4,CVVC
ruti,80.4,CVCV
seli,80.4,CVCV
seme,80.4,CVCV
serb,80.4,CVCC
serc,80.4,CVCC
serf,80.4,CVCC
serg,80.4,CVCC
serp,80.4,CVCC
serv,80.4,CVCC
shea,80.4,CCVV
soer,80.4,CVVC
sser,80.4,CCVC
star,80.4,CCVC
stic,80.4,CCVC
suti,80.4,CVCV
tans,80.4,CVCC
tefu,80.4,CVCV
tega,80.4,CVCV
tegi,80.4,CVCV
tego,80.4,CVCV
teka,80.4,CVCV
teke,80.4,CVCV
teki,80.4,CVCV
thic,80.4,CCVC
tidu,80.4,CVCV
tigu,80.4,CVCV
tihu,80.4,CVCV
tilu,80.4,CVCV
timu,80.4,CVCV
tipi,80.4,CVCV
tipo,80.4,CVCV
tipu,80.4,CVCV
tiru,80.4,CVCV
tivu,80.4,CVCV
tiwu,80.4,CVCV
tuti,80.4,CVCV
ucen,80.4,VCVC
ugan,80.4,VCVC
ujer,80.4,VCVC
ukan,80.4,VCVC
umat,80.4,VCVC
urit,80.4,VCVC
uyin,80.4,VCVC
vala,80.4,CVCV
vesl,80.4,CVCC
veth,80.4,CVCC
vuti,80.4,CVCV
wala,80.4,CVCV
wuti,80.4,CVCV
xera,80.4,CVCV
aban,80.2,VCVC
arto,80.2,VCCV
avan,80.2,VCVC
awan,80.2,VCVC
ayer,80.2,VCVC
blen,80.2,CCVC
bong,80.2,CVCC
bote,80.2,CVCV
bute,80.2,CVCV
cant,80.2,CVCC
ceon,80.2,CVVC
clen,80.2,CCVC
doer,80.2,CVVC
eban,80.2,VCVC
esom,80.2,VCVC
evan,80.2,VCVC
ewan,80.2,VCVC
eyer,80.2,VCVC
flen,80.2,CCVC
foer,80.2,CVVC
fuin,80.2,CVVC
gain,80.2,CVVC
galo,80.2,CVCV
gins,80.2,CVCC
goin,80.2,CVVC
hans,80.2,CVCC
hoan,80.2,CVVC
iban,80.2,VCVC
inic,80.2,VCVC
ivan,80.2,VCVC
iwan,80.2,VCVC
iyer,80.2,VCVC
jala,80.2,CVCV
jisa,80.2,CVCV
kain,80.2,CVVC
kalo,80.2,CVCV
kein,80.2,CVVC
kins,80.2,CVCC
kong,80.2,CVCC
kote,80.2,CVCV
kute,80.2,CVCV
mast,80.2,CVCC
meer,80.2,CVVC
meor,80.2,CVVC
mier,80.2,CVVC
mint,80.2,CVCC
moer,80.2,CVVC
nerl,80.2,CVCC
nerm,80.2,CVCC
nier,80.2,CVVC
nint,80.2,CVCC
noan,80.2,CVVC
oban,80.2,VCVC
ovan,80.2,VCVC
owan,80.2,VCVC
oyer,80.2,VCVC
paer,80.2,CVVC
plen,80.2,CCVC
pofa,80.2,CVCV
pofe,80.2,CVCV
pofi,80.2,CVCV
qera,80.2,CVCV
rasi,80.2,CVCV
reom,80.2,CVVC
reur,80.2,CVVC
rmer,80.2,CCVC
roen,80.2,CVVC
saer,80.2,CVVC
shel,80.2,CCVC
situ,80.2,CVCV
teba,80.2,CVCV
tebi,80.2,CVCV
tebo,80.2,CVCV
tebu,80.2,CVCV
teko,80.2,CVCV
teku,80.2,CVCV
teva,80.2,CVCV
tevi,80.2,CVCV
tevo,80.2,CVCV
tewa,80.2,CVCV
tewe,80.2,CVCV
tewi,80.2,CVCV
tewo,80.2,CVCV
uban,80.2,VCVC
uvan,80.2,VCVC
uwan,80.2,VCVC
uyer,80.2,VCVC
vesm,80.2,CVCC
vesn,80.2,CVCC
vong,80.2,CVCC
vote,80.2,CVCV
wete,80.2,CVCV
wong,80.2,CVCC
wote,80.2,CVCV
yiso,80.2,CVCV
yita,80.2,CVCV
yoru,80.2,CVCV
zane,80.2,CVCV
zise,80.2,CVCV
eato,80.2,VVCV
aben,80.0,VCVC
acat,80.0,VCVC
ache,80.0,VCCV
acin,80.0,VCVC
ahon,80.0,VCVC
ajan,80.0,VCVC
alem,80.0,VCVC
alet,80.0,VCVC
apin,80.0,VCVC
atur,80.0,VCVC
bain,80.0,CVVC
balo,80.0,CVCV
bins,80.0,CVCC
boin,80.0,CVVC
buin,80.0,CVVC
come,80.0,CVCV
cort,80.0,CVCC
coth,80.0,CVCC
dans,80.0,CVCC
dian,80.0,CVVC
eben,80.0,VCVC
ecat,80.0,VCVC
eche,80.0,VCCV
ecin,80.0,VCVC
ehon,80.0,VCVC
ejan,80.0,VCVC
ende,80.0,VCCV
epin,80.0,VCVC
etha,80.0,VCCV
etho,80.0,VCCV
faer,80.0,CVVC
fier,80.0,CVVC
fint,80.0,CVCC
gert,80.0,CVCC
glen,80.0,CCVC
heil,80.0,CVVC
heim,80.0,CVVC
heir,80.0,CVVC
henn,80.0,CVCC
henx,80.0,CVCC
heol,80.0,CVVC
heos,80.0,CVVC
heot,80.0,CVVC
herr,80.0,CVCC
hesq,80.0,CVCC
heul,80.0,CVVC
heum,80.0,CVVC
heun,80.0,CVVC
heus,80.0,CVVC
heut,80.0,CVVC
iben,80.0,VCVC
ihon,80.0,VCVC
ijan,80.0,VCVC
inul,80.0,VCVC
inum,80.0,VCVC
inun,80.0,VCVC
inus,80.0,VCVC
inut,80.0,VCVC
ipin,80.0,VCVC
jete,80.0,CVCV
jong,80.0,CVCC
jote,80.0,CVCV
jute,80.0,CVCV
koin,80.0,CVVC
kuin,80.0,CVVC
lant,80.0,CVCC
loan,80.0,CVVC
malu,80.0,CVCV
nans,80.0,CVCC
oben,80.0,VCVC
ocat,80.0,VCVC
oche,80.0,VCCV
ocin,80.0,VCVC
ohon,80.0,VCVC
ojan,80.0,VCVC
onco,80.0,VCCV
onol,80.0,VCVC
onos,80.0,VCVC
onot,80.0,VCVC
opin,80.0,VCVC
oril,80.0,VCVC
orim,80.0,VCVC
orir,80.0,VCVC
otha,80.0,VCCV
otho,80.0,VCCV
pert,80.0,CVCC
pofu,80.0,CVCV
renn,80.0,CVCC
renx,80.0,CVCC
rerr,80.0,CVCC
resq,80.0,CVCC
rico,80.0,CVCV
roto,80.0,CVCV
scon,80.0,CCVC
slen,80.0,CCVC
soan,80.0,CVVC
tant,80.0,CVCC
teja,80.0,CVCV
teje,80.0,CVCV
tejo,80.0,CVCV
teju,80.0,CVCV
terr,80.0,CVCC
tinn,80.0,CVCC
tinx,80.0,CVCC
tomi,80.0,CVCV
tomo,80.0,CVCV
tonc,80.0,CVCC
uben,80.0,VCVC
ucat,80.0,VCVC
uche,80.0,VCCV
ucin,80.0,VCVC
uhon,80.0,VCVC
ujan,80.0,VCVC
unon,80.0,VCVC
upin,80.0,VCVC
utha,80.0,VCCV
utho,80.0,VCCV
vain,80.0,CVVC
valo,80.0,CVCV
vins,80.0,CVCC
voin,80.0,CVVC
wain,80.0,CVVC
walo,80.0,CVCV
wein,80.0,CVVC
wins,80.0,CVCC
woin,80.0,CVVC
wrin,80.0,CCVC
xane,80.0,CVCV
xise,80.0,CVCV
xter,80.0,CCVC
xtin,80.0,CCVC
yala,80.0,CVCV
yisa,80.0,CVCV
ansi,79.8,VCCV
atam,79.8,VCVC
ayan,79.8,VCVC
beon,79.8,CVVC
cast,79.8,CVCC
cerl,79.8,CVCC
cerm,79.8,CVCC
ciso,79.8,CVCV
cita,79.8,CVCV
corn,79.8,CVCC
cors,79.8,CVCC
deer,79.8,CVVC
deor,79.8,CVVC
disu,79.8,CVCV
doan,79.8,CVVC
elor,79.8,VCVC
eseb,79.8,VCVC
esec,79.8,VCVC
esef,79.8,VCVC
eseg,79.8,VCVC
eseh,79.8,VCVC
esej,79.8,VCVC
esek,79.8,VCVC
esep,79.8,VCVC
esev,79.8,VCVC
esew,79.8,VCVC
esey,79.8,VCVC
esle,79.8,VCCV
etat,79.8,VCVC
etof,79.8,VCVC
eyan,79.8,VCVC
fedu,79.8,CVCV
feng,79.8,CVCC
foan,79.8,CVVC
fuer,79.8,CVVC
gaer,79.8,CVVC
gern,79.8,CVCC
gers,79.8,CVCC
ghin,79.8,CCVC
gier,79.8,CVVC
gint,79.8,CVCC
goer,79.8,CVVC
hant,79.8,CVCC
hies,79.8,CVVC
hiin,79.8,CVVC
iate,79.8,VVCV
icre,79.8,VCCV
ilat,79.8,VCVC
ilon,79.8,VCVC
inso,79.8,VCCV
inta,79.8,VCCV
iyan,79.8,VCVC
jain,79.8,CVVC
jalo,79.8,CVCV
jein,79.8,CVVC
join,79.8,CVVC
juin,79.8,CVVC
kaer,79.8,CVVC
kier,79.8,CVVC
kint,79.8,CVCC
leis,79.8,CVVC
lerd,79.8,CVCC
liat,79.8,CVVC
maon,79.8,CVVC
mian,79.8,CVVC
moan,79.8,CVVC
nens,79.8,CVCC
nian,79.8,CVVC
oate,79.8,VVCV
olat,79.8,VCVC
olon,79.8,VCVC
onam,79.8,VCVC
oson,79.8,VCVC
otat,79.8,VCVC
otof,79.8,VCVC
oyan,79.8,VCVC
pans,79.8,CVCC
pern,79.8,CVCC
pers,79.8,CVCC
piso,79.8,CVCV
pita,79.8,CVCV
qane,79.8,CVCV
qise,79.8,CVCV
raen,79.8,CVVC
ratr,79.8,CVCC
sans,79.8,CVCC
sees,79.8,CVVC
stom,79.8,CCVC
teji,79.8,CVCV
teya,79.8,CVCV
teye,79.8,CVCV
teyo,79.8,CVCV
tses,79.8,CCVC
uate,79.8,VVCV
ulat,79.8,VCVC
ulon,79.8,VCVC
uson,79.8,VCVC
utat,79.8,VCVC
utof,79.8,VCVC
uyan,79.8,VCVC
yete,79.8,CVCV
yong,79.8,CVCC
yote,79.8,CVCV
adon,79.6,VCVC
afon,79.6,VCVC
ahat,79.6,VCVC
amon,79.6,VCVC
asas,79.6,VCVC
asof,79.6,VCVC
atri,79.6,VCCV
baer,79.6,CVVC
bier,79.6,CVVC
bint,79.6,CVCC
boer,79.6,CVVC
buer,79.6,CVVC
calu,79.6,CVCV
cisa,79.6,CVCV
dant,79.6,CVCC
edem,79.6,VCVC
edet,79.6,VCVC
efon,79.6,VCVC
ehat,79.6,VCVC
elis,79.6,VCVC
emon,79.6,VCVC
enur,79.6,VCVC
erul,79.6,VCVC
erum,79.6,VCVC
erun,79.6,VCVC
erus,79.6,VCVC
erut,79.6,VCVC
fans,79.6,CVCC
fian,79.6,CVVC
hebr,79.6,CVCC
hetr,79.6,CVCC
idon,79.6,VCVC
ifon,79.6,VCVC
ihat,79.6,VCVC
imon,79.6,VCVC
insa,79.6,VCCV
iror,79.6,VCVC
jins,79.6,CVCC
kedu,79.6,CVCV
keng,79.6,CVCC
koer,79.6,CVVC
kuer,79.6,CVVC
last,79.6,CVCC
ledr,79.6,CVCC
lerk,79.6,CVCC
maru,79.6,CVCV
mesl,79.6,CVCC
meth,79.6,CVCC
misu,79.6,CVCV
nant,79.6,CVCC
neto,79.6,CVCV
nisu,79.6,CVCV
nsin,79.6,CCVC
odon,79.6,VCVC
ohat,79.6,VCVC
omor,79.6,VCVC
onil,79.6,VCVC
onim,79.6,VCVC
onir,79.6,VCVC
orol,79.6,VCVC
oros,79.6,VCVC
orot,79.6,VCVC
phea,79.6,CCVV
pisa,79.6,CVCV
poru,79.6,CVCV
sehi,79.6,CVCV
send,79.6,CVCC
stei,79.6,CCVV
steo,79.6,CCVV
steu,79.6,CCVV
tast,79.6,CVCC
tedw,79.6,CVCC
teyi,79.6,CVCV
teyu,79.6,CVCV
udon,79.6,VCVC
ufon,79.6,VCVC
uhat,79.6,VCVC
umon,79.6,VCVC
unes,79.6,VCVC
vaer,79.6,CVVC
vier,79.6,CVVC
vint,79.6,CVCC
voer,79.6,CVVC
waer,79.6,CVVC
whea,79.6,CCVV
wier,79.6,CVVC
wint,79.6,CVCC
woer,79.6,CVVC
yain,79.6,CVVC
yalo,79.6,CVCV
yein,79.6,CVVC
yoin,79.6,CVVC
yute,79.6,CVCV
adat,79.4,VCVC
anic,79.4,VCVC
berl,79.4,CVCC
berm,79.4,CVCC
blin,79.4,CCVC
bran,79.4,CCVC
caon,79.4,CVVC
cens,79.4,CVCC
clin,79.4,CCVC
ditu,79.4,CVCV
ersi,79.4,VCCV
fert,79.4,CVCC
fisu,79.4,CVCV
flin,79.4,CCVC
fuan,79.4,CVVC
gans,79.4,CVCC
gian,79.4,CVVC
goan,79.4,CVVC
hast,79.4,CVCC
hecr,79.4,CVCC
hefr,79.4,CVCC
hegr,79.4,CVCC
hepr,79.4,CVCC
icof,79.4,VCVC
idat,79.4,VCVC
inda,79.4,VCCV
indi,79.4,VCCV
jaer,79.4,CVVC
joer,79.4,CVVC
juer,79.4,CVVC
kans,79.4,CVCC
kian,79.4,CVVC
lalu,79.4,CVCV
leas,79.4,CVVC
leit,79.4,CVVC
lien,79.4,CVVC
masi,79.4,CVCV
mesm,79.4,CVCC
mesn,79.4,CVCC
neal,79.4,CVVC
nent,79.4,CVCC
ngis,79.4,CCVC
odat,79.4,VCVC
pant,79.4,CVCC
phel,79.4,CCVC
plin,79.4,CCVC
raso,79.4,CVCV
relt,79.4,CVCC
ries,79.4,CVVC
riin,79.4,CVVC
rner,79.4,CCVC
sant,79.4,CVCC
sela,79.4,CVCV
talu,79.4,CVCV
thur,79.4,CCVC
tost,79.4,CVCC
tran,79.4,CCVC
udat,79.4,VCVC
unat,79.4,VCVC
veis,79.4,CVVC
verd,79.4,CVCC
wedu,79.4,CVCV
weng,79.4,CVCC
whel,79.4,CCVC
yins,79.4,CVCC
yuin,79.4,CVVC
zino,79.4,CVCV
aces,79.2,VCVC
agen,79.2,VCVC
agon,79.2,VCVC
anul,79.2,VCVC
anum,79.2,VCVC
anun,79.2,VCVC
anus,79.2,VCVC
anut,79.2,VCVC
apat,79.2,VCVC
apen,79.2,VCVC
arom,79.2,VCVC
atro,79.2,VCCV
bans,79.2,CVCC
bian,79.2,CVVC
boan,79.2,CVVC
buan,79.2,CVVC
caru,79.2,CVCV
ceto,79.2,CVCV
chan,79.2,CCVC
cofr,79.2,CVCC
cran,79.2,CCVC
cute,79.2,CVCV
dast,79.2,CVCC
desl,79.2,CVCC
deth,79.2,CVCC
dran,79.2,CCVC
dute,79.2,CVCV
eces,79.2,VCVC
egen,79.2,VCVC
egon,79.2,VCVC
elit,79.2,VCVC
enco,79.2,VCCV
enol,79.2,VCVC
enos,79.2,VCVC
enot,79.2,VCVC
epat,79.2,VCVC
epen,79.2,VCVC
erta,79.2,VCCV
fant,79.2,CVCC
fern,79.2,CVCC
fers,79.2,CVCC
fran,79.2,CCVC
gisu,79.2,CVCV
glin,79.2,CCVC
gran,79.2,CCVC
gute,79.2,CVCV
halu,79.2,CVCV
hebl,79.2,CVCC
hecl,79.2,CVCC
hefl,79.2,CVCC
hepl,79.2,CVCC
hute,79.2,CVCV
ical,79.2,VCVC
igen,79.2,VCVC
igon,79.2,VCVC
ince,79.2,VCCV
indo,79.2,VCCV
ipat,79.2,VCVC
ipen,79.2,VCVC
jedu,79.2,CVCV
jeng,79.2,CVCC
jier,79.2,CVVC
jint,79.2,CVCC
kert,79.2,CVCC
kisu,79.2,CVCV
koan,79.2,CVVC
kuan,79.2,CVVC
laon,79.2,CVVC
leve,79.2,CVCV
liof,79.2,CVVC
lute,79.2,CVCV
mitu,79.2,CVCV
mute,79.2,CVCV
nast,79.2,CVCC
nitu,79.2,CVCV
nted,79.2,CCVC
ntio,79.2,CCVV
nute,79.2,CVCV
oces,79.2,VCVC
ogen,79.2,VCVC
ogon,79.2,VCVC
opat,79.2,VCVC
open,79.2,VCVC
oram,79.2,VCVC
osat,79.2,VCVC
pong,79.2,CVCC
pote,79.2,CVCV
pran,79.2,CCVC
pute,79.2,CVCV
rasa,79.2,CVCV
rels,79.2,CVCC
reza,79.2,CVCV
reze,79.2,CVCV
rezi,79.2,CVCV
rezo,79.2,CVCV
rute,79.2,CVCV
siat,79.2,CVVC
slin,79.2,CCVC
sute,79.2,CVCV
taon,79.2,CVVC
teci,79.2,CVCV
tecu,79.2,CVCV
tegu,79.2,CVCV
tehu,79.2,CVCV
temu,79.2,CVCV
tepi,79.2,CVCV
tepo,79.2,CVCV
tepu,79.2,CVCV
tetu,79.2,CVCV
tevu,79.2,CVCV
tewu,79.2,CVCV
toce,79.2,CVCV
toli,79.2,CVCV
tute,79.2,CVCV
uces,79.2,VCVC
ugen,79.2,VCVC
ugon,79.2,VCVC
upat,79.2,VCVC
upen,79.2,VCVC
ural,79.2,VCVC
usat,79.2,VCVC
vans,79.2,CVCC
vedr,79.2,CVCC
verk,79.2,CVCC
vian,79.2,CVVC
voan,79.2,CVVC
vute,79.2,CVCV
wans,79.2,CVCC
wian,79.2,CVVC
woan,79.2,CVVC
wute,79.2,CVCV
xino,79.2,CVCV
yaer,79.2,CVVC
yoer,79.2,CVVC
zina,79.2,CVCV
abon,79.0,VCVC
afat,79.0,VCVC
akon,79.0,VCVC
alse,79.0,VCCV
anso,79.0,VCCV
anta,79.0,VCCV
atti,79.0,VCCV
avon,79.0,VCVC
awon,79.0,VCVC
bens,79.0,CVCC
bisu,79.0,CVCV
bles,79.0,CCVC
casi,79.0,CVCV
ceal,79.0,CVVC
cent,79.0,CVCC
chem,79.0,CCVC
chet,79.0,CCVC
cins,79.0,CVCC
cles,79.0,CCVC
cofl,79.0,CVCC
cois,79.0,CVVC
coon,79.0,CVVC
cuin,79.0,CVVC
dalu,79.0,CVCV
desm,79.0,CVCC
desn,79.0,CVCC
duin,79.0,CVVC
ebon,79.0,VCVC
efat,79.0,VCVC
ekon,79.0,VCVC
enam,79.0,VCVC
erib,79.0,VCVC
erid,79.0,VCVC
erif,79.0,VCVC
erig,79.0,VCVC
erih,79.0,VCVC
erij,79.0,VCVC
erik,79.0,VCVC
erip,79.0,VCVC
eriv,79.0,VCVC
eriw,79.0,VCVC
eriy,79.0,VCVC
erre,79.0,VCCV
esco,79.0,VCCV
evon,79.0,VCVC
ewon,79.0,VCVC
fitu,79.0,CVCV
fles,79.0,CCVC
gant,79.0,CVCC
geon,79.0,CVVC
guin,79.0,CVVC
haon,79.0,CVVC
hegl,79.0,CVCC
hons,79.0,CVCC
huin,79.0,CVVC
ibon,79.0,VCVC
ifat,79.0,VCVC
ikon,79.0,VCVC
itiq,79.0,VCVC
itix,79.0,VCVC
itiz,79.0,VCVC
ivon,79.0,VCVC
iwon,79.0,VCVC
jans,79.0,CVCC
joan,79.0,CVVC
juan,79.0,CVVC
kant,79.0,CVCC
kern,79.0,CVCC
kers,79.0,CVCC
laru,79.0,CVCV
lcon,79.0,CCVC
leen,79.0,CVVC
luin,79.0,CVVC
maen,79.0,CVVC
matr,79.0,CVCC
muin,79.0,CVVC
nalu,79.0,CVCV
ncon,79.0,CCVC
nden,79.0,CCVC
near,79.0,CVVC
ngit,79.0,CCVC
nons,79.0,CVCC
nuin,79.0,CVVC
obon,79.0,VCVC
okon,79.0,VCVC
orre,79.0,VCCV
ovon,79.0,VCVC
owon,79.0,VCVC
past,79.0,CVCC
peon,79.0,CVVC
pins,79.0,CVCC
ples,79.0,CCVC
poin,79.0,CVVC
puin,79.0,CVVC
qino,79.0,CVCV
rcon,79.0,CCVC
relm,79.0,CVCC
rexa,79.0,CVCV
rexe,79.0,CVCV
rexi,79.0,CVCV
rexo,79.0,CVCV
rexu,79.0,CVCV
rlen,79.0,CCVC
roes,79.0,CVVC
rted,79.0,CCVC
rtio,79.0,CCVV
ruin,79.0,CVVC
sast,79.0,CVCC
selo,79.0,CVCV
senk,79.0,CVCC
sner,79.0,CCVC
suin,79.0,CVVC
taru,79.0,CVCV
tham,79.0,CCVC
thol,79.0,CCVC
thos,79.0,CCVC
thot,79.0,CCVC
toas,79.0,CVVC
tord,79.0,CVCC
tuin,79.0,CVVC
ubon,79.0,VCVC
ufat,79.0,VCVC
ukon,79.0,VCVC
uvon,79.0,VCVC
uwon,79.0,VCVC
veas,79.0,CVVC
veit,79.0,CVVC
visu,79.0,CVCV
vuin,79.0,CVVC
wert,79.0,CVCC
wisu,79.0,CVCV
wuin,79.0,CVVC
xina,79.0,CVCV
yedu,79.0,CVCV
yeng,79.0,CVCC
yier,79.0,CVVC
yint,79.0,CVCC
yuer,79.0,CVVC
zini,79.0,CVCV
zone,79.0,CVCV
abes,78.8,VCVC
agat,78.8,VCVC
ahis,78.8,VCVC
ajon,78.8,VCVC
akat,78.8,VCVC
ansa,78.8,VCCV
arse,78.8,VCCV
asem,78.8,VCVC
aset,78.8,VCVC
atra,78.8,VCCV
bant,78.8,CVCC
beto,78.8,CVCV
cole,78.8,CVCV
daon,78.8,CVVC
ebes,78.8,VCVC
egat,78.8,VCVC
ehis,78.8,VCVC
ejon,78.8,VCVC
ekat,78.8,VCVC
enil,78.8,VCVC
enim,78.8,VCVC
enir,78.8,VCVC
erce,78.8,VCCV
erda,78.8,VCCV
erdi,78.8,VCCV
erli,78.8,VCCV
erno,78.8,VCCV
fast,78.8,CVCC
gitu,78.8,CVCV
gles,78.8,CCVC
haru,78.8,CVCV
hect,78.8,CVCC
heft,78.8,CVCC
ibes,78.8,VCVC
icar,78.8,VCVC
igat,78.8,VCVC
ihis,78.8,VCVC
ijon,78.8,VCVC
ikat,78.8,VCVC
irem,78.8,VCVC
iret,78.8,VCVC
jert,78.8,CVCC
jian,78.8,CVVC
kitu,78.8,CVCV
kner,78.8,CCVC
lasi,78.8,CVCV
leco,78.8,CVCV
lico,78.8,CVCV
lner,78.8,CCVC
lons,78.8,CVCC
lted,78.8,CCVC
ltio,78.8,CCVV
naon,78.8,CVVC
nele,78.8,CVCV
obes,78.8,VCVC
ofle,78.8,VCCV
ofom,78.8,VCVC
ogat,78.8,VCVC
ohis,78.8,VCVC
ojon,78.8,VCVC
okat,78.8,VCVC
oshe,78.8,VCCV
palu,78.8,CVCV
qina,78.8,CVCV
rden,78.8,CCVC
reln,78.8,CVCC
reqa,78.8,CVCV
reqe,78.8,CVCV
reqi,78.8,CVCV
reqo,78.8,CVCV
requ,78.8,CVCV
rezu,78.8,CVCV
rose,78.8,CVCV
rsin,78.8,CCVC
salu,78.8,CVCV
scer,78.8,CCVC
sess,78.8,CVCC
sien,78.8,CVVC
sles,78.8,CCVC
sons,78.8,CVCC
tasi,78.8,CVCV
tobe,78.8,CVCV
tork,78.8,CVCC
ubes,78.8,VCVC
ugat,78.8,VCVC
uhis,78.8,VCVC
ujon,78.8,VCVC
ukat,78.8,VCVC
urar,78.8,VCVC
ushe,78.8,VCCV
vant,78.8,CVCC
veve,78.8,CVCV
want,78.8,CVCC
wern,78.8,CVCC
wers,78.8,CVCC
xini,78.8,CVCV
xone,78.8,CVCV
yans,78.8,CVCC
yoan,78.8,CVVC
abat,78.6,VCVC
afen,78.6,VCVC
anda,78.6,VCCV
andi,78.6,VCCV
asta,78.6,VCCV
atoq,78.6,VCVC
atox,78.6,VCVC
atoz,78.6,VCVC
avat,78.6,VCVC
awat,78.6,VCVC
ayon,78.6,VCVC
beal,78.6,CVVC
bent,78.6,CVCC
bitu,78.6,CVCV
bron,78.6,CCVC
caen,78.6,CVVC
catr,78.6,CVCC
cear,78.6,CVVC
cier,78.6,CVVC
cint,78.6,CVCC
coft,78.6,CVCC
coit,78.6,CVVC
corl,78.6,CVCC
corm,78.6,CVCC
cuer,78.6,CVVC
daru,78.6,CVCV
dons,78.6,CVCC
duer,78.6,CVVC
ebat,78.6,VCVC
efen,78.6,VCVC
eled,78.6,VCVC
erdo,78.6,VCCV
erna,78.6,VCCV
erob,78.6,VCVC
eroc,78.6,VCVC
erod,78.6,VCVC
erog,78.6,VCVC
eroh,78.6,VCVC
eroj,78.6,VCVC
erok,78.6,VCVC
erop,78.6,VCVC
erov,78.6,VCVC
erow,78.6,VCVC
eroy,78.6,VCVC
erso,78.6,VCCV
eshi,78.6,VCCV
esil,78.6,VCVC
esim,78.6,VCVC
esir,78.6,VCVC
evat,78.6,VCVC
ewat,78.6,VCVC
eyon,78.6,VCVC
falu,78.6,CVCV
fons,78.6,CVCC
gast,78.6,CVCC
gerl,78.6,CVCC
germ,78.6,CVCC
ghea,78.6,CCVV
guer,78.6,CVVC
hasi,78.6,CVCV
heab,78.6,CVVC
heac,78.6,CVVC
head,78.6,CVVC
heaf,78.6,CVVC
heag,78.6,CVVC
heah,78.6,CVVC
heaj,78.6,CVVC
heak,78.6,CVVC
heap,78.6,CVVC
heav,78.6,CVVC
heaw,78.6,CVVC
heay,78.6,CVVC
heic,78.6,CVVC
hekn,78.6,CVCC
hept,78.6,CVCC
hewr,78.6,CVCC
hoat,78.6,CVVC
hont,78.6,CVCC
huer,78.6,CVVC
iare,78.6,VVCV
ibat,78.6,VCVC
ifen,78.6,VCVC
ineb,78.6,VCVC
inec,78.6,VCVC
inef,78.6,VCVC
ineg,78.6,VCVC
ineh,78.6,VCVC
inej,78.6,VCVC
inek,78.6,VCVC
inep,78.6,VCVC
inev,78.6,VCVC
inew,78.6,VCVC
iney,78.6,VCVC
itob,78.6,VCVC
itoc,78.6,VCVC
itod,78.6,VCVC
itog,78.6,VCVC
itoh,78.6,VCVC
itoj,78.6,VCVC
itok,78.6,VCVC
itop,78.6,VCVC
itov,78.6,VCVC
itow,78.6,VCVC
itoy,78.6,VCVC
ivat,78.6,VCVC
iwat,78.6,VCVC
iyon,78.6,VCVC
jant,78.6,CVCC
jern,78.6,CVCC
jers,78.6,CVCC
jisu,78.6,CVCV
kast,78.6,CVCC
lden,78.6,CCVC
lmen,78.6,CCVC
lsin,78.6,CCVC
luer,78.6,CVVC
maso,78.6,CVCV
meis,78.6,CVVC
merd,78.6,CVCC
mons,78.6,CVCC
muer,78.6,CVVC
naru,78.6,CVCV
ngal,78.6,CCVC
noat,78.6,CVVC
nont,78.6,CVCC
nuer,78.6,CVVC
oare,78.6,VVCV
obat,78.6,VCVC
ofel,78.6,VCVC
onsi,78.6,VCCV
oric,78.6,VCVC
ovat,78.6,VCVC
owat,78.6,VCVC
oyon,78.6,VCVC
paon,78.6,CVVC
perl,78.6,CVCC
perm,78.6,CVCC
pier,78.6,CVVC
pint,78.6,CVCC
poer,78.6,CVVC
puer,78.6,CVVC
qini,78.6,CVCV
qone,78.6,CVCV
raes,78.6,CVVC
ruer,78.6,CVVC
rven,78.6,CCVC
saon,78.6,CVVC
sesh,78.6,CVCC
siof,78.6,CVVC
smen,78.6,CCVC
suer,78.6,CVVC
tosi,78.6,CVCV
toul,78.6,CVVC
toum,78.6,CVVC
toun,78.6,CVVC
tous,78.6,CVVC
tout,78.6,CVVC
tron,78.6,CCVC
tuer,78.6,CVVC
uare,78.6,VVCV
ubat,78.6,VCVC
ufen,78.6,VCVC
uvat,78.6,VCVC
uwat,78.6,VCVC
uyon,78.6,VCVC
veen,78.6,CVVC
vitu,78.6,CVCV
vuer,78.6,CVVC
witu,78.6,CVCV
wuer,78.6,CVVC
yert,78.6,CVCC
yian,78.6,CVVC
yuan,78.6,CVVC
zano,78.6,CVCV
ahit,78.4,VCVC
ajat,78.4,VCVC
aken,78.4,VCVC
ance,78.4,VCCV
ando,78.4,VCCV
bast,78.4,CVCC
cele,78.4,CVCV
cove,78.4,CVCV
cron,78.4,CCVC
cted,78.4,CCVC
ctio,78.4,CCVV
dasi,78.4,CVCV
diat,78.4,CVVC
dron,78.4,CCVC
edom,78.4,VCVC
ehit,78.4,VCVC
ejat,78.4,VCVC
eken,78.4,VCVC
erbe,78.4,VCCV
erma,78.4,VCCV
erni,78.4,VCCV
ersa,78.4,VCCV
esme,78.4,VCCV
esur,78.4,VCVC
faon,78.4,CVVC
feon,78.4,CVVC
fron,78.4,CCVC
fted,78.4,CCVC
ftio,78.4,CCVV
galu,78.4,CVCV
ghel,78.4,CCVC
gron,78.4,CCVC
heel,78.4,CVVC
hind,78.4,CVCC
ihit,78.4,VCVC
ijat,78.4,VCVC
iken,78.4,VCVC
inca,78.4,VCCV
iris,78.4,VCVC
itse,78.4,VCCV
kalu,78.4,CVCV
laen,78.4,CVVC
latr,78.4,CVCC
leli,78.4,CVCV
leme,78.4,CVCV
lerb,78.4,CVCC
lerc,78.4,CVCC
lerf,78.4,CVCC
lerg,78.4,CVCC
lerp,78.4,CVCC
lerv,78.4,CVCC
loat,78.4,CVVC
lont,78.4,CVCC
masa,78.4,CVCV
medr,78.4,CVCC
merk,78.4,CVCC
nasi,78.4,CVCV
ndin,78.4,CCVC
ofur,78.4,VCVC
ohit,78.4,VCVC
ojat,78.4,VCVC
oken,78.4,VCVC
omal,78.4,VCVC
orle,78.4,VCCV
osto,78.4,VCCV
paru,78.4,CVCV
pron,78.4,CCVC
saru,78.4,CVCV
soat,78.4,CVVC
sont,78.4,CVCC
taen,78.4,CVVC
tatr,78.4,CVCC
tenn,78.4,CVCC
tenx,78.4,CVCC
ticr,78.4,CVCC
toca,78.4,CVCV
toed,78.4,CVVC
tomu,78.4,CVCV
uhit,78.4,VCVC
ujat,78.4,VCVC
uken,78.4,VCVC
usto,78.4,VCCV
vast,78.4,CVCC
veco,78.4,CVCV
wast,78.4,CVCC
wran,78.4,CCVC
xano,78.4,CVCV
xten,78.4,CCVC
xure,78.4,CVCV
yant,78.4,CVCC
yern,78.4,CVCC
yers,78.4,CVCC
yisu,78.4,CVCV
zahe,78.4,CVCV
zana,78.4,CVCV
zehe,78.4,CVCV
zihe,78.4,CVCV
zohe,78.4,CVCV
awen,78.2,VCVC
ayat,78.2,VCVC
balu,78.2,CVCV
bear,78.2,CVVC
caso,78.2,CVCV
cian,78.2,CVVC
coal,78.2,CVVC
cuan,78.2,CVVC
deis,78.2,CVVC
derd,78.2,CVCC
doat,78.2,CVVC
dont,78.2,CVCC
duan,78.2,CVVC
erab,78.2,VCVC
erac,78.2,VCVC
erad,78.2,VCVC
eraf,78.2,VCVC
erag,78.2,VCVC
erah,78.2,VCVC
eraj,78.2,VCVC
erak,78.2,VCVC
erap,78.2,VCVC
erav,78.2,VCVC
eraw,78.2,VCVC
eray,78.2,VCVC
ewen,78.2,VCVC
eyat,78.2,VCVC
faru,78.2,CVCV
foat,78.2,CVVC
font,78.2,CVCC
fuon,78.2,CVVC
gaon,78.2,CVVC
gens,78.2,CVCC
gons,78.2,CVCC
guan,78.2,CVVC
haen,78.2,CVVC
hatr,78.2,CVCC
hoen,78.2,CVVC
huan,78.2,CVVC
inka,78.2,VCCV
inke,78.2,VCCV
inki,78.2,VCCV
isom,78.2,VCVC
iwen,78.2,VCVC
iyat,78.2,VCVC
jast,78.2,CVCC
jitu,78.2,CVCV
kaon,78.2,CVVC
keon,78.2,CVVC
lies,78.2,CVVC
liin,78.2,CVVC
luan,78.2,CVVC
meas,78.2,CVVC
meit,78.2,CVVC
miat,78.2,CVVC
moat,78.2,CVVC
mont,78.2,CVCC
muan,78.2,CVVC
neer,78.2,CVVC
neor,78.2,CVVC
ngar,78.2,CCVC
niat,78.2,CVVC
noen,78.2,CVVC
nuan,78.2,CVVC
onic,78.2,VCVC
orde,78.2,VCCV
osed,78.2,VCVC
owen,78.2,VCVC
oyat,78.2,VCVC
pasi,78.2,CVCV
pens,78.2,CVCC
pian,78.2,CVVC
poan,78.2,CVVC
pted,78.2,CCVC
ptio,78.2,CCVV
puan,78.2,CVVC
qano,78.2,CVCV
qure,78.2,CVCV
raor,78.2,CVVC
rats,78.2,CVCC
rdin,78.2,CCVC
rlin,78.2,CCVC
ruan,78.2,CVVC
sasi,78.2,CVCV
sico,78.2,CVCV
suan,78.2,CVVC
ticl,78.2,CVCC
tola,78.2,CVCV
tota,78.2,CVCV
tuan,78.2,CVVC
used,78.2,VCVC
uwen,78.2,VCVC
uyat,78.2,VCVC
valu,78.2,CVCV
vuan,78.2,CVVC
walu,78.2,CVCV
wuan,78.2,CVVC
xahe,78.2,CVCV
xana,78.2,CVCV
xehe,78.2,CVCV
xihe,78.2,CVCV
xohe,78.2,CVCV
xuhe,78.2,CVCV
zani,78.2,CVCV
zene,78.2,CVCV
zure,78.2,CVCV
ages,78.0,VCVC
ajen,78.0,VCVC
apes,78.0,VCVC
aphe,78.0,VCCV
apon,78.0,VCVC
awhe,78.0,VCCV
baon,78.0,CVVC
bele,78.0,CVCV
bons,78.0,CVCC
brea,78.0,CCVV
buon,78.0,CVVC
casa,78.0,CVCV
chei,78.0,CCVV
cheo,78.0,CCVV
cheu,78.0,CCVV
chon,78.0,CCVC
cisu,78.0,CVCV
coco,78.0,CVCV
daen,78.0,CVVC
datr,78.0,CVCC
dedr,78.0,CVCC
derk,78.0,CVCC
dien,78.0,CVVC
eges,78.0,VCVC
ejen,78.0,VCVC
epes,78.0,VCVC
ephe,78.0,VCCV
epon,78.0,VCVC
erca,78.0,VCCV
erka,78.0,VCCV
erke,78.0,VCCV
erki,78.0,VCCV
ethu,78.0,VCCV
ewhe,78.0,VCCV
fasi,78.0,CVCV
ferl,78.0,CVCC
ferm,78.0,CVCC
fiat,78.0,CVVC
garu,78.0,CVCV
geto,78.0,CVCV
hets,78.0,CVCC
hhen,78.0,CCVC
hher,78.0,CCVC
hhes,78.0,CCVC
hoto,78.0,CVCV
iges,78.0,VCVC
ijen,78.0,VCVC
inko,78.0,VCCV
inku,78.0,VCCV
insu,78.0,VCCV
ipes,78.0,VCVC
iphe,78.0,VCCV
ipon,78.0,VCVC
irit,78.0,VCVC
iwhe,78.0,VCCV
jalu,78.0,CVCV
karu,78.0,CVCV
kons,78.0,CVCC
kuon,78.0,CVVC
laso,78.0,CVCV
ldin,78.0,CCVC
loen,78.0,CVVC
meve,78.0,CVCV
naen,78.0,CVVC
natr,78.0,CVCC
noto,78.0,CVCV
ntan,78.0,CCVC
oges,78.0,VCVC
ojen,78.0,VCVC
omar,78.0,VCVC
omis,78.0,VCVC
onul,78.0,VCVC
onum,78.0,VCVC
onun,78.0,VCVC
onus,78.0,VCVC
onut,78.0,VCVC
opes,78.0,VCVC
ophe,78.0,VCCV
opon,78.0,VCVC
orur,78.0,VCVC
orve,78.0,VCCV
othu,78.0,VCCV
owhe,78.0,VCCV
peto,78.0,CVCV
pisu,78.0,CVCV
qahe,78.0,CVCV
qana,78.0,CVCV
qehe,78.0,CVCV
qihe,78.0,CVCV
qohe,78.0,CVCV
quhe,78.0,CVCV
rind,78.0,CVCC
rome,78.0,CVCV
rort,78.0,CVCC
roth,78.0,CVCC
rren,78.0,CCVC
rrer,78.0,CCVC
rres,78.0,CCVC
sece,78.0,CVCV
senc,78.0,CVCC
shan,78.0,CCVC
soen,78.0,CVVC
ssen,78.0,CCVC
taso,78.0,CVCV
thae,78.0,CCVV
thai,78.0,CCVV
thao,78.0,CCVV
thau,78.0,CCVV
theq,78.0,CCVC
thex,78.0,CCVC
thez,78.0,CCVC
thoa,78.0,CCVV
thoe,78.0,CCVV
thoi,78.0,CCVV
toge,78.0,CVCV
toha,78.0,CVCV
toho,78.0,CVCV
tope,78.0,CVCV
trea,78.0,CCVV
tter,78.0,CCVC
ttin,78.0,CCVC
uges,78.0,VCVC
ujen,78.0,VCVC
upes,78.0,VCVC
uphe,78.0,VCCV
upon,78.0,VCVC
uthu,78.0,VCCV
uwhe,78.0,VCCV
vaon,78.0,CVVC
veli,78.0,CVCV
veme,78.0,CVCV
verb,78.0,CVCC
verc,78.0,CVCC
verf,78.0,CVCC
verg,78.0,CVCC
verp,78.0,CVCC
verv,78.0,CVCC
vons,78.0,CVCC
waon,78.0,CVVC
weon,78.0,CVVC
wons,78.0,CVCC
xani,78.0,CVCV
xene,78.0,CVCV
yast,78.0,CVCC
yitu,78.0,CVCV
zuhe,78.0,CVCV
aneb,77.8,VCVC
anec,77.8,VCVC
anef,77.8,VCVC
aneg,77.8,VCVC
aneh,77.8,VCVC
anej,77.8,VCVC
anek,77.8,VCVC
anep,77.8,VCVC
anev,77.8,VCVC
anew,77.8,VCVC
aney,77.8,VCVC
atte,77.8,VCCV
ayen,77.8,VCVC
baru,77.8,CVCV
brat,77.8,CCVC
brel,77.8,CCVC
ceer,77.8,CVVC
ceor,77.8,CVVC
coar,77.8,CVVC
crea,77.8,CCVV
deas,77.8,CVVC
deit,77.8,CVVC
diof,77.8,CVVC
doen,77.8,CVVC
drea,77.8,CCVV
elal,77.8,VCVC
ensi,77.8,VCCV
erko,77.8,VCCV
erku,77.8,VCCV
erla,77.8,VCCV
esol,77.8,VCVC
esos,77.8,VCVC
esot,77.8,VCVC
esse,77.8,VCCV
eyen,77.8,VCVC
foen,77.8,CVVC
frea,77.8,CCVV
fuat,77.8,CVVC
gasi,77.8,CVCV
geal,77.8,CVVC
gent,77.8,CVCC
giat,77.8,CVVC
goat,77.8,CVVC
gont,77.8,CVCC
grea,77.8,CCVV
haso,77.8,CVCV
hink,77.8,CVCC
ione,77.8,VVCV
iseb,77.8,VCVC
isec,77.8,VCVC
isef,77.8,VCVC
iseg,77.8,VCVC
iseh,77.8,VCVC
isej,77.8,VCVC
isek,77.8,VCVC
isep,77.8,VCVC
isev,77.8,VCVC
isew,77.8,VCVC
isey,77.8,VCVC
isle,77.8,VCCV
iteq,77.8,VCVC
itex,77.8,VCVC
itez,77.8,VCVC
iyen,77.8,VCVC
jaon,77.8,CVVC
jeon,77.8,CVVC
jons,77.8,CVCC
juon,77.8,CVVC
kasi,77.8,CVCV
kerl,77.8,CVCC
kerm,77.8,CVCC
kiat,77.8,CVVC
lasa,77.8,CVCV
lcer,77.8,CCVC
lees,77.8,CVVC
lman,77.8,CCVC
loto,77.8,CVCV
maes,77.8,CVVC
meen,77.8,CVVC
mien,77.8,CVVC
moen,77.8,CVVC
mper,77.8,CCVC
ncer,77.8,CCVC
ndes,77.8,CCVC
nien,77.8,CVVC
nsan,77.8,CCVC
onso,77.8,VCCV
onta,77.8,VCCV
oure,77.8,VVCV
oyen,77.8,VCVC
paen,77.8,CVVC
patr,77.8,CVCC
peal,77.8,CVVC
pent,77.8,CVCC
prea,77.8,CCVV
qani,77.8,CVCV
qene,77.8,CVCV
raan,77.8,CVVC
rcer,77.8,CCVC
reil,77.8,CVVC
reim,77.8,CVVC
reir,77.8,CVVC
reol,77.8,CVVC
reos,77.8,CVVC
reot,77.8,CVVC
reul,77.8,CVVC
reum,77.8,CVVC
reun,77.8,CVVC
reus,77.8,CVVC
reut,77.8,CVVC
rles,77.8,CCVC
rmen,77.8,CCVC
rnin,77.8,CCVC
rorn,77.8,CVCC
rors,77.8,CVCC
rtan,77.8,CCVC
saen,77.8,CVVC
satr,77.8,CVCC
sesc,77.8,CVCC
sesk,77.8,CVCC
sesp,77.8,CVCC
shem,77.8,CCVC
shet,77.8,CCVC
sman,77.8,CCVC
soto,77.8,CVCV
tasa,77.8,CVCV
team,77.8,CVVC
tict,77.8,CVCC
tiel,77.8,CVVC
tiur,77.8,CVVC
toda,77.8,CVCV
todi,77.8,CVCV
tolo,77.8,CVCV
toso,77.8,CVCV
trat,77.8,CCVC
trel,77.8,CCVC
uyen,77.8,VCVC
varu,77.8,CVCV
waru,77.8,CVCV
yalu,77.8,CVCV
ahor,77.6,VCVC
anca,77.6,VCCV
atul,77.6,VCVC
atum,77.6,VCVC
atun,77.6,VCVC
atus,77.6,VCVC
atut,77.6,VCVC
basi,77.6,CVCV
biat,77.6,CVVC
blan,77.6,CCVC
boat,77.6,CVVC
bont,77.6,CVCC
buat,77.6,CVVC
chat,77.6,CCVC
citu,77.6,CVCV
ckin,77.6,CCVC
clan,77.6,CCVC
cond,77.6,CVCC
crat,77.6,CCVC
crel,77.6,CCVC
daso,77.6,CVCV
deve,77.6,CVCV
doto,77.6,CVCV
drat,77.6,CCVC
drel,77.6,CCVC
ehor,77.6,VCVC
erge,77.6,VCCV
erpe,77.6,VCCV
esam,77.6,VCVC
etel,77.6,VCVC
faen,77.6,CVVC
fatr,77.6,CVCC
fens,77.6,CVCC
fien,77.6,CVVC
flan,77.6,CCVC
foto,77.6,CVCV
frat,77.6,CCVC
frel,77.6,CCVC
grat,77.6,CCVC
grel,77.6,CCVC
hasa,77.6,CVCV
hice,77.6,CVCV
hile,77.6,CVCV
icis,77.6,VCVC
ihor,77.6,VCVC
indu,77.6,VCCV
intu,77.6,VCCV
jaru,77.6,CVCV
koat,77.6,CVVC
kont,77.6,CVCC
kuat,77.6,CVVC
lehi,77.6,CVCV
lend,77.6,CVCC
ltan,77.6,CCVC
meco,77.6,CVCV
miof,77.6,CVVC
moto,77.6,CVCV
naso,77.6,CVCV
ndan,77.6,CCVC
nesl,77.6,CVCC
neth,77.6,CVCC
niof,77.6,CVVC
ohor,77.6,VCVC
omit,77.6,VCVC
onsa,77.6,VCCV
orco,77.6,VCCV
otel,77.6,VCVC
ouhe,77.6,VVCV
pitu,77.6,CVCV
plan,77.6,CCVC
prat,77.6,CCVC
prel,77.6,CCVC
rasu,77.6,CVCV
rdes,77.6,CCVC
scan,77.6,CCVC
scor,77.6,CCVC
sebe,77.6,CVCV
sema,77.6,CVCV
seof,77.6,CVVC
sesw,77.6,CVCC
sies,77.6,CVVC
siin,77.6,CVVC
sper,77.6,CCVC
stas,77.6,CCVC
teed,77.6,CVVC
tiob,77.6,CVVC
tioc,77.6,CVVC
tiod,77.6,CVVC
tiog,77.6,CVVC
tioh,77.6,CVVC
tioj,77.6,CVVC
tiok,77.6,CVVC
tiop,77.6,CVVC
tiov,77.6,CVVC
tiow,77.6,CVVC
tioy,77.6,CVVC
todo,77.6,CVCV
topa,77.6,CVCV
torb,77.6,CVCC
torc,77.6,CVCC
torf,77.6,CVCC
torg,77.6,CVCC
torp,77.6,CVCC
torv,77.6,CVCC
tosa,77.6,CVCV
tsin,77.6,CCVC
uhor,77.6,VCVC
unor,77.6,VCVC
utel,77.6,VCVC
vasi,77.6,CVCV
viat,77.6,CVVC
voat,77.6,CVVC
vont,77.6,CVCC
wasi,77.6,CVCV
werl,77.6,CVCC
werm,77.6,CVCC
wiat,77.6,CVVC
woat,77.6,CVVC
wont,77.6,CVCC
wron,77.6,CCVC
yaon,77.6,CVVC
yeon,77.6,CVVC
yons,77.6,CVCC
zion,77.6,CVVC
afes,77.4,VCVC
alom,77.4,VCVC
anka,77.4,VCCV
anke,77.4,VCCV
anki,77.4,VCCV
beer,77.4,CVVC
beor,77.4,CVVC
caes,77.4,CVVC
dasa,77.4,CVCV
deen,77.4,CVVC
dico,77.4,CVCV
efes,77.4,VCVC
elar,77.4,VCVC
enic,77.4,VCVC
erlo,77.4,VCCV
feto,77.4,CVCV
fiof,77.4,CVVC
fuen,77.4,CVVC
gaen,77.4,CVVC
gatr,77.4,CVCC
gear,77.4,CVVC
gien,77.4,CVVC
glan,77.4,CCVC
goen,77.4,CVVC
ifes,77.4,VCVC
ilor,77.4,VCVC
jasi,77.4,CVCV
jerl,77.4,CVCC
jerm,77.4,CVCC
joat,77.4,CVVC
jont,77.4,CVCC
juat,77.4,CVVC
kaen,77.4,CVVC
katr,77.4,CVCC
kens,77.4,CVCC
kien,77.4,CVVC
lber,77.4,CCVC
ldes,77.4,CCVC
lela,77.4,CVCV
lmes,77.4,CCVC
lmin,77.4,CCVC
maor,77.4,CVVC
mats,77.4,CVCC
mber,77.4,CCVC
nasa,77.4,CVCV
nesm,77.4,CVCC
nesn,77.4,CVCC
olor,77.4,VCVC
omed,77.4,VCVC
onda,77.4,VCCV
ondi,77.4,VCCV
osor,77.4,VCVC
paso,77.4,CVCV
pear,77.4,CVVC
rber,77.4,CCVC
rdan,77.4,CCVC
rebr,77.4,CVCC
retr,77.4,CVCC
rink,77.4,CVCC
rkin,77.4,CCVC
rves,77.4,CCVC
saso,77.4,CVCV
slan,77.4,CCVC
smes,77.4,CCVC
smin,77.4,CCVC
snin,77.4,CCVC
stol,77.4,CCVC
stos,77.4,CCVC
stot,77.4,CCVC
ufes,77.4,VCVC
ulor,77.4,VCVC
usor,77.4,VCVC
vees,77.4,CVVC
xion,77.4,CVVC
yaru,77.4,CVCV
yuon,77.4,CVVC
zale,77.4,CVCV
zinu,77.4,CVCV
zono,77.4,CVCV
zori,77.4,CVCV
ador,77.2,VCVC
afor,77.2,VCVC
akes,77.2,VCVC
amor,77.2,VCVC
anko,77.2,VCCV
anku,77.2,VCCV
ansu,77.2,VCCV
aril,77.2,VCVC
arim,77.2,VCVC
arir,77.2,VCVC
baen,77.2,CVVC
batr,77.2,CVCC
bien,77.2,CVVC
boen,77.2,CVVC
buen,77.2,CVVC
cesl,77.2,CVCC
ceth,77.2,CVCC
cker,77.2,CCVC
code,77.2,CVCV
coma,77.2,CVCV
ctan,77.2,CCVC
deco,77.2,CVCV
efor,77.2,VCVC
ekes,77.2,VCVC
emor,77.2,VCVC
enul,77.2,VCVC
enum,77.2,VCVC
enun,77.2,VCVC
enus,77.2,VCVC
enut,77.2,VCVC
erfo,77.2,VCCV
ermi,77.2,VCCV
ermo,77.2,VCCV
erpa,77.2,VCCV
esic,77.2,VCVC
faso,77.2,CVCV
feal,77.2,CVVC
fent,77.2,CVCC
ftan,77.2,CCVC
futo,77.2,CVCV
gele,77.2,CVCV
giof,77.2,CVVC
goto,77.2,CVCV
hive,77.2,CVCV
icit,77.2,VCVC
idor,77.2,VCVC
ifor,77.2,VCVC
ikes,77.2,VCVC
ilis,77.2,VCVC
imor,77.2,VCVC
iohe,77.2,VVCV
jiat,77.2,CVVC
keto,77.2,CVCV
kiof,77.2,CVVC
knin,77.2,CCVC
koen,77.2,CVVC
kuen,77.2,CVVC
laes,77.2,CVVC
ldan,77.2,CCVC
lfin,77.2,CCVC
lkin,77.2,CCVC
lnin,77.2,CCVC
meli,77.2,CVCV
meme,77.2,CVCV
merb,77.2,CVCC
merc,77.2,CVCC
merf,77.2,CVCC
merg,77.2,CVCC
merp,77.2,CVCC
merv,77.2,CVCC
mico,77.2,CVCV
nico,77.2,CVCV
nkin,77.2,CCVC
odor,77.2,VCVC
okes,77.2,VCVC
olis,77.2,VCVC
once,77.2,VCCV
ondo,77.2,VCCV
orme,77.2,VCCV
pasa,77.2,CVCV
pele,77.2,CVCV
phan,77.2,CCVC
qion,77.2,CVVC
recr,77.2,CVCC
refr,77.2,CVCC
regr,77.2,CVCC
repr,77.2,CVCC
rice,77.2,CVCV
rile,77.2,CVCV
rnan,77.2,CCVC
rofr,77.2,CVCC
sasa,77.2,CVCV
seca,77.2,CVCV
selu,77.2,CVCV
skin,77.2,CCVC
taes,77.2,CVVC
tesq,77.2,CVCC
toga,77.2,CVCV
togi,77.2,CVCV
togo,77.2,CVCV
toka,77.2,CVCV
toke,77.2,CVCV
toki,77.2,CVCV
udor,77.2,VCVC
ufor,77.2,VCVC
ukes,77.2,VCVC
ulis,77.2,VCVC
umor,77.2,VCVC
vaen,77.2,CVVC
vatr,77.2,CVCC
vehi,77.2,CVCV
vend,77.2,CVCC
vien,77.2,CVVC
voen,77.2,CVVC
waen,77.2,CVVC
watr,77.2,CVCC
wens,77.2,CVCC
whan,77.2,CCVC
wien,77.2,CVVC
woen,77.2,CVVC
xale,77.2,CVCV
xinu,77.2,CVCV
xono,77.2,CVCV
xori,77.2,CVCV
xtes,77.2,CCVC
yasi,77.2,CVCV
yerl,77.2,CVCC
yerm,77.2,CVCC
yoat,77.2,CVVC
yont,77.2,CVCC
zata,77.2,CVCV
zona,77.2,CVCV
aati,77.0,VVCV
aghe,77.0,VCCV
aiti,77.0,VVCV
awes,77.0,VCVC
biof,77.0,CVVC
boto,77.0,CVCV
buto,77.0,CVCV
caor,77.0,CVVC
cats,77.0,CVCC
cesm,77.0,CVCC
cesn,77.0,CVCC
conk,77.0,CVCC
cour,77.0,CVVC
cuon,77.0,CVVC
duon,77.0,CVVC
eere,77.0,VVCV
eghe,77.0,VCCV
eiti,77.0,VVCV
enso,77.0,VCCV
enta,77.0,VCCV
erdu,77.0,VCCV
erfa,77.0,VCCV
erfe,77.0,VCCV
erfi,77.0,VCCV
ertu,77.0,VCCV
ewes,77.0,VCVC
fasa,77.0,CVCV
fico,77.0,CVCV
gaso,77.0,CVCV
guon,77.0,CVVC
haes,77.0,CVVC
hedl,77.0,CVCC
hedm,77.0,CVCC
hedn,77.0,CVCC
heds,77.0,CVCC
hedt,77.0,CVCC
henl,77.0,CVCC
henm,77.0,CVCC
henr,77.0,CVCC
hesr,77.0,CVCC
hial,77.0,CVVC
hitr,77.0,CVCC
hoes,77.0,CVVC
huon,77.0,CVVC
ighe,77.0,VCCV
inob,77.0,VCVC
inoc,77.0,VCVC
inod,77.0,VCVC
inog,77.0,VCVC
inoh,77.0,VCVC
inoj,77.0,VCVC
inok,77.0,VCVC
inop,77.0,VCVC
inov,77.0,VCVC
inow,77.0,VCVC
inoy,77.0,VCVC
isco,77.0,VCCV
iwes,77.0,VCVC
jaen,77.0,CVVC
jatr,77.0,CVCC
jens,77.0,CVCC
joen,77.0,CVVC
juen,77.0,CVVC
kaso,77.0,CVCV
keal,77.0,CVVC
kent,77.0,CVCC
koto,77.0,CVCV
kuto,77.0,CVCV
lelo,77.0,CVCV
lenk,77.0,CVCC
luon,77.0,CVVC
maan,77.0,CVVC
mpan,77.0,CCVC
muon,77.0,CVVC
noes,77.0,CVVC
nuon,77.0,CVVC
oghe,77.0,VCCV
oiti,77.0,VVCV
oore,77.0,VVCV
owes,77.0,VCVC
phem,77.0,CCVC
phet,77.0,CCVC
pons,77.0,CVCC
ptan,77.0,CCVC
puon,77.0,CVVC
qale,77.0,CVCV
qath,77.0,CVCC
qinu,77.0,CVCV
qith,77.0,CVCC
qono,77.0,CVCV
qori,77.0,CVCV
rebl,77.0,CVCC
recl,77.0,CVCC
refl,77.0,CVCC
renl,77.0,CVCC
renm,77.0,CVCC
renr,77.0,CVCC
repl,77.0,CVCC
resr,77.0,CVCC
rker,77.0,CCVC
rman,77.0,CCVC
rnen,77.0,CCVC
rofl,77.0,CVCC
rois,77.0,CVVC
roon,77.0,CVVC
rsan,77.0,CCVC
ruon,77.0,CVVC
seta,77.0,CVCV
suon,77.0,CVVC
thul,77.0,CCVC
thum,77.0,CCVC
thun,77.0,CCVC
thus,77.0,CCVC
thut,77.0,CCVC
tinl,77.0,CVCC
tinm,77.0,CVCC
tinr,77.0,CVCC
toba,77.0,CVCV
tobi,77.0,CVCV
tobo,77.0,CVCV
tobu,77.0,CVCV
toko,77.0,CVCV
toku,77.0,CVCV
tova,77.0,CVCV
tovi,77.0,CVCV
tovo,77.0,CVCV
towa,77.0,CVCV
towe,77.0,CVCV
towi,77.0,CVCV
towo,77.0,CVCV
tuon,77.0,CVVC
ughe,77.0,VCCV
uiti,77.0,VVCV
uwes,77.0,VCVC
vela,77.0,CVCV
viof,77.0,CVVC
voto,77.0,CVCV
vuon,77.0,CVVC
weto,77.0,CVCV
whem,77.0,CCVC
whet,77.0,CCVC
wiof,77.0,CVVC
woto,77.0,CVCV
wrea,77.0,CCVV
wuon,77.0,CVVC
xata,77.0,CVCV
xath,77.0,CVCC
xith,77.0,CVCC
xona,77.0,CVCV
yiat,77.0,CVVC
yuat,77.0,CVVC
zath,77.0,CVCC
zede,77.0,CVCV
zeru,77.0,CVCV
zith,77.0,CVCC
zoni,77.0,CVCV
zoro,77.0,CVCV
agor,76.8,VCVC
ajes,76.8,VCVC
andu,76.8,VCCV
antu,76.8,VCCV
arol,76.8,VCVC
aros,76.8,VCVC
arot,76.8,VCVC
baso,76.8,CVCV
besl,76.8,CVCC
beth,76.8,CVCC
chis,76.8,CCVC
ckan,76.8,CCVC
cohi,76.8,CVCV
daes,76.8,CVVC
deli,76.8,CVCV
deme,76.8,CVCV
derb,76.8,CVCC
derc,76.8,CVCC
derf,76.8,CVCC
derg,76.8,CVCC
derp,76.8,CVCC
derv,76.8,CVCC
dies,76.8,CVVC
diin,76.8,CVVC
edur,76.8,VCVC
egor,76.8,VCVC
ejes,76.8,VCVC
ensa,76.8,VCCV
erfu,76.8,VCCV
erga,76.8,VCCV
ergi,76.8,VCCV
ergo,76.8,VCCV
ernu,76.8,VCCV
ersu,76.8,VCCV
fear,76.8,CVVC
gasa,76.8,CVCV
gico,76.8,CVCV
hica,76.8,CVCV
hinc,76.8,CVCC
hisl,76.8,CVCC
hose,76.8,CVCV
icti,76.8,VCCV
igor,76.8,VCVC
ijes,76.8,VCVC
ilit,76.8,VCVC
inab,76.8,VCVC
inac,76.8,VCVC
inad,76.8,VCVC
inaf,76.8,VCVC
inag,76.8,VCVC
inah,76.8,VCVC
inaj,76.8,VCVC
inak,76.8,VCVC
inap,76.8,VCVC
inav,76.8,VCVC
inaw,76.8,VCVC
inay,76.8,VCVC
iral,76.8,VCVC
jeto,76.8,CVCV
jien,76.8,CVVC
joto,76.8,CVCV
juto,76.8,CVCV
kasa,76.8,CVCV
kico,76.8,CVCV
laor,76.8,CVVC
lats,76.8,CVCC
less,76.8,CVCC
lfer,76.8,CCVC
lind,76.8,CVCC
lker,76.8,CCVC
loes,76.8,CVVC
lsan,76.8,CCVC
masu,76.8,CVCV
naes,76.8,CVVC
nker,76.8,CCVC
nose,76.8,CVCV
nson,76.8,CCVC
ogor,76.8,VCVC
ojes,76.8,VCVC
olit,76.8,VCVC
qata,76.8,CVCV
qona,76.8,CVCV
regl,76.8,CVCC
rive,76.8,CVCV
role,76.8,CVCV
sege,76.8,CVCV
seha,76.8,CVCV
seho,76.8,CVCV
sepe,76.8,CVCV
shei,76.8,CCVV
sheo,76.8,CCVV
sheu,76.8,CCVV
shon,76.8,CCVC
sker,76.8,CCVC
snan,76.8,CCVC
soes,76.8,CVVC
span,76.8,CCVC
sses,76.8,CCVC
stib,76.8,CCVC
stid,76.8,CCVC
stif,76.8,CCVC
stig,76.8,CCVC
stih,76.8,CCVC
stii,76.8,CCVV
stij,76.8,CCVC
stik,76.8,CCVC
stip,76.8,CCVC
stiv,76.8,CCVC
stiw,76.8,CCVC
stiy,76.8,CCVC
swin,76.8,CCVC
taor,76.8,CVVC
tats,76.8,CVCC
thib,76.8,CCVC
thid,76.8,CCVC
thif,76.8,CCVC
thig,76.8,CCVC
thih,76.8,CCVC
thii,76.8,CCVV
thij,76.8,CCVC
thik,76.8,CCVC
thip,76.8,CCVC
thiv,76.8,CCVC
thiw,76.8,CCVC
thiy,76.8,CCVC
tiza,76.8,CVCV
tize,76.8,CVCV
tizi,76.8,CVCV
tizo,76.8,CVCV
toja,76.8,CVCV
toje,76.8,CVCV
tojo,76.8,CVCV
toju,76.8,CVCV
twin,76.8,CCVC
ugor,76.8,VCVC
ujes,76.8,VCVC
ulit,76.8,VCVC
vaso,76.8,CVCV
waso,76.8,CVCV
weal,76.8,CVVC
went,76.8,CVCC
wrat,76.8,CCVC
wrel,76.8,CCVC
xede,76.8,CVCV
xeru,76.8,CVCV
xoni,76.8,CVCV
xoro,76.8,CVCV
yaen,76.8,CVVC
yatr,76.8,CVCC
yens,76.8,CVCC
yoen,76.8,CVVC
zest,76.8,CVCC
abor,76.6,VCVC
akor,76.6,VCVC
arre,76.6,VCCV
avor,76.6,VCVC
awor,76.6,VCVC
ayes,76.6,VCVC
basa,76.6,CVCV
besm,76.6,CVCC
besn,76.6,CVCC
bico,76.6,CVCV
caan,76.6,CVVC
ciat,76.6,CVVC
coor,76.6,CVVC
cuat,76.6,CVVC
does,76.6,CVVC
duat,76.6,CVVC
ebor,76.6,VCVC
ekor,76.6,VCVC
enda,76.6,VCCV
endi,76.6,VCCV
erba,76.6,VCCV
erbi,76.6,VCCV
erbo,76.6,VCCV
erbu,76.6,VCCV
erva,76.6,VCCV
ervi,76.6,VCCV
ervo,76.6,VCCV
evor,76.6,VCVC
ewor,76.6,VCVC
eyes,76.6,VCVC
fele,76.6,CVCV
foes,76.6,CVVC
geer,76.6,CVVC
geor,76.6,CVVC
guat,76.6,CVVC
haor,76.6,CVVC
hats,76.6,CVCC
held,76.6,CVCC
hiar,76.6,CVVC
hism,76.6,CVCC
hisn,76.6,CVCC
huat,76.6,CVVC
iato,76.6,VVCV
ibor,76.6,VCVC
ikor,76.6,VCVC
inib,76.6,VCVC
inid,76.6,VCVC
inif,76.6,VCVC
inig,76.6,VCVC
inih,76.6,VCVC
inij,76.6,VCVC
inik,76.6,VCVC
inip,76.6,VCVC
iniv,76.6,VCVC
iniw,76.6,VCVC
iniy,76.6,VCVC
ishi,76.6,VCCV
isil,76.6,VCVC
isim,76.6,VCVC
isir,76.6,VCVC
ivor,76.6,VCVC
iwor,76.6,VCVC
iyes,76.6,VCVC
jaso,76.6,CVCV
jeal,76.6,CVVC
jent,76.6,CVCC
jiof,76.6,CVVC
kear,76.6,CVVC
knan,76.6,CCVC
lcan,76.6,CCVC
lcor,76.6,CCVC
lesh,76.6,CVCC
lnan,76.6,CCVC
lose,76.6,CVCV
lper,76.6,CCVC
luat,76.6,CVVC
mees,76.6,CVVC
mies,76.6,CVVC
miin,76.6,CVVC
moes,76.6,CVVC
muat,76.6,CVVC
ncan,76.6,CCVC
ncor,76.6,CCVC
neis,76.6,CVVC
nerd,76.6,CVCC
nies,76.6,CVVC
niin,76.6,CVVC
nuat,76.6,CVVC
oato,76.6,VVCV
obor,76.6,VCVC
ofri,76.6,VCCV
okor,76.6,VCVC
oneb,76.6,VCVC
onec,76.6,VCVC
onef,76.6,VCVC
oneg,76.6,VCVC
oneh,76.6,VCVC
onej,76.6,VCVC
onek,76.6,VCVC
onep,76.6,VCVC
onev,76.6,VCVC
onew,76.6,VCVC
oney,76.6,VCVC
osis,76.6,VCVC
ovor,76.6,VCVC
owor,76.6,VCVC
oyes,76.6,VCVC
paes,76.6,CVVC
peer,76.6,CVVC
peor,76.6,CVVC
piat,76.6,CVVC
poat,76.6,CVVC
pont,76.6,CVCC
puat,76.6,CVVC
qede,76.6,CVCV
qeru,76.6,CVCV
qoni,76.6,CVCV
qoro,76.6,CVCV
rais,76.6,CVVC
rcan,76.6,CCVC
rcor,76.6,CCVC
rect,76.6,CVCC
reft,76.6,CVCC
rger,76.6,CCVC
rial,76.6,CVVC
ritr,76.6,CVCC
rkan,76.6,CCVC
rmes,76.6,CCVC
rmin,76.6,CCVC
roft,76.6,CVCC
roit,76.6,CVVC
rorl,76.6,CVCC
rorm,76.6,CVCC
rper,76.6,CCVC
ruat,76.6,CVVC
saes,76.6,CVVC
snen,76.6,CCVC
sose,76.6,CVCV
suat,76.6,CVVC
teom,76.6,CVVC
teur,76.6,CVVC
tixa,76.6,CVCV
tixe,76.6,CVCV
tixi,76.6,CVCV
tixo,76.6,CVCV
tixu,76.6,CVCV
toji,76.6,CVCV
toya,76.6,CVCV
toye,76.6,CVCV
toyo,76.6,CVCV
tuat,76.6,CVVC
uato,76.6,VVCV
ubor,76.6,VCVC
ukor,76.6,VCVC
usis,76.6,VCVC
uvor,76.6,VCVC
uwor,76.6,VCVC
uyes,76.6,VCVC
vasa,76.6,CVCV
velo,76.6,CVCV
venk,76.6,CVCC
vico,76.6,CVCV
vuat,76.6,CVVC
wasa,76.6,CVCV
wico,76.6,CVCV
wuat,76.6,CVVC
xest,76.6,CVCC
yeto,76.6,CVCV
yien,76.6,CVVC
yoto,76.6,CVCV
yuen,76.6,CVVC
zanu,76.6,CVCV
zeno,76.6,CVCV
zora,76.6,CVCV
abre,76.4,VCCV
ajor,76.4,VCVC
alil,76.4,VCVC
alim,76.4,VCVC
alir,76.4,VCVC
aram,76.4,VCVC
astu,76.4,VCCV
azin,76.4,VCVC
casu,76.4,CVCV
chit,76.4,CCVC
daor,76.4,CVVC
dats,76.4,CVCC
dose,76.4,CVCV
ebre,76.4,VCCV
ejor,76.4,VCVC
ence,76.4,VCCV
endo,76.4,VCCV
esne,76.4,VCCV
etil,76.4,VCVC
etim,76.4,VCVC
etir,76.4,VCVC
etre,76.4,VCCV
ezin,76.4,VCVC
faes,76.4,CVVC
fies,76.4,CVVC
fiin,76.4,CVVC
fose,76.4,CVCV
helk,76.4,CVCC
hime,76.4,CVCV
ibre,76.4,VCCV
ijor,76.4,VCVC
irar,76.4,VCVC
isme,76.4,VCCV
isur,76.4,VCVC
izin,76.4,VCVC
jasa,76.4,CVCV
kele,76.4,CVCV
knen,76.4,CCVC
laan,76.4,CVVC
lfan,76.4,CCVC
lkan,76.4,CCVC
lnen,76.4,CCVC
mehi,76.4,CVCV
mend,76.4,CVCC
mose,76.4,CVCV
naor,76.4,CVVC
nats,76.4,CVCC
nedr,76.4,CVCC
nerk,76.4,CVCC
nkan,76.4,CCVC
ntat,76.4,CCVC
ntof,76.4,CCVC
obre,76.4,VCCV
ofol,76.4,VCVC
ofos,76.4,VCVC
ofot,76.4,VCVC
ojor,76.4,VCVC
onca,76.4,VCCV
orne,76.4,VCCV
otil,76.4,VCVC
otim,76.4,VCVC
otir,76.4,VCVC
otre,76.4,VCCV
ozin,76.4,VCVC
qest,76.4,CVCC
rand,76.4,CVCC
reab,76.4,CVVC
reac,76.4,CVVC
read,76.4,CVVC
reaf,76.4,CVVC
reag,76.4,CVVC
reah,76.4,CVVC
reaj,76.4,CVVC
reak,76.4,CVVC
reap,76.4,CVVC
reav,76.4,CVVC
reaw,76.4,CVVC
reay,76.4,CVVC
reic,76.4,CVVC
rekn,76.4,CVCC
rept,76.4,CVCC
rewr,76.4,CVCC
rfin,76.4,CCVC
rica,76.4,CVCV
rinc,76.4,CVCC
risl,76.4,CVCC
rlan,76.4,CCVC
rove,76.4,CVCV
scen,76.4,CCVC
sefo,76.4,CVCV
semi,76.4,CVCV
semo,76.4,CVCV
sepa,76.4,CVCV
serr,76.4,CVCC
shat,76.4,CCVC
skan,76.4,CCVC
stoa,76.4,CCVV
stoe,76.4,CCVV
stoi,76.4,CCVV
swer,76.4,CCVC
taan,76.4,CVVC
tiqa,76.4,CVCV
tiqe,76.4,CVCV
tiqi,76.4,CVCV
tiqo,76.4,CVCV
tiqu,76.4,CVCV
tisq,76.4,CVCC
tizu,76.4,CVCV
toyi,76.4,CVCV
toyu,76.4,CVCV
tten,76.4,CCVC
twer,76.4,CCVC
ubre,76.4,VCCV
ujor,76.4,VCVC
util,76.4,VCVC
utim,76.4,VCVC
utir,76.4,VCVC
utre,76.4,VCCV
uzin,76.4,VCVC
vess,76.4,CVCC
wear,76.4,CVVC
xanu,76.4,CVCV
xeno,76.4,CVCV
xora,76.4,CVCV
xtis,76.4,CCVC
yaso,76.4,CVCV
yeal,76.4,CVVC
yent,76.4,CVCC
yiof,76.4,CVVC
yuto,76.4,CVCV
zena,76.4,CVCV
acre,76.2,VCCV
adre,76.2,VCCV
afre,76.2,VCCV
agre,76.2,VCCV
anob,76.2,VCVC
anoc,76.2,VCVC
anod,76.2,VCVC
anog,76.2,VCVC
anoh,76.2,VCVC
anoj,76.2,VCVC
anok,76.2,VCVC
anop,76.2,VCVC
anov,76.2,VCVC
anow,76.2,VCVC
anoy,76.2,VCVC
apre,76.2,VCCV
atsi,76.2,VCCV
axin,76.2,VCVC
ayor,76.2,VCVC
bror,76.2,CCVC
ceis,76.2,CVVC
cerd,76.2,CVCC
cien,76.2,CVVC
cuen,76.2,CVVC
dees,76.2,CVVC
duen,76.2,CVVC
ecre,76.2,VCCV
edam,76.2,VCVC
edil,76.2,VCVC
edim,76.2,VCVC
edir,76.2,VCVC
edri,76.2,VCCV
efre,76.2,VCCV
egre,76.2,VCCV
epre,76.2,VCCV
esce,76.2,VCCV
esli,76.2,VCCV
exin,76.2,VCVC
eyor,76.2,VCVC
fues,76.2,CVVC
gaes,76.2,CVVC
ghan,76.2,CCVC
gies,76.2,CVVC
giin,76.2,CVVC
goes,76.2,CVVC
guen,76.2,CVVC
haan,76.2,CVVC
helf,76.2,CVCC
huen,76.2,CVVC
iced,76.2,VCVC
idre,76.2,VCCV
ifre,76.2,VCCV
igre,76.2,VCCV
iled,76.2,VCVC
iono,76.2,VVCV
iori,76.2,VVCV
ipre,76.2,VCCV
ixin,76.2,VCVC
iyor,76.2,VCVC
jear,76.2,CVVC
jico,76.2,CVCV
kaes,76.2,CVVC
kies,76.2,CVVC
kiin,76.2,CVVC
lasu,76.2,CVCV
link,76.2,CVCC
lmat,76.2,CCVC
luen,76.2,CVVC
mela,76.2,CVCV
mpin,76.2,CCVC
muen,76.2,CVVC
ndon,76.2,CCVC
neas,76.2,CVVC
neit,76.2,CVVC
nsat,76.2,CCVC
nuen,76.2,CVVC
ocre,76.2,VCCV
odre,76.2,VCCV
ofam,76.2,VCVC
ofem,76.2,VCVC
ofet,76.2,VCVC
ofil,76.2,VCVC
ofim,76.2,VCVC
ofir,76.2,VCVC
ofro,76.2,VCCV
ogre,76.2,VCCV
oled,76.2,VCVC
onka,76.2,VCCV
onke,76.2,VCCV
onki,76.2,VCCV
opre,76.2,VCCV
osit,76.2,VCVC
oxin,76.2,VCVC
oyor,76.2,VCVC
paor,76.2,CVVC
pats,76.2,CVCC
pien,76.2,CVVC
poen,76.2,CVVC
puen,76.2,CVVC
qanu,76.2,CVCV
qeno,76.2,CVCV
qora,76.2,CVCV
raat,76.2,CVVC
rait,76.2,CVVC
reel,76.2,CVVC
rgin,76.2,CCVC
riar,76.2,CVVC
rism,76.2,CVCC
risn,76.2,CVCC
rnon,76.2,CCVC
roal,76.2,CVVC
rtat,76.2,CCVC
rtof,76.2,CCVC
ruen,76.2,CVVC
saor,76.2,CVVC
sats,76.2,CVCC
sefa,76.2,CVCV
sefe,76.2,CVCV
sefi,76.2,CVCV
sind,76.2,CVCC
smat,76.2,CCVC
suen,76.2,CVVC
tasu,76.2,CVCV
tror,76.2,CCVC
tuen,76.2,CVVC
ucre,76.2,VCCV
udre,76.2,VCCV
ufre,76.2,VCCV
ugre,76.2,VCCV
uled,76.2,VCVC
upre,76.2,VCCV
ureb,76.2,VCVC
urec,76.2,VCVC
uref,76.2,VCVC
ureg,76.2,VCVC
ureh,76.2,VCVC
urej,76.2,VCVC
urek,76.2,VCVC
urep,76.2,VCVC
urev,76.2,VCVC
urew,76.2,VCVC
urey,76.2,VCVC
urof,76.2,VCVC
urti,76.2,VCCV
usit,76.2,VCVC
uxin,76.2,VCVC
uyor,76.2,VCVC
vesh,76.2,CVCC
vuen,76.2,CVVC
wele,76.2,CVCV
wuen,76.2,CVVC
xena,76.2,CVCV
yasa,76.2,CVCV
zase,76.2,CVCV
zeni,76.2,CVCV
zire,76.2,CVCV
redl,76.2,CVCC
redm,76.2,CVCC
redn,76.2,CVCC
reds,76.2,CVCC
redt,76.2,CVCC
aheb,76.0,VCVC
ahec,76.0,VCVC
ahef,76.0,VCVC
aheg,76.0,VCVC
aheh,76.0,VCVC
ahej,76.0,VCVC
ahek,76.0,VCVC
ahep,76.0,VCVC
ahev,76.0,VCVC
ahew,76.0,VCVC
ahey,76.0,VCVC
alhe,76.0,VCCV
amal,76.0,VCVC
anab,76.0,VCVC
anac,76.0,VCVC
anad,76.0,VCVC
anaf,76.0,VCVC
anag,76.0,VCVC
anah,76.0,VCVC
anaj,76.0,VCVC
anak,76.0,VCVC
anap,76.0,VCVC
anav,76.0,VCVC
anaw,76.0,VCVC
anay,76.0,VCVC
anhe,76.0,VCCV
anre,76.0,VCCV
aqin,76.0,VCVC
azer,76.0,VCVC
baes,76.0,CVVC
bies,76.0,CVVC
biin,76.0,CVVC
blat,76.0,CCVC
blon,76.0,CCVC
boes,76.0,CVVC
bues,76.0,CVVC
cedr,76.0,CVCC
cerk,76.0,CVCC
ciof,76.0,CVVC
clat,76.0,CCVC
clon,76.0,CCVC
comi,76.0,CVCV
como,76.0,CVCV
conc,76.0,CVCC
cror,76.0,CCVC
cuto,76.0,CVCV
daan,76.0,CVVC
dehi,76.0,CVCV
dend,76.0,CVCC
dror,76.0,CCVC
duto,76.0,CVCV
dwin,76.0,CCVC
edhe,76.0,VCCV
edol,76.0,VCVC
edos,76.0,VCVC
edot,76.0,VCVC
eheb,76.0,VCVC
ehec,76.0,VCVC
ehef,76.0,VCVC
eheg,76.0,VCVC
eheh,76.0,VCVC
ehej,76.0,VCVC
ehek,76.0,VCVC
ehep,76.0,VCVC
ehev,76.0,VCVC
ehew,76.0,VCVC
ehey,76.0,VCVC
elti,76.0,VCCV
emal,76.0,VCVC
enhe,76.0,VCCV
enre,76.0,VCCV
eqin,76.0,VCVC
erhe,76.0,VCCV
esre,76.0,VCCV
esul,76.0,VCVC
esum,76.0,VCVC
esun,76.0,VCVC
esus,76.0,VCVC
esut,76.0,VCVC
ezer,76.0,VCVC
faor,76.0,CVVC
fats,76.0,CVCC
feer,76.0,CVVC
feor,76.0,CVVC
flat,76.0,CCVC
flon,76.0,CCVC
fror,76.0,CCVC
fuse,76.0,CVCV
gesl,76.0,CVCC
geth,76.0,CVCC
ghem,76.0,CCVC
ghet,76.0,CCVC
gose,76.0,CVCV
gror,76.0,CCVC
guto,76.0,CVCV
hasu,76.0,CVCV
hech,76.0,CVCC
heem,76.0,CVVC
heet,76.0,CVVC
hide,76.0,CVCV
home,76.0,CVCV
hort,76.0,CVCC
hoth,76.0,CVCC
huto,76.0,CVCV
icas,76.0,VCVC
iheb,76.0,VCVC
ihec,76.0,VCVC
ihef,76.0,VCVC
iheg,76.0,VCVC
iheh,76.0,VCVC
ihej,76.0,VCVC
ihek,76.0,VCVC
ihep,76.0,VCVC
ihev,76.0,VCVC
ihew,76.0,VCVC
ihey,76.0,VCVC
imal,76.0,VCVC
inci,76.0,VCCV
incu,76.0,VCCV
inhe,76.0,VCCV
inre,76.0,VCCV
iona,76.0,VVCV
iqin,76.0,VCVC
itur,76.0,VCVC
izer,76.0,VCVC
jele,76.0,CVCV
koes,76.0,CVVC
kues,76.0,CVVC
lbin,76.0,CCVC
lece,76.0,CVCV
lenc,76.0,CVCC
lice,76.0,CVCV
lile,76.0,CVCV
ltat,76.0,CCVC
ltof,76.0,CCVC
luto,76.0,CVCV
mbin,76.0,CCVC
muto,76.0,CVCV
naan,76.0,CVVC
ndat,76.0,CCVC
neve,76.0,CVCV
nome,76.0,CVCV
nort,76.0,CVCC
noth,76.0,CVCC
nuto,76.0,CVCV
ofhe,76.0,VCCV
oful,76.0,VCVC
ofum,76.0,VCVC
ofun,76.0,VCVC
ofus,76.0,VCVC
ofut,76.0,VCVC
oheb,76.0,VCVC
ohec,76.0,VCVC
ohef,76.0,VCVC
oheg,76.0,VCVC
oheh,76.0,VCVC
ohej,76.0,VCVC
ohek,76.0,VCVC
ohep,76.0,VCVC
ohev,76.0,VCVC
ohew,76.0,VCVC
ohey,76.0,VCVC
onhe,76.0,VCCV
onko,76.0,VCCV
onku,76.0,VCCV
onre,76.0,VCCV
onsu,76.0,VCCV
oqin,76.0,VCVC
orhe,76.0,VCCV
ozer,76.0,VCVC
pesl,76.0,CVCC
peth,76.0,CVCC
phei,76.0,CCVV
pheo,76.0,CCVV
pheu,76.0,CCVV
phon,76.0,CCVC
piof,76.0,CVVC
plat,76.0,CCVC
plon,76.0,CCVC
poto,76.0,CVCV
pror,76.0,CCVC
puto,76.0,CVCV
qena,76.0,CVCV
rave,76.0,CVCV
rbin,76.0,CCVC
rdon,76.0,CCVC
rfer,76.0,CCVC
rime,76.0,CVCV
roco,76.0,CVCV
rson,76.0,CCVC
ruto,76.0,CVCV
rvin,76.0,CCVC
scat,76.0,CCVC
scin,76.0,CCVC
sefu,76.0,CVCV
sega,76.0,CVCV
segi,76.0,CVCV
sego,76.0,CVCV
seka,76.0,CVCV
seke,76.0,CVCV
seki,76.0,CVCV
spin,76.0,CCVC
suto,76.0,CVCV
swan,76.0,CCVC
thua,76.0,CCVV
thue,76.0,CCVV
thui,76.0,CCVV
thuo,76.0,CCVV
titt,76.0,CVCC
toci,76.0,CVCV
tocu,76.0,CVCV
todu,76.0,CVCV
togu,76.0,CVCV
tohu,76.0,CVCV
tolu,76.0,CVCV
tonn,76.0,CVCC
tonx,76.0,CVCC
topi,76.0,CVCV
topo,76.0,CVCV
topu,76.0,CVCV
tosu,76.0,CVCV
totu,76.0,CVCV
tovu,76.0,CVCV
towu,76.0,CVCV
tuto,76.0,CVCV
twan,76.0,CCVC
uheb,76.0,VCVC
uhec,76.0,VCVC
uhef,76.0,VCVC
uheg,76.0,VCVC
uheh,76.0,VCVC
uhej,76.0,VCVC
uhek,76.0,VCVC
uhep,76.0,VCVC
uhev,76.0,VCVC
uhew,76.0,VCVC
uhey,76.0,VCVC
umal,76.0,VCVC
uqin,76.0,VCVC
uras,76.0,VCVC
uzer,76.0,VCVC
vaes,76.0,CVVC
vies,76.0,CVVC
viin,76.0,CVVC
voes,76.0,CVVC
vuto,76.0,CVCV
waes,76.0,CVVC
whei,76.0,CCVV
wheo,76.0,CCVV
wheu,76.0,CCVV
whon,76.0,CCVC
wies,76.0,CVVC
wiin,76.0,CVVC
woes,76.0,CVVC
wuto,76.0,CVCV
xase,76.0,CVCV
xeni,76.0,CVCV
xire,76.0,CVCV
xtit,76.0,CCVC
xton,76.0,CCVC
year,76.0,CVVC
yico,76.0,CVCV
zesi,76.0,CVCV
aate,75.8,VVCV
acof,75.8,VCVC
adis,75.8,VCVC
aite,75.8,VVCV
anib,75.8,VCVC
anid,75.8,VCVC
anif,75.8,VCVC
anig,75.8,VCVC
anih,75.8,VCVC
anij,75.8,VCVC
anik,75.8,VCVC
anip,75.8,VCVC
aniv,75.8,VCVC
aniw,75.8,VCVC
aniy,75.8,VCVC
arhe,75.8,VCCV
aric,75.8,VCVC
aved,75.8,VCVC
axer,75.8,VCVC
beis,75.8,CVVC
berd,75.8,CVCC
bose,75.8,CVCV
buse,75.8,CVCV
ceas,75.8,CVVC
ceit,75.8,CVVC
dasu,75.8,CVCV
dela,75.8,CVCV
ecof,75.8,VCVC
edro,75.8,VCCV
eite,75.8,VVCV
eneb,75.8,VCVC
enec,75.8,VCVC
enef,75.8,VCVC
eneg,75.8,VCVC
eneh,75.8,VCVC
enej,75.8,VCVC
enek,75.8,VCVC
enep,75.8,VCVC
enev,75.8,VCVC
enew,75.8,VCVC
eney,75.8,VCVC
eseq,75.8,VCVC
esex,75.8,VCVC
esez,75.8,VCVC
esha,75.8,VCCV
esho,75.8,VCCV
eved,75.8,VCVC
exer,75.8,VCVC
fuor,75.8,CVVC
gaor,75.8,CVVC
gats,75.8,CVCC
gesm,75.8,CVCC
gesn,75.8,CVCC
glat,75.8,CCVC
glon,75.8,CCVC
horn,75.8,CVCC
hors,75.8,CVCC
idis,75.8,VCVC
ioni,75.8,VVCV
ioro,75.8,VVCV
isol,75.8,VCVC
isos,75.8,VCVC
isot,75.8,VCVC
isse,75.8,VCCV
itam,75.8,VCVC
ived,75.8,VCVC
ixer,75.8,VCVC
jaes,75.8,CVVC
joes,75.8,CVVC
jues,75.8,CVVC
kaor,75.8,CVVC
kats,75.8,CVCC
keer,75.8,CVVC
keor,75.8,CVVC
kose,75.8,CVCV
kuse,75.8,CVCV
ldon,75.8,CCVC
lesc,75.8,CVCC
lesk,75.8,CVCC
lesp,75.8,CVCC
lome,75.8,CVCV
lort,75.8,CVCC
loth,75.8,CVCC
lpan,75.8,CCVC
lson,75.8,CCVC
mais,75.8,CVVC
melo,75.8,CVCV
menk,75.8,CVCC
nasu,75.8,CVCV
neen,75.8,CVVC
norn,75.8,CVCC
nors,75.8,CVCC
ocof,75.8,VCVC
odis,75.8,VCVC
ofra,75.8,VCCV
oite,75.8,VVCV
oved,75.8,VCVC
oxer,75.8,VCVC
paan,75.8,CVVC
pesm,75.8,CVCC
pesn,75.8,CVCC
qase,75.8,CVCV
qeni,75.8,CVCV
qire,75.8,CVCV
rank,75.8,CVCC
rdat,75.8,CCVC
rets,75.8,CVCC
rnes,75.8,CCVC
roar,75.8,CVVC
rpan,75.8,CCVC
saan,75.8,CVVC
seba,75.8,CVCV
sebi,75.8,CVCV
sebo,75.8,CVCV
sebu,75.8,CVCV
seko,75.8,CVCV
seku,75.8,CVCV
seva,75.8,CVCV
sevi,75.8,CVCV
sevo,75.8,CVCV
sewa,75.8,CVCV
sewe,75.8,CVCV
sewi,75.8,CVCV
sewo,75.8,CVCV
slat,75.8,CCVC
slon,75.8,CCVC
snon,75.8,CCVC
some,75.8,CVCV
sort,75.8,CVCC
soth,75.8,CVCC
telt,75.8,CVCC
tsan,75.8,CCVC
ucof,75.8,VCVC
udis,75.8,VCVC
uite,75.8,VVCV
uved,75.8,VCVC
uxer,75.8,VCVC
vose,75.8,CVCV
wose,75.8,CVCV
xesi,75.8,CVCV
yele,75.8,CVCV
acal,75.6,VCVC
alde,75.6,VCCV
alme,75.6,VCCV
alur,75.6,VCVC
amar,75.6,VCVC
amis,75.6,VCVC
apor,75.6,VCVC
aqer,75.6,VCVC
arle,75.6,VCCV
azan,75.6,VCVC
baor,75.6,CVVC
bats,75.6,CVCC
bedr,75.6,CVCC
berk,75.6,CVCC
buor,75.6,CVVC
ceve,75.6,CVCV
chor,75.6,CCVC
cico,75.6,CVCV
ctat,75.6,CCVC
ctof,75.6,CCVC
dome,75.6,CVCV
dort,75.6,CVCC
doth,75.6,CVCC
dwer,75.6,CCVC
ecal,75.6,VCVC
emar,75.6,VCVC
emis,75.6,VCVC
enca,75.6,VCCV
epor,75.6,VCVC
eqer,75.6,VCVC
erci,75.6,VCCV
ercu,75.6,VCCV
ergu,75.6,VCCV
erlu,75.6,VCCV
ermu,75.6,VCCV
erpi,75.6,VCCV
erpo,75.6,VCCV
erpu,75.6,VCCV
ervu,75.6,VCCV
esma,75.6,VCCV
ezan,75.6,VCVC
faan,75.6,CVVC
fome,75.6,CVCV
fort,75.6,CVCC
foth,75.6,CVCC
ftat,75.6,CCVC
ftof,75.6,CCVC
hihi,75.6,CVCV
icte,75.6,VCCV
imar,75.6,VCVC
imis,75.6,VCVC
ipor,75.6,VCVC
iqer,75.6,VCVC
isam,75.6,VCVC
itri,75.6,VCCV
izan,75.6,VCVC
jies,75.6,CVVC
jiin,75.6,CVVC
jose,75.6,CVCV
juse,75.6,CVCV
knon,75.6,CCVC
kuor,75.6,CVVC
ldat,75.6,CCVC
lebe,75.6,CVCV
lema,75.6,CVCV
leof,75.6,CVVC
lesw,75.6,CVCC
live,75.6,CVCV
lnon,75.6,CCVC
lorn,75.6,CVCC
lors,75.6,CVCC
mand,75.6,CVCC
mess,75.6,CVCC
mome,75.6,CVCV
mort,75.6,CVCC
moth,75.6,CVCC
neco,75.6,CVCV
nged,75.6,CCVC
ocal,75.6,VCVC
ondu,75.6,VCCV
ontu,75.6,VCCV
opor,75.6,VCVC
oqer,75.6,VCVC
orul,75.6,VCVC
orum,75.6,VCVC
orun,75.6,VCVC
orus,75.6,VCVC
orut,75.6,VCVC
ozan,75.6,VCVC
pasu,75.6,CVCV
phat,75.6,CCVC
pico,75.6,CVCV
qesi,75.6,CVCV
raco,75.6,CVCV
rfan,75.6,CCVC
ride,75.6,CVCV
rnat,75.6,CCVC
rond,75.6,CVCC
sasu,75.6,CVCV
seja,75.6,CVCV
seje,75.6,CVCV
sejo,75.6,CVCV
seju,75.6,CVCV
shis,75.6,CCVC
sink,75.6,CVCC
sorn,75.6,CVCC
sors,75.6,CVCC
steb,75.6,CCVC
stec,75.6,CCVC
stee,75.6,CCVV
stef,75.6,CCVC
steg,75.6,CCVC
steh,75.6,CCVC
stej,75.6,CCVC
stek,75.6,CCVC
step,75.6,CCVC
stev,75.6,CCVC
stew,75.6,CCVC
stey,75.6,CCVC
tels,75.6,CVCC
teza,75.6,CVCV
teze,75.6,CVCV
tezi,75.6,CVCV
tezo,75.6,CVCV
ucal,75.6,VCVC
umar,75.6,VCVC
umis,75.6,VCVC
unis,75.6,VCVC
upor,75.6,VCVC
uqer,75.6,VCVC
uzan,75.6,VCVC
vaor,75.6,CVVC
vats,75.6,CVCC
vece,75.6,CVCV
venc,75.6,CVCC
waor,75.6,CVVC
wats,75.6,CVCC
weer,75.6,CVVC
weor,75.6,CVVC
what,75.6,CCVC
yaes,75.6,CVVC
yoes,75.6,CVVC
adit,75.4,VCVC
afis,75.4,VCVC
alam,75.4,VCVC
arde,75.4,VCCV
atso,75.4,VCCV
atwa,75.4,VCCV
atwe,75.4,VCCV
atwi,75.4,VCCV
atwo,75.4,VCCV
awre,75.4,VCCV
axan,75.4,VCVC
beas,75.4,CVVC
beit,75.4,CVVC
brem,75.4,CCVC
bret,75.4,CCVC
cais,75.4,CVVC
ceen,75.4,CVVC
ckon,75.4,CCVC
cost,75.4,CVCC
delo,75.4,CVCV
denk,75.4,CVCC
dind,75.4,CVCC
dorn,75.4,CVCC
dors,75.4,CVCC
eane,75.4,VVCV
edra,75.4,VCCV
efis,75.4,VCVC
enka,75.4,VCCV
enke,75.4,VCCV
enki,75.4,VCCV
esca,75.4,VCCV
etal,75.4,VCVC
ewre,75.4,VCCV
exan,75.4,VCVC
fasu,75.4,CVCV
fesl,75.4,CVCC
feth,75.4,CVCC
forn,75.4,CVCC
fors,75.4,CVCC
gaan,75.4,CVVC
helb,75.4,CVCC
helc,75.4,CVCC
help,75.4,CVCC
hiom,75.4,CVVC
hits,75.4,CVCC
idit,75.4,VCVC
ifis,75.4,VCVC
ilal,75.4,VCVC
iora,75.4,VVCV
iwre,75.4,VCCV
ixan,75.4,VCVC
jaor,75.4,CVVC
jats,75.4,CVCC
jeer,75.4,CVVC
jeor,75.4,CVVC
juor,75.4,CVVC
kaan,75.4,CVVC
lcen,75.4,CCVC
lfon,75.4,CCVC
lial,75.4,CVVC
litr,75.4,CVCC
lmon,75.4,CCVC
maat,75.4,CVVC
mait,75.4,CVVC
mesh,75.4,CVCC
morn,75.4,CVCC
mors,75.4,CVCC
mpat,75.4,CCVC
mpen,75.4,CCVC
ncen,75.4,CCVC
ngas,75.4,CCVC
odit,75.4,VCVC
olal,75.4,VCVC
orsi,75.4,VCCV
otal,75.4,VCVC
owre,75.4,VCCV
oxan,75.4,VCVC
ptat,75.4,CCVC
ptof,75.4,CCVC
rcen,75.4,CCVC
rgan,75.4,CCVC
rmat,75.4,CCVC
rsat,75.4,CCVC
seji,75.4,CVCV
seya,75.4,CVCV
seye,75.4,CVCV
seyo,75.4,CVCV
sice,75.4,CVCV
sile,75.4,CVCV
smon,75.4,CCVC
snes,75.4,CCVC
telm,75.4,CVCC
tenl,75.4,CVCC
tenm,75.4,CVCC
tenr,75.4,CVCC
texa,75.4,CVCV
texe,75.4,CVCV
texi,75.4,CVCV
texo,75.4,CVCV
texu,75.4,CVCV
tiam,75.4,CVVC
tiem,75.4,CVVC
tiet,75.4,CVVC
tiul,75.4,CVVC
tium,75.4,CVVC
tiun,75.4,CVVC
tius,75.4,CVVC
tiut,75.4,CVVC
trem,75.4,CCVC
tret,75.4,CCVC
udit,75.4,VCVC
ufis,75.4,VCVC
ulal,75.4,VCVC
utal,75.4,VCVC
uwre,75.4,VCCV
uxan,75.4,VCVC
vesc,75.4,CVCC
vesk,75.4,CVCC
vesp,75.4,CVCC
yies,75.4,CVVC
yiin,75.4,CVVC
yose,75.4,CVCV
yues,75.4,CVVC
zonu,75.4,CVCV
acar,75.2,VCVC
agis,75.2,VCVC
ahal,75.2,VCVC
akis,75.2,VCVC
alco,75.2,VCCV
amit,75.2,VCVC
anci,75.2,VCCV
ancu,75.2,VCCV
aqan,75.2,VCVC
arur,75.2,VCVC
arve,75.2,VCCV
atru,75.2,VCCV
atsa,75.2,VCCV
baan,75.2,CVVC
beve,75.2,CVCV
cand,75.2,CVCC
ceco,75.2,CVCV
ckat,75.2,CCVC
coce,75.2,CVCV
coli,75.2,CVCV
crem,75.2,CCVC
cret,75.2,CCVC
dess,75.2,CVCC
drem,75.2,CCVC
dret,75.2,CCVC
dwan,75.2,CCVC
ecar,75.2,VCVC
egis,75.2,VCVC
ehal,75.2,VCVC
ekis,75.2,VCVC
emit,75.2,VCVC
enko,75.2,VCCV
enku,75.2,VCCV
ensu,75.2,VCCV
eqan,75.2,VCVC
esla,75.2,VCCV
etem,75.2,VCVC
etet,75.2,VCVC
fesm,75.2,CVCC
fesn,75.2,CVCC
frem,75.2,CCVC
fret,75.2,CCVC
futh,75.2,CVCC
gasu,75.2,CVCV
gome,75.2,CVCV
gort,75.2,CVCC
goth,75.2,CVCC
grem,75.2,CCVC
gret,75.2,CCVC
hiri,75.2,CVCV
hofr,75.2,CVCC
igis,75.2,VCVC
ihal,75.2,VCVC
ikis,75.2,VCVC
imit,75.2,VCVC
ions,75.2,VVCC
iqan,75.2,VCVC
isic,75.2,VCVC
itro,75.2,VCCV
kasu,75.2,CVCV
kesl,75.2,CVCC
keth,75.2,CVCC
knes,75.2,CCVC
lais,75.2,CVVC
lban,75.2,CCVC
leca,75.2,CVCV
lelu,75.2,CVCV
lica,75.2,CVCV
linc,75.2,CVCC
lisl,75.2,CVCC
ller,75.2,CCVC
lnes,75.2,CCVC
lsat,75.2,CCVC
mave,75.2,CVCV
mban,75.2,CCVC
mind,75.2,CVCC
neli,75.2,CVCV
neme,75.2,CVCV
nerb,75.2,CVCC
nerc,75.2,CVCC
nerf,75.2,CVCC
nerg,75.2,CVCC
nerp,75.2,CVCC
nerv,75.2,CVCC
ngof,75.2,CCVC
nind,75.2,CVCC
nofr,75.2,CVCC
nsed,75.2,CCVC
ntou,75.2,CCVV
ocar,75.2,VCVC
ofli,75.2,VCCV
ogis,75.2,VCVC
ohal,75.2,VCVC
okis,75.2,VCVC
omas,75.2,VCVC
oqan,75.2,VCVC
orta,75.2,VCCV
otem,75.2,VCVC
otet,75.2,VCVC
prem,75.2,CCVC
pret,75.2,CCVC
rame,75.2,CVCV
rban,75.2,CCVC
rihi,75.2,CVCV
rkon,75.2,CCVC
rode,75.2,CVCV
roma,75.2,CVCV
rvan,75.2,CCVC
sces,75.2,CCVC
sedw,75.2,CVCC
seyi,75.2,CVCV
seyu,75.2,CVCV
shit,75.2,CCVC
snat,75.2,CCVC
spat,75.2,CCVC
spen,75.2,CCVC
tais,75.2,CVVC
teln,75.2,CVCC
teqa,75.2,CVCV
teqe,75.2,CVCV
teqi,75.2,CVCV
teqo,75.2,CVCV
tequ,75.2,CVCV
tezu,75.2,CVCV
ttes,75.2,CCVC
ucar,75.2,VCVC
ugis,75.2,VCVC
uhal,75.2,VCVC
ukis,75.2,VCVC
umit,75.2,VCVC
unit,75.2,VCVC
uqan,75.2,VCVC
utem,75.2,VCVC
utet,75.2,VCVC
vaan,75.2,CVVC
vebe,75.2,CVCV
vema,75.2,CVCV
veof,75.2,CVVC
vesw,75.2,CVCC
waan,75.2,CVVC
wror,75.2,CCVC
xonu,75.2,CVCV
yaor,75.2,CVVC
yats,75.2,CVCC
yeer,75.2,CVVC
yeor,75.2,CVVC
yuse,75.2,CVCV
zean,75.2,CVVC
zeso,75.2,CVCV
zior,75.2,CVVC
abis,75.0,VCVC
adal,75.0,VCVC
afit,75.0,VCVC
aith,75.0,VVCC
aleb,75.0,VCVC
alec,75.0,VCVC
alef,75.0,VCVC
aleg,75.0,VCVC
aleh,75.0,VCVC
alej,75.0,VCVC
alek,75.0,VCVC
alep,75.0,VCVC
alev,75.0,VCVC
alew,75.0,VCVC
aley,75.0,VCVC
alic,75.0,VCVC
alol,75.0,VCVC
alos,75.0,VCVC
alot,75.0,VCVC
amed,75.0,VCVC
avis,75.0,VCVC
awis,75.0,VCVC
basu,75.0,CVCV
been,75.0,CVVC
bhen,75.0,CCVC
bher,75.0,CCVC
bhes,75.0,CCVC
bome,75.0,CVCV
bort,75.0,CVCC
both,75.0,CVCC
bris,75.0,CCVC
bter,75.0,CCVC
btin,75.0,CCVC
buth,75.0,CVCC
caat,75.0,CVVC
cait,75.0,CVVC
cies,75.0,CVVC
ciin,75.0,CVVC
coas,75.0,CVVC
cord,75.0,CVCC
cues,75.0,CVVC
desh,75.0,CVCC
dhen,75.0,CCVC
dher,75.0,CCVC
dhes,75.0,CCVC
dter,75.0,CCVC
dtin,75.0,CCVC
dues,75.0,CVVC
eang,75.0,VVCC
eath,75.0,VVCC
ebis,75.0,VCVC
efit,75.0,VCVC
eith,75.0,VVCC
emed,75.0,VCVC
eriq,75.0,VCVC
erix,75.0,VCVC
eriz,75.0,VCVC
espe,75.0,VCCV
etar,75.0,VCVC
etic,75.0,VCVC
evis,75.0,VCVC
ewis,75.0,VCVC
fhen,75.0,CCVC
fher,75.0,CCVC
fhes,75.0,CCVC
find,75.0,CVCC
geis,75.0,CVVC
gerd,75.0,CVCC
ghei,75.0,CCVV
gheo,75.0,CCVV
gheu,75.0,CCVV
ghon,75.0,CCVC
gorn,75.0,CVCC
gors,75.0,CVCC
gter,75.0,CCVC
gtin,75.0,CCVC
gues,75.0,CVVC
hais,75.0,CVVC
hedd,75.0,CVCC
heib,75.0,CVVC
heid,75.0,CVVC
heif,75.0,CVVC
heig,75.0,CVVC
heih,75.0,CVVC
heij,75.0,CVVC
heik,75.0,CVVC
heip,75.0,CVVC
heiv,75.0,CVVC
heiw,75.0,CVVC
heiy,75.0,CVVC
heob,75.0,CVVC
heoc,75.0,CVVC
heod,75.0,CVVC
heog,75.0,CVVC
heoh,75.0,CVVC
heoj,75.0,CVVC
heok,75.0,CVVC
heop,75.0,CVVC
heov,75.0,CVVC
heow,75.0,CVVC
heoy,75.0,CVVC
heub,75.0,CVVC
heuc,75.0,CVVC
heud,75.0,CVVC
heuf,75.0,CVVC
heug,75.0,CVVC
heuh,75.0,CVVC
heuj,75.0,CVVC
heuk,75.0,CVVC
heup,75.0,CVVC
heuv,75.0,CVVC
heuw,75.0,CVVC
heuy,75.0,CVVC
hofl,75.0,CVCC
hois,75.0,CVVC
hoon,75.0,CVVC
hren,75.0,CCVC
hrer,75.0,CCVC
hres,75.0,CCVC
hter,75.0,CCVC
htin,75.0,CCVC
hues,75.0,CVVC
iath,75.0,VVCC
ibis,75.0,VCVC
idal,75.0,VCVC
ifit,75.0,VCVC
ilar,75.0,VCVC
imed,75.0,VCVC
inub,75.0,VCVC
inuc,75.0,VCVC
inud,75.0,VCVC
inuf,75.0,VCVC
inug,75.0,VCVC
inuh,75.0,VCVC
inuj,75.0,VCVC
inuk,75.0,VCVC
inup,75.0,VCVC
inuv,75.0,VCVC
inuw,75.0,VCVC
inuy,75.0,VCVC
iong,75.0,VVCC
itti,75.0,VCCV
ivis,75.0,VCVC
iwis,75.0,VCVC
jaan,75.0,CVVC
jhen,75.0,CCVC
jher,75.0,CCVC
jhes,75.0,CCVC
jren,75.0,CCVC
jrer,75.0,CCVC
jres,75.0,CCVC
jter,75.0,CCVC
jtin,75.0,CCVC
kesm,75.0,CVCC
kesn,75.0,CVCC
khen,75.0,CCVC
kher,75.0,CCVC
khes,75.0,CCVC
knat,75.0,CCVC
kome,75.0,CVCV
kort,75.0,CVCC
koth,75.0,CVCC
kren,75.0,CCVC
krer,75.0,CCVC
kres,75.0,CCVC
kter,75.0,CCVC
ktin,75.0,CCVC
kuth,75.0,CVCC
land,75.0,CVCC
lben,75.0,CCVC
lcat,75.0,CCVC
lcin,75.0,CCVC
leta,75.0,CVCV
lhen,75.0,CCVC
lher,75.0,CCVC
lhes,75.0,CCVC
liar,75.0,CVVC
lism,75.0,CVCC
lisn,75.0,CVCC
lkon,75.0,CCVC
lnat,75.0,CCVC
lofr,75.0,CVCC
lpin,75.0,CCVC
lren,75.0,CCVC
lrer,75.0,CCVC
lres,75.0,CCVC
lues,75.0,CVVC
mank,75.0,CVCC
mben,75.0,CCVC
mhen,75.0,CCVC
mher,75.0,CCVC
mhes,75.0,CCVC
mren,75.0,CCVC
mrer,75.0,CCVC
mres,75.0,CCVC
mter,75.0,CCVC
mtin,75.0,CCVC
mues,75.0,CVVC
ncat,75.0,CCVC
ncin,75.0,CCVC
nhen,75.0,CCVC
nher,75.0,CCVC
nhes,75.0,CCVC
nkon,75.0,CCVC
nofl,75.0,CVCC
nois,75.0,CVVC
noon,75.0,CVVC
nren,75.0,CCVC
nrer,75.0,CCVC
nres,75.0,CCVC
nues,75.0,CVVC
oath,75.0,VVCC
obis,75.0,VCVC
odal,75.0,VCVC
oith,75.0,VVCC
olar,75.0,VCVC
onob,75.0,VCVC
onoc,75.0,VCVC
onod,75.0,VCVC
onog,75.0,VCVC
onoh,75.0,VCVC
onoj,75.0,VCVC
onok,75.0,VCVC
onop,75.0,VCVC
onov,75.0,VCVC
onow,75.0,VCVC
onoy,75.0,VCVC
orib,75.0,VCVC
orid,75.0,VCVC
orif,75.0,VCVC
orig,75.0,VCVC
orih,75.0,VCVC
orij,75.0,VCVC
orik,75.0,VCVC
orip,75.0,VCVC
oriv,75.0,VCVC
oriw,75.0,VCVC
oriy,75.0,VCVC
otar,75.0,VCVC
otic,75.0,VCVC
ovis,75.0,VCVC
owis,75.0,VCVC
peis,75.0,CVVC
perd,75.0,CVCC
pies,75.0,CVVC
piin,75.0,CVVC
poes,75.0,CVVC
pues,75.0,CVVC
qonu,75.0,CVCV
ralt,75.0,CVCC
rben,75.0,CCVC
rcat,75.0,CCVC
rcin,75.0,CCVC
rhen,75.0,CCVC
rher,75.0,CCVC
rhes,75.0,CCVC
riom,75.0,CVVC
rits,75.0,CVCC
rkat,75.0,CCVC
ronk,75.0,CVCC
rour,75.0,CVVC
rpin,75.0,CCVC
rtou,75.0,CCVV
rues,75.0,CVVC
sive,75.0,CVCV
skon,75.0,CCVC
sofr,75.0,CVCC
sren,75.0,CCVC
srer,75.0,CCVC
sres,75.0,CCVC
sues,75.0,CVVC
tand,75.0,CVCC
tibr,75.0,CVCC
tich,75.0,CVCC
tris,75.0,CCVC
tues,75.0,CVVC
uath,75.0,VVCC
ubis,75.0,VCVC
udal,75.0,VCVC
ufit,75.0,VCVC
uith,75.0,VVCC
ular,75.0,VCVC
umed,75.0,VCVC
unal,75.0,VCVC
urte,75.0,VCCV
utar,75.0,VCVC
utic,75.0,VCVC
uvis,75.0,VCVC
uwis,75.0,VCVC
vasu,75.0,CVCV
vhen,75.0,CCVC
vher,75.0,CCVC
vhes,75.0,CCVC
vome,75.0,CVCV
vort,75.0,CVCC
voth,75.0,CVCC
vren,75.0,CCVC
vrer,75.0,CCVC
vres,75.0,CCVC
vter,75.0,CCVC
vtin,75.0,CCVC
vues,75.0,CVVC
wasu,75.0,CVCV
wesl,75.0,CVCC
weth,75.0,CVCC
wome,75.0,CVCV
wort,75.0,CVCC
woth,75.0,CVCC
wter,75.0,CCVC
wtin,75.0,CCVC
wues,75.0,CVVC
xean,75.0,CVVC
xeso,75.0,CVCV
xior,75.0,CVVC
yhen,75.0,CCVC
yher,75.0,CCVC
yhes,75.0,CCVC
yren,75.0,CCVC
yrer,75.0,CCVC
yres,75.0,CCVC
yter,75.0,CCVC
ytin,75.0,CCVC
yuor,75.0,CVVC
zatu,75.0,CVCV
zesa,75.0,CVCV
agit,74.8,VCVC
ahar,74.8,VCVC
akit,74.8,VCVC
apal,74.8,VCVC
arco,74.8,VCCV
atab,74.8,VCVC
atac,74.8,VCVC
atad,74.8,VCVC
ataf,74.8,VCVC
atag,74.8,VCVC
atah,74.8,VCVC
ataj,74.8,VCVC
atak,74.8,VCVC
atap,74.8,VCVC
atav,74.8,VCVC
ataw,74.8,VCVC
atay,74.8,VCVC
beco,74.8,CVCV
born,74.8,CVCC
bors,74.8,CVCC
cave,74.8,CVCV
celi,74.8,CVCV
ceme,74.8,CVCV
cerb,74.8,CVCC
cerc,74.8,CVCC
cerf,74.8,CVCC
cerg,74.8,CVCC
cerp,74.8,CVCC
cerv,74.8,CVCC
cken,74.8,CCVC
cobe,74.8,CVCV
cork,74.8,CVCC
cris,74.8,CCVC
cuse,74.8,CVCV
dais,74.8,CVVC
dink,74.8,CVCC
dofr,74.8,CVCC
dris,74.8,CCVC
duse,74.8,CVCV
edic,74.8,VCVC
egit,74.8,VCVC
ehar,74.8,VCVC
ekit,74.8,VCVC
elte,74.8,VCCV
endu,74.8,VCCV
entu,74.8,VCCV
epal,74.8,VCVC
eslo,74.8,VCCV
esno,74.8,VCCV
fofr,74.8,CVCC
fris,74.8,CCVC
gedr,74.8,CVCC
gerk,74.8,CVCC
gind,74.8,CVCC
gris,74.8,CCVC
guse,74.8,CVCV
hand,74.8,CVCC
hiro,74.8,CVCV
hole,74.8,CVCV
huse,74.8,CVCV
igit,74.8,VCVC
ihar,74.8,VCVC
ikit,74.8,VCVC
iont,74.8,VVCC
ipal,74.8,VCVC
isre,74.8,VCCV
itra,74.8,VCCV
jasu,74.8,CVCV
jesl,74.8,CVCC
jeth,74.8,CVCC
jome,74.8,CVCV
jort,74.8,CVCC
joth,74.8,CVCC
juth,74.8,CVCC
kind,74.8,CVCC
korn,74.8,CVCC
kors,74.8,CVCC
laat,74.8,CVVC
lait,74.8,CVVC
lege,74.8,CVCV
leha,74.8,CVCV
leho,74.8,CVCV
lepe,74.8,CVCV
lfat,74.8,CCVC
lime,74.8,CVCV
lkat,74.8,CCVC
lofl,74.8,CVCC
lois,74.8,CVVC
loon,74.8,CVVC
ltou,74.8,CCVV
luse,74.8,CVCV
maco,74.8,CVCV
mece,74.8,CVCV
menc,74.8,CVCC
mofr,74.8,CVCC
muse,74.8,CVCV
nais,74.8,CVVC
nkat,74.8,CCVC
nole,74.8,CVCV
nuse,74.8,CVCV
ofic,74.8,VCVC
ogit,74.8,VCVC
ohar,74.8,VCVC
okit,74.8,VCVC
onab,74.8,VCVC
onac,74.8,VCVC
onad,74.8,VCVC
onaf,74.8,VCVC
onag,74.8,VCVC
onah,74.8,VCVC
onaj,74.8,VCVC
onak,74.8,VCVC
onap,74.8,VCVC
onav,74.8,VCVC
onaw,74.8,VCVC
onay,74.8,VCVC
opal,74.8,VCVC
orce,74.8,VCCV
orda,74.8,VCCV
ordi,74.8,VCCV
orli,74.8,VCCV
orno,74.8,VCCV
osal,74.8,VCVC
pedr,74.8,CVCC
perk,74.8,CVCC
phis,74.8,CCVC
pose,74.8,CVCV
pris,74.8,CCVC
puse,74.8,CVCV
qean,74.8,CVVC
qeso,74.8,CVCV
qior,74.8,CVVC
rade,74.8,CVCV
rals,74.8,CVCC
ranc,74.8,CVCC
rart,74.8,CVCC
riri,74.8,CVCV
rlat,74.8,CCVC
rlon,74.8,CCVC
rohi,74.8,CVCV
ruse,74.8,CVCV
seci,74.8,CVCV
secu,74.8,CVCV
segu,74.8,CVCV
sehu,74.8,CVCV
semu,74.8,CVCV
sepi,74.8,CVCV
sepo,74.8,CVCV
sepu,74.8,CVCV
setu,74.8,CVCV
sevu,74.8,CVCV
sewu,74.8,CVCV
sial,74.8,CVVC
sitr,74.8,CVCC
skat,74.8,CCVC
sofl,74.8,CVCC
sois,74.8,CVVC
soon,74.8,CVVC
suse,74.8,CVCV
swon,74.8,CCVC
taat,74.8,CVVC
tait,74.8,CVVC
tidr,74.8,CVCC
tifr,74.8,CVCC
tigr,74.8,CVCC
tipr,74.8,CVCC
tirt,74.8,CVCC
toof,74.8,CVVC
tson,74.8,CCVC
tuse,74.8,CVCV
twon,74.8,CCVC
ugit,74.8,VCVC
uhar,74.8,VCVC
ukit,74.8,VCVC
upal,74.8,VCVC
usal,74.8,VCVC
veca,74.8,CVCV
velu,74.8,CVCV
vorn,74.8,CVCC
vors,74.8,CVCC
vuse,74.8,CVCV
wesm,74.8,CVCC
wesn,74.8,CVCC
whis,74.8,CCVC
worn,74.8,CVCC
wors,74.8,CVCC
wuse,74.8,CVCV
xatu,74.8,CVCV
xesa,74.8,CVCV
yaan,74.8,CVVC
zist,74.8,CVCC
aare,74.6,VVCV
abit,74.6,VCVC
adar,74.6,VCVC
aded,74.6,VCVC
afal,74.6,VCVC
ajis,74.6,VCVC
atto,74.6,VCCV
avit,74.6,VCVC
awit,74.6,VCVC
bind,74.6,CVCC
brit,74.6,CCVC
cank,74.6,CVCC
cosi,74.6,CVCV
coul,74.6,CVVC
coum,74.6,CVVC
coun,74.6,CVVC
cous,74.6,CVVC
cout,74.6,CVVC
cuor,74.6,CVVC
dand,74.6,CVCC
dice,74.6,CVCV
dile,74.6,CVCV
dofl,74.6,CVCC
dois,74.6,CVVC
doon,74.6,CVVC
duor,74.6,CVVC
ebit,74.6,VCVC
edeb,74.6,VCVC
edec,74.6,VCVC
edef,74.6,VCVC
edeg,74.6,VCVC
edeh,74.6,VCVC
edej,74.6,VCVC
edek,74.6,VCVC
edep,74.6,VCVC
edev,74.6,VCVC
edew,74.6,VCVC
edey,74.6,VCVC
efal,74.6,VCVC
ejis,74.6,VCVC
elas,74.6,VCVC
eroq,74.6,VCVC
erox,74.6,VCVC
eroz,74.6,VCVC
erub,74.6,VCVC
eruc,74.6,VCVC
erud,74.6,VCVC
eruf,74.6,VCVC
erug,74.6,VCVC
eruh,74.6,VCVC
eruj,74.6,VCVC
eruk,74.6,VCVC
erup,74.6,VCVC
eruv,74.6,VCVC
eruw,74.6,VCVC
eruy,74.6,VCVC
esna,74.6,VCCV
espa,74.6,VCCV
evit,74.6,VCVC
ewit,74.6,VCVC
fofl,74.6,CVCC
fois,74.6,CVVC
foon,74.6,CVVC
geas,74.6,CVVC
geit,74.6,CVVC
ghat,74.6,CCVC
guor,74.6,CVVC
haat,74.6,CVVC
hait,74.6,CVVC
heaq,74.6,CVVC
heax,74.6,CVVC
heaz,74.6,CVVC
hoft,74.6,CVCC
hoit,74.6,CVVC
horl,74.6,CVCC
horm,74.6,CVCC
huor,74.6,CVVC
ibit,74.6,VCVC
idar,74.6,VCVC
ided,74.6,VCVC
ifal,74.6,VCVC
ijis,74.6,VCVC
ineq,74.6,VCVC
inex,74.6,VCVC
inez,74.6,VCVC
itoq,74.6,VCVC
itox,74.6,VCVC
itoz,74.6,VCVC
ivit,74.6,VCVC
iwit,74.6,VCVC
jesm,74.6,CVCC
jesn,74.6,CVCC
jorn,74.6,CVCC
jors,74.6,CVCC
lave,74.6,CVCV
lole,74.6,CVCV
luor,74.6,CVVC
mesc,74.6,CVCC
mesk,74.6,CVCC
mesp,74.6,CVCC
mink,74.6,CVCC
mofl,74.6,CVCC
mois,74.6,CVVC
moon,74.6,CVVC
muor,74.6,CVVC
nand,74.6,CVCC
nees,74.6,CVVC
nink,74.6,CVCC
noft,74.6,CVCC
noit,74.6,CVVC
norl,74.6,CVCC
norm,74.6,CVCC
nuor,74.6,CVVC
obit,74.6,VCVC
odar,74.6,VCVC
oded,74.6,VCVC
ojis,74.6,VCVC
onib,74.6,VCVC
onid,74.6,VCVC
onif,74.6,VCVC
onig,74.6,VCVC
onih,74.6,VCVC
onij,74.6,VCVC
onik,74.6,VCVC
onip,74.6,VCVC
oniv,74.6,VCVC
oniw,74.6,VCVC
oniy,74.6,VCVC
ordo,74.6,VCCV
orna,74.6,VCCV
orob,74.6,VCVC
oroc,74.6,VCVC
orod,74.6,VCVC
orog,74.6,VCVC
oroh,74.6,VCVC
oroj,74.6,VCVC
orok,74.6,VCVC
orop,74.6,VCVC
orov,74.6,VCVC
orow,74.6,VCVC
oroy,74.6,VCVC
orso,74.6,VCCV
ovit,74.6,VCVC
owit,74.6,VCVC
pais,74.6,CVVC
peas,74.6,CVVC
peit,74.6,CVVC
puor,74.6,CVVC
qatu,74.6,CVCV
qesa,74.6,CVCV
ralm,74.6,CVCC
rarn,74.6,CVCC
rars,74.6,CVCC
rfon,74.6,CCVC
rken,74.6,CCVC
rmon,74.6,CCVC
roor,74.6,CVVC
ruor,74.6,CVVC
sais,74.6,CVVC
sica,74.6,CVCV
sinc,74.6,CVCC
sisl,74.6,CVCC
sole,74.6,CVCV
ssin,74.6,CCVC
suor,74.6,CVVC
tave,74.6,CVCV
tibl,74.6,CVCC
tifl,74.6,CVCC
tilt,74.6,CVCC
tipl,74.6,CVCC
tirn,74.6,CVCC
tirs,74.6,CVCC
trit,74.6,CCVC
tuor,74.6,CVVC
ubit,74.6,VCVC
udar,74.6,VCVC
uded,74.6,VCVC
ufal,74.6,VCVC
ujis,74.6,VCVC
unar,74.6,VCVC
uvit,74.6,VCVC
uwit,74.6,VCVC
veta,74.6,CVCV
vind,74.6,CVCC
vuor,74.6,CVVC
wind,74.6,CVCC
wuor,74.6,CVVC
xist,74.6,CVCC
yasu,74.6,CVCV
yesl,74.6,CVCC
yeth,74.6,CVCC
yome,74.6,CVCV
yort,74.6,CVCC
yoth,74.6,CVCC
zari,74.6,CVCV
zenu,74.6,CVCV
zing,74.6,CVCC
aest,74.4,VVCC
agal,74.4,VCVC
akal,74.4,VCVC
apar,74.4,VCVC
arme,74.4,VCCV
atwu,74.4,VCCV
ayis,74.4,VCVC
azon,74.4,VCVC
beli,74.4,CVCV
beme,74.4,CVCV
berb,74.4,CVCC
berc,74.4,CVCC
berf,74.4,CVCC
berg,74.4,CVCC
berp,74.4,CVCC
berv,74.4,CVCC
brei,74.4,CCVV
breo,74.4,CCVV
breu,74.4,CCVV
caco,74.4,CVCV
coca,74.4,CVCV
coed,74.4,CVVC
comu,74.4,CVCV
crit,74.4,CCVC
ctou,74.4,CCVV
daat,74.4,CVVC
dait,74.4,CVVC
dece,74.4,CVCV
denc,74.4,CVCC
dole,74.4,CVCV
drit,74.4,CCVC
edul,74.4,VCVC
edum,74.4,VCVC
edun,74.4,VCVC
edus,74.4,VCVC
edut,74.4,VCVC
egal,74.4,VCVC
ekal,74.4,VCVC
epar,74.4,VCVC
esmi,74.4,VCCV
esmo,74.4,VCCV
esni,74.4,VCCV
etom,74.4,VCVC
eyis,74.4,VCVC
ezon,74.4,VCVC
fais,74.4,CVVC
feis,74.4,CVVC
ferd,74.4,CVCC
fink,74.4,CVCC
fole,74.4,CVCV
frit,74.4,CCVC
ftou,74.4,CCVV
geve,74.4,CVCV
gofr,74.4,CVCC
grit,74.4,CCVC
have,74.4,CVCV
heck,74.4,CVCC
hici,74.4,CVCV
hicu,74.4,CVCV
hira,74.4,CVCV
hove,74.4,CVCV
iest,74.4,VVCC
igal,74.4,VCVC
ikal,74.4,VCVC
ipar,74.4,VCVC
isne,74.4,VCCV
iyis,74.4,VCVC
izon,74.4,VCVC
lank,74.4,CVCC
lefo,74.4,CVCV
lemi,74.4,CVCV
lemo,74.4,CVCV
lepa,74.4,CVCV
lerr,74.4,CVCC
lfen,74.4,CCVC
lide,74.4,CVCV
lken,74.4,CCVC
loft,74.4,CVCC
loit,74.4,CVVC
lorl,74.4,CVCC
lorm,74.4,CVCC
mame,74.4,CVCV
mebe,74.4,CVCV
mema,74.4,CVCV
meof,74.4,CVVC
mesw,74.4,CVCC
mice,74.4,CVCV
mile,74.4,CVCV
mole,74.4,CVCV
naat,74.4,CVVC
nait,74.4,CVVC
nehi,74.4,CVCV
nend,74.4,CVCC
nice,74.4,CVCV
nile,74.4,CVCV
nken,74.4,CCVC
nove,74.4,CVCV
nsor,74.4,CCVC
ntea,74.4,CCVV
oest,74.4,VVCC
ogal,74.4,VCVC
okal,74.4,VCVC
opar,74.4,VCVC
orbe,74.4,VCCV
orma,74.4,VCCV
orni,74.4,VCCV
orsa,74.4,VCCV
osar,74.4,VCVC
otom,74.4,VCVC
oyis,74.4,VCVC
ozon,74.4,VCVC
pand,74.4,CVCC
peve,74.4,CVCV
phit,74.4,CCVC
prit,74.4,CCVC
qist,74.4,CVCC
rahi,74.4,CVCV
raln,74.4,CVCC
reld,74.4,CVCC
riro,74.4,CVCV
rsed,74.4,CCVC
sand,74.4,CVCC
shor,74.4,CCVC
siar,74.4,CVVC
sism,74.4,CVCC
sisn,74.4,CVCC
sken,74.4,CCVC
soft,74.4,CVCC
soit,74.4,CVVC
sorl,74.4,CVCC
sorm,74.4,CVCC
swat,74.4,CCVC
tank,74.4,CVCC
tigl,74.4,CVCC
tils,74.4,CVCC
trei,74.4,CCVV
treo,74.4,CCVV
treu,74.4,CCVV
ttis,74.4,CCVC
twat,74.4,CCVC
uest,74.4,VVCC
ugal,74.4,VCVC
ukal,74.4,VCVC
upar,74.4,VCVC
usar,74.4,VCVC
utom,74.4,VCVC
uyis,74.4,VCVC
uzon,74.4,VCVC
vege,74.4,CVCV
veha,74.4,CVCV
veho,74.4,CVCV
vepe,74.4,CVCV
whit,74.4,CCVC
wrem,74.4,CCVC
wret,74.4,CCVC
xari,74.4,CVCV
xenu,74.4,CVCV
xing,74.4,CVCC
yesm,74.4,CVCC
yesn,74.4,CVCC
yorn,74.4,CVCC
yors,74.4,CVCC
yuth,74.4,CVCC
abal,74.2,VCVC
afar,74.2,VCVC
ajit,74.2,VCVC
anub,74.2,VCVC
anuc,74.2,VCVC
anud,74.2,VCVC
anuf,74.2,VCVC
anug,74.2,VCVC
anuh,74.2,VCVC
anuj,74.2,VCVC
anuk,74.2,VCVC
anup,74.2,VCVC
anuv,74.2,VCVC
anuw,74.2,VCVC
anuy,74.2,VCVC
asom,74.2,VCVC
aval,74.2,VCVC
awal,74.2,VCVC
axon,74.2,VCVC
bofr,74.2,CVCC
cees,74.2,CVVC
cola,74.2,CVCV
cota,74.2,CVCV
crei,74.2,CCVV
creo,74.2,CCVV
creu,74.2,CCVV
dave,74.2,CVCV
desc,74.2,CVCC
desk,74.2,CVCC
desp,74.2,CVCC
dive,74.2,CVCV
doft,74.2,CVCC
doit,74.2,CVVC
dorl,74.2,CVCC
dorm,74.2,CVCC
drei,74.2,CCVV
dreo,74.2,CCVV
dreu,74.2,CCVV
ebal,74.2,VCVC
efar,74.2,VCVC
ejit,74.2,VCVC
enob,74.2,VCVC
enoc,74.2,VCVC
enod,74.2,VCVC
enog,74.2,VCVC
enoh,74.2,VCVC
enoj,74.2,VCVC
enok,74.2,VCVC
enop,74.2,VCVC
enov,74.2,VCVC
enow,74.2,VCVC
enoy,74.2,VCVC
eraq,74.2,VCVC
erax,74.2,VCVC
eraz,74.2,VCVC
eska,74.2,VCCV
eske,74.2,VCCV
eski,74.2,VCCV
eval,74.2,VCVC
ewal,74.2,VCVC
exon,74.2,VCVC
fand,74.2,CVCC
fedr,74.2,CVCC
ferk,74.2,CVCC
fice,74.2,CVCV
file,74.2,CVCV
foft,74.2,CVCC
foit,74.2,CVVC
forl,74.2,CVCC
form,74.2,CVCC
frei,74.2,CCVV
freo,74.2,CCVV
freu,74.2,CCVV
fuis,74.2,CVVC
gais,74.2,CVVC
geen,74.2,CVVC
gink,74.2,CVCC
gofl,74.2,CVCC
gois,74.2,CVVC
goon,74.2,CVVC
grei,74.2,CCVV
greo,74.2,CCVV
greu,74.2,CCVV
hank,74.2,CVCC
hell,74.2,CVCC
hemp,74.2,CVCC
hoal,74.2,CVVC
ibal,74.2,VCVC
ifar,74.2,VCVC
ijit,74.2,VCVC
ionu,74.2,VVCV
isce,74.2,VCCV
isli,74.2,VCCV
ival,74.2,VCVC
iwal,74.2,VCVC
ixon,74.2,VCVC
jind,74.2,CVCC
kais,74.2,CVVC
keis,74.2,CVVC
kerd,74.2,CVCC
kink,74.2,CVCC
kofr,74.2,CVCC
laco,74.2,CVCV
lces,74.2,CCVC
lefa,74.2,CVCV
lefe,74.2,CVCV
lefi,74.2,CVCV
love,74.2,CVCV
lpat,74.2,CCVC
lpen,74.2,CCVC
lsed,74.2,CCVC
malt,74.2,CVCC
moft,74.2,CVCC
moit,74.2,CVVC
morl,74.2,CVCC
morm,74.2,CVCC
mpes,74.2,CCVC
mpon,74.2,CCVC
nave,74.2,CVCV
nces,74.2,CCVC
nela,74.2,CVCV
noal,74.2,CVVC
ntel,74.2,CCVC
obal,74.2,VCVC
ofla,74.2,VCCV
ojit,74.2,VCVC
orab,74.2,VCVC
orac,74.2,VCVC
orad,74.2,VCVC
oraf,74.2,VCVC
orag,74.2,VCVC
orah,74.2,VCVC
oraj,74.2,VCVC
orak,74.2,VCVC
orap,74.2,VCVC
orav,74.2,VCVC
oraw,74.2,VCVC
oray,74.2,VCVC
oval,74.2,VCVC
owal,74.2,VCVC
oxon,74.2,VCVC
paat,74.2,CVVC
pait,74.2,CVVC
peen,74.2,CVVC
prei,74.2,CCVV
preo,74.2,CCVV
preu,74.2,CCVV
ptou,74.2,CCVV
qari,74.2,CVCV
qenu,74.2,CVCV
qing,74.2,CVCC
rces,74.2,CCVC
relk,74.2,CVCC
rgen,74.2,CCVC
rgon,74.2,CCVC
rpat,74.2,CCVC
rpen,74.2,CCVC
rtea,74.2,CCVV
saat,74.2,CVVC
sait,74.2,CVVC
sime,74.2,CVCV
sove,74.2,CVCV
taco,74.2,CVCV
teil,74.2,CVVC
teim,74.2,CVVC
teir,74.2,CVVC
teol,74.2,CVVC
teos,74.2,CVVC
teot,74.2,CVVC
tesr,74.2,CVCC
teul,74.2,CVVC
teum,74.2,CVVC
teun,74.2,CVVC
teus,74.2,CVVC
teut,74.2,CVVC
tift,74.2,CVCC
tilm,74.2,CVCC
tsat,74.2,CCVC
ubal,74.2,VCVC
ufar,74.2,VCVC
ujit,74.2,VCVC
uval,74.2,VCVC
uwal,74.2,VCVC
uxon,74.2,VCVC
vofr,74.2,CVCC
wofr,74.2,CVCC
zaro,74.2,CVCV
redd,74.2,CVCC
acis,74.0,VCVC
agar,74.0,VCVC
ajal,74.0,VCVC
akar,74.0,VCVC
alre,74.0,VCCV
apis,74.0,VCVC
aqon,74.0,VCVC
ayit,74.0,VCVC
azat,74.0,VCVC
bais,74.0,CVVC
bink,74.0,CVCC
bofl,74.0,CVCC
bois,74.0,CVVC
boon,74.0,CVVC
buis,74.0,CVVC
came,74.0,CVCV
cehi,74.0,CVCV
cend,74.0,CVCC
cheb,74.0,CCVC
chec,74.0,CCVC
chee,74.0,CCVV
chef,74.0,CCVC
cheg,74.0,CCVC
cheh,74.0,CCVC
chej,74.0,CCVC
chek,74.0,CCVC
chep,74.0,CCVC
chev,74.0,CCVC
chew,74.0,CCVC
chey,74.0,CCVC
coge,74.0,CVCV
coha,74.0,CVCV
coho,74.0,CVCV
cope,74.0,CVCV
cuth,74.0,CVCC
dank,74.0,CVCC
debe,74.0,CVCV
dema,74.0,CVCV
deof,74.0,CVVC
desw,74.0,CVCC
dial,74.0,CVVC
ditr,74.0,CVCC
dove,74.0,CVCV
duth,74.0,CVCC
dwon,74.0,CCVC
ecis,74.0,VCVC
egar,74.0,VCVC
ejal,74.0,VCVC
ekar,74.0,VCVC
elof,74.0,VCVC
enab,74.0,VCVC
enac,74.0,VCVC
enad,74.0,VCVC
enaf,74.0,VCVC
enag,74.0,VCVC
enah,74.0,VCVC
enaj,74.0,VCVC
enak,74.0,VCVC
enap,74.0,VCVC
enav,74.0,VCVC
enaw,74.0,VCVC
enay,74.0,VCVC
epis,74.0,VCVC
eqon,74.0,VCVC
esko,74.0,VCCV
esku,74.0,VCCV
eyit,74.0,VCVC
ezat,74.0,VCVC
faat,74.0,CVVC
fait,74.0,CVVC
feas,74.0,CVVC
feit,74.0,CVVC
fove,74.0,CVCV
fule,74.0,CVCV
furi,74.0,CVCV
gand,74.0,CVCC
geco,74.0,CVCV
gice,74.0,CVCV
gile,74.0,CVCV
gole,74.0,CVCV
guth,74.0,CVCC
haco,74.0,CVCV
heph,74.0,CVCC
hewh,74.0,CVCC
hext,74.0,CVCC
hili,74.0,CVCV
hoco,74.0,CVCV
huth,74.0,CVCC
icom,74.0,VCVC
igar,74.0,VCVC
ijal,74.0,VCVC
ikar,74.0,VCVC
ipis,74.0,VCVC
iqon,74.0,VCVC
isul,74.0,VCVC
isum,74.0,VCVC
isun,74.0,VCVC
isus,74.0,VCVC
isut,74.0,VCVC
iyit,74.0,VCVC
izat,74.0,VCVC
jofr,74.0,CVCC
kand,74.0,CVCC
kedr,74.0,CVCC
kerk,74.0,CVCC
kice,74.0,CVCV
kile,74.0,CVCV
kofl,74.0,CVCC
kois,74.0,CVVC
koon,74.0,CVVC
kuis,74.0,CVVC
lbon,74.0,CCVC
lefu,74.0,CVCV
lega,74.0,CVCV
legi,74.0,CVCV
lego,74.0,CVCV
leka,74.0,CVCV
leke,74.0,CVCV
leki,74.0,CVCV
lihi,74.0,CVCV
loal,74.0,CVVC
ltea,74.0,CCVV
luth,74.0,CVCC
made,74.0,CVCV
mals,74.0,CVCC
manc,74.0,CVCC
mart,74.0,CVCC
mbon,74.0,CCVC
meca,74.0,CVCV
melu,74.0,CVCV
mive,74.0,CVCV
move,74.0,CVCV
muth,74.0,CVCC
nank,74.0,CVCC
ngou,74.0,CCVV
nive,74.0,CVCV
noco,74.0,CVCV
nuth,74.0,CVCC
ocis,74.0,VCVC
ogar,74.0,VCVC
ojal,74.0,VCVC
okar,74.0,VCVC
onci,74.0,VCCV
oncu,74.0,VCCV
opis,74.0,VCVC
oqon,74.0,VCVC
orca,74.0,VCCV
orka,74.0,VCCV
orke,74.0,VCCV
orki,74.0,VCCV
oyit,74.0,VCVC
ozat,74.0,VCVC
pave,74.0,CVCV
peco,74.0,CVCV
pome,74.0,CVCV
port,74.0,CVCC
poth,74.0,CVCC
puth,74.0,CVCC
ratw,74.0,CVCC
rbon,74.0,CCVC
relf,74.0,CVCC
rfat,74.0,CCVC
rici,74.0,CVCV
ricu,74.0,CVCV
rira,74.0,CVCV
romi,74.0,CVCV
romo,74.0,CVCV
ronc,74.0,CVCC
rtel,74.0,CCVC
ruth,74.0,CVCC
rvon,74.0,CCVC
save,74.0,CVCV
senn,74.0,CVCC
senx,74.0,CVCC
soal,74.0,CVVC
spes,74.0,CCVC
spon,74.0,CCVC
suth,74.0,CVCC
swen,74.0,CCVC
thaa,74.0,CCVV
thab,74.0,CCVC
thac,74.0,CCVC
thad,74.0,CCVC
thaf,74.0,CCVC
thag,74.0,CCVC
thah,74.0,CCVC
thaj,74.0,CCVC
thak,74.0,CCVC
thap,74.0,CCVC
thav,74.0,CCVC
thaw,74.0,CCVC
thay,74.0,CCVC
thob,74.0,CCVC
thoc,74.0,CCVC
thod,74.0,CCVC
thog,74.0,CCVC
thoh,74.0,CCVC
thoj,74.0,CCVC
thok,74.0,CCVC
thoo,74.0,CCVV
thop,74.0,CCVC
thov,74.0,CCVC
thow,74.0,CCVC
thoy,74.0,CCVC
tikn,74.0,CVCC
tiln,74.0,CVCC
tipt,74.0,CVCC
tiwr,74.0,CVCC
ttit,74.0,CCVC
tton,74.0,CCVC
tuth,74.0,CVCC
twen,74.0,CCVC
ucis,74.0,VCVC
ugar,74.0,VCVC
ujal,74.0,VCVC
ukar,74.0,VCVC
unti,74.0,VCCV
upis,74.0,VCVC
uqon,74.0,VCVC
uyit,74.0,VCVC
uzat,74.0,VCVC
vais,74.0,CVVC
vefo,74.0,CVCV
vemi,74.0,CVCV
vemo,74.0,CVCV
vepa,74.0,CVCV
verr,74.0,CVCC
vink,74.0,CVCC
vofl,74.0,CVCC
vois,74.0,CVVC
voon,74.0,CVVC
vuth,74.0,CVCC
wais,74.0,CVVC
weis,74.0,CVVC
werd,74.0,CVCC
wink,74.0,CVCC
wofl,74.0,CVCC
wois,74.0,CVVC
woon,74.0,CVVC
wris,74.0,CCVC
wuth,74.0,CVCC
xaro,74.0,CVCV
yind,74.0,CVCC
zisi,74.0,CVCV
abar,73.8,VCVC
aese,73.8,VVCV
aneq,73.8,VCVC
anex,73.8,VCVC
anez,73.8,VCVC
aseb,73.8,VCVC
asec,73.8,VCVC
asef,73.8,VCVC
aseg,73.8,VCVC
aseh,73.8,VCVC
asej,73.8,VCVC
asek,73.8,VCVC
asep,73.8,VCVC
asev,73.8,VCVC
asew,73.8,VCVC
asey,73.8,VCVC
asle,73.8,VCCV
avar,73.8,VCVC
awar,73.8,VCVC
axat,73.8,VCVC
ayal,73.8,VCVC
band,73.8,CVCC
bees,73.8,CVVC
bice,73.8,CVCV
bile,73.8,CVCV
bole,73.8,CVCV
bule,73.8,CVCV
buri,73.8,CVCV
calt,73.8,CVCC
cela,73.8,CVCV
coda,73.8,CVCV
codi,73.8,CVCV
colo,73.8,CVCV
coso,73.8,CVCV
daco,73.8,CVCV
dica,73.8,CVCV
dinc,73.8,CVCC
disl,73.8,CVCC
doal,73.8,CVVC
eano,73.8,VVCV
ebar,73.8,VCVC
enib,73.8,VCVC
enid,73.8,VCVC
enif,73.8,VCVC
enig,73.8,VCVC
enih,73.8,VCVC
enij,73.8,VCVC
enik,73.8,VCVC
enip,73.8,VCVC
eniv,73.8,VCVC
eniw,73.8,VCVC
eniy,73.8,VCVC
eshu,73.8,VCCV
eswa,73.8,VCCV
eswe,73.8,VCCV
eswi,73.8,VCCV
eswo,73.8,VCCV
evar,73.8,VCVC
ewar,73.8,VCVC
exat,73.8,VCVC
eyal,73.8,VCVC
fave,73.8,CVCV
feve,73.8,CVCV
five,73.8,CVCV
foal,73.8,CVVC
fuit,73.8,CVVC
gaat,73.8,CVVC
gait,73.8,CVVC
ghis,73.8,CCVC
goft,73.8,CVCC
goit,73.8,CVVC
gorl,73.8,CVCC
gorm,73.8,CVCC
hetw,73.8,CVCC
hias,73.8,CVVC
hiis,73.8,CVVC
hoar,73.8,CVVC
ibar,73.8,VCVC
iese,73.8,VVCV
ireb,73.8,VCVC
irec,73.8,VCVC
iref,73.8,VCVC
ireg,73.8,VCVC
ireh,73.8,VCVC
irej,73.8,VCVC
irek,73.8,VCVC
irep,73.8,VCVC
irev,73.8,VCVC
irew,73.8,VCVC
irey,73.8,VCVC
irof,73.8,VCVC
irti,73.8,VCCV
iseq,73.8,VCVC
isex,73.8,VCVC
isez,73.8,VCVC
isha,73.8,VCCV
isho,73.8,VCCV
itte,73.8,VCCV
ivar,73.8,VCVC
iwar,73.8,VCVC
ixat,73.8,VCVC
iyal,73.8,VCVC
jais,73.8,CVVC
jeis,73.8,CVVC
jerd,73.8,CVCC
jofl,73.8,CVCC
jois,73.8,CVVC
joon,73.8,CVVC
juis,73.8,CVVC
kaat,73.8,CVVC
kait,73.8,CVVC
keas,73.8,CVVC
keit,73.8,CVVC
kole,73.8,CVCV
kule,73.8,CVCV
kuri,73.8,CVCV
lame,73.8,CVCV
lbes,73.8,CCVC
leba,73.8,CVCV
lebi,73.8,CVCV
lebo,73.8,CVCV
lebu,73.8,CVCV
leko,73.8,CVCV
leku,73.8,CVCV
leva,73.8,CVCV
levi,73.8,CVCV
levo,73.8,CVCV
lewa,73.8,CVCV
lewe,73.8,CVCV
lewi,73.8,CVCV
lewo,73.8,CVCV
liom,73.8,CVVC
lits,73.8,CVCC
loco,73.8,CVCV
ltel,73.8,CCVC
malm,73.8,CVCC
marn,73.8,CVCC
mars,73.8,CVCC
mbes,73.8,CCVC
meta,73.8,CVCV
mial,73.8,CVVC
mitr,73.8,CVCC
moal,73.8,CVVC
naco,73.8,CVCV
ndor,73.8,CCVC
nelo,73.8,CVCV
nenk,73.8,CVCC
nial,73.8,CVVC
nitr,73.8,CVCC
noar,73.8,CVVC
obar,73.8,VCVC
oese,73.8,VVCV
oflo,73.8,VCCV
ofta,73.8,VCCV
omof,73.8,VCVC
orko,73.8,VCCV
orku,73.8,VCCV
orla,73.8,VCCV
ovar,73.8,VCVC
owar,73.8,VCVC
oxat,73.8,VCVC
oyal,73.8,VCVC
pank,73.8,CVCC
porn,73.8,CVCC
pors,73.8,CVCC
qaro,73.8,CVCV
rbes,73.8,CCVC
rech,73.8,CVCC
reem,73.8,CVVC
reet,73.8,CVVC
rgat,73.8,CCVC
rnor,73.8,CCVC
sank,73.8,CVCC
side,73.8,CVCV
soco,73.8,CVCV
tame,73.8,CVCV
tebr,73.8,CVCC
tetr,73.8,CVCC
ubar,73.8,VCVC
uese,73.8,VVCV
uvar,73.8,VCVC
uwar,73.8,VCVC
uxat,73.8,VCVC
uyal,73.8,VCVC
vand,73.8,CVCC
vefa,73.8,CVCV
vefe,73.8,CVCV
vefi,73.8,CVCV
vice,73.8,CVCV
vile,73.8,CVCV
vole,73.8,CVCV
wand,73.8,CVCC
wedr,73.8,CVCC
werk,73.8,CVCC
wice,73.8,CVCV
wile,73.8,CVCV
wole,73.8,CVCV
xisi,73.8,CVCV
yofr,73.8,CVCC
zali,73.8,CVCV
zang,73.8,CVCC
zara,73.8,CVCV
zeti,73.8,CVCV
zofo,73.8,CVCV
zoti,73.8,CVCV
acit,73.6,VCVC
ajar,73.6,VCVC
apit,73.6,VCVC
aqat,73.6,VCVC
arne,73.6,VCCV
atsu,73.6,VCCV
azen,73.6,VCVC
baat,73.6,CVVC
bait,73.6,CVVC
behi,73.6,CVCV
bend,73.6,CVCC
blor,73.6,CCVC
boft,73.6,CVCC
boit,73.6,CVVC
borl,73.6,CVCC
borm,73.6,CVCC
buit,73.6,CVVC
cade,73.6,CVCV
cals,73.6,CVCC
canc,73.6,CVCC
cart,73.6,CVCC
cind,73.6,CVCC
ckes,73.6,CCVC
clor,73.6,CCVC
codo,73.6,CVCV
copa,73.6,CVCV
corb,73.6,CVCC
corc,73.6,CVCC
corf,73.6,CVCC
corg,73.6,CVCC
corp,73.6,CVCC
corv,73.6,CVCC
cosa,73.6,CVCV
ctea,73.6,CCVV
deca,73.6,CVCV
delu,73.6,CVCV
diar,73.6,CVVC
dism,73.6,CVCC
disn,73.6,CVCC
doco,73.6,CVCV
dwat,73.6,CCVC
eahe,73.6,VVCV
eana,73.6,VVCV
ecit,73.6,VCVC
ejar,73.6,VCVC
elel,73.6,VCVC
epit,73.6,VCVC
eqat,73.6,VCVC
esib,73.6,VCVC
esid,73.6,VCVC
esif,73.6,VCVC
esig,73.6,VCVC
esih,73.6,VCVC
esij,73.6,VCVC
esik,73.6,VCVC
esip,73.6,VCVC
esiv,73.6,VCVC
esiw,73.6,VCVC
esiy,73.6,VCVC
ezen,73.6,VCVC
fank,73.6,CVCC
feen,73.6,CVVC
fial,73.6,CVVC
fitr,73.6,CVCC
flor,73.6,CCVC
foco,73.6,CVCV
ftea,73.6,CCVV
furo,73.6,CVCV
fuve,73.6,CVCV
gave,73.6,CVCV
geli,73.6,CVCV
geme,73.6,CVCV
gerb,73.6,CVCC
gerc,73.6,CVCC
gerf,73.6,CVCC
gerg,73.6,CVCC
gerp,73.6,CVCC
gerv,73.6,CVCC
give,73.6,CVCV
gove,73.6,CVCV
hame,73.6,CVCV
hibe,73.6,CVCV
hima,73.6,CVCV
hond,73.6,CVCC
ijar,73.6,VCVC
ilti,73.6,VCCV
ipit,73.6,VCVC
iqat,73.6,VCVC
iras,73.6,VCVC
isma,73.6,VCCV
itul,73.6,VCVC
itum,73.6,VCVC
itun,73.6,VCVC
itus,73.6,VCVC
itut,73.6,VCVC
izen,73.6,VCVC
jand,73.6,CVCC
jedr,73.6,CVCC
jerk,73.6,CVCC
jink,73.6,CVCC
jole,73.6,CVCV
jule,73.6,CVCV
juri,73.6,CVCV
kave,73.6,CVCV
keve,73.6,CVCV
kive,73.6,CVCV
koft,73.6,CVCC
koit,73.6,CVVC
korl,73.6,CVCC
korm,73.6,CVCC
kuit,73.6,CVVC
lalt,73.6,CVCC
lbat,73.6,CCVC
leja,73.6,CVCV
leje,73.6,CVCV
lejo,73.6,CVCV
leju,73.6,CVCV
liri,73.6,CVCV
loar,73.6,CVVC
mahi,73.6,CVCV
maln,73.6,CVCC
mbat,73.6,CCVC
mege,73.6,CVCV
meha,73.6,CVCV
meho,73.6,CVCV
mepe,73.6,CVCV
mica,73.6,CVCV
minc,73.6,CVCC
misl,73.6,CVCC
moco,73.6,CVCV
ness,73.6,CVCC
ngio,73.6,CCVV
nica,73.6,CVCV
ninc,73.6,CVCC
nisl,73.6,CVCC
nond,73.6,CVCC
nsis,73.6,CCVC
ocit,73.6,VCVC
ojar,73.6,VCVC
olti,73.6,VCCV
opit,73.6,VCVC
oqat,73.6,VCVC
orge,73.6,VCCV
orpe,73.6,VCCV
ozen,73.6,VCVC
paco,73.6,CVCV
peli,73.6,CVCV
peme,73.6,CVCV
perb,73.6,CVCC
perc,73.6,CVCC
perf,73.6,CVCC
perg,73.6,CVCC
perp,73.6,CVCC
perv,73.6,CVCC
phor,73.6,CCVC
pind,73.6,CVCC
plor,73.6,CCVC
qisi,73.6,CVCV
rbat,73.6,CCVC
rdor,73.6,CCVC
rfen,73.6,CCVC
rili,73.6,CVCV
rsor,73.6,CCVC
rvat,73.6,CCVC
saco,73.6,CVCV
soar,73.6,CVVC
talt,73.6,CVCC
tecr,73.6,CVCC
tefr,73.6,CVCC
tegr,73.6,CVCC
tepr,73.6,CVCC
tioq,73.6,CVVC
tiox,73.6,CVVC
tioz,73.6,CVVC
torr,73.6,CVCC
toub,73.6,CVVC
touc,73.6,CVVC
toud,73.6,CVVC
touf,73.6,CVVC
toug,73.6,CVVC
touh,73.6,CVVC
touj,73.6,CVVC
touk,73.6,CVVC
toup,73.6,CVVC
touv,73.6,CVVC
touw,73.6,CVVC
touy,73.6,CVVC
ucit,73.6,VCVC
ujar,73.6,VCVC
ulti,73.6,VCCV
upit,73.6,VCVC
uqat,73.6,VCVC
uzen,73.6,VCVC
vaat,73.6,CVVC
vait,73.6,CVVC
vefu,73.6,CVCV
vega,73.6,CVCV
vegi,73.6,CVCV
vego,73.6,CVCV
veka,73.6,CVCV
veke,73.6,CVCV
veki,73.6,CVCV
voft,73.6,CVCC
voit,73.6,CVVC
vorl,73.6,CVCC
vorm,73.6,CVCC
waat,73.6,CVVC
wait,73.6,CVVC
weas,73.6,CVVC
weit,73.6,CVVC
whor,73.6,CCVC
woft,73.6,CVCC
woit,73.6,CVVC
worl,73.6,CVCC
worm,73.6,CVCC
writ,73.6,CCVC
xali,73.6,CVCV
xang,73.6,CVCC
xara,73.6,CVCV
xeti,73.6,CVCV
xofo,73.6,CVCV
xoti,73.6,CVCV
xtor,73.6,CCVC
xuti,73.6,CVCV
yais,73.6,CVVC
yeis,73.6,CVVC
yerd,73.6,CVCC
yofl,73.6,CVCC
yois,73.6,CVVC
yoon,73.6,CVVC
zeat,73.6,CVVC
zeda,73.6,CVCV
zedi,73.6,CVCV
zofa,73.6,CVCV
zofe,73.6,CVCV
zofi,73.6,CVCV
alne,73.4,VCCV
axen,73.4,VCVC
ayar,73.4,VCVC
bave,73.4,CVCV
bela,73.4,CVCV
bive,73.4,CVCV
blis,73.4,CCVC
bove,73.4,CVCV
bral,73.4,CCVC
bten,73.4,CCVC
buro,73.4,CVCV
buve,73.4,CVCV
calm,73.4,CVCC
carn,73.4,CVCC
cars,73.4,CVCC
celo,73.4,CVCV
cenk,73.4,CVCC
clis,73.4,CCVC
ctel,73.4,CCVC
dame,73.4,CVCV
deta,73.4,CVCV
dime,73.4,CVCV
doar,73.4,CVVC
dten,73.4,CCVC
eani,73.4,VVCV
exen,73.4,VCVC
eyar,73.4,VCVC
faco,73.4,CVCV
feco,73.4,CVCV
fica,73.4,CVCV
finc,73.4,CVCC
fisl,73.4,CVCC
flis,73.4,CCVC
foar,73.4,CVVC
ftel,73.4,CCVC
fual,73.4,CVVC
gank,73.4,CVCC
ghit,73.4,CCVC
gial,73.4,CVVC
gitr,73.4,CVCC
glor,73.4,CCVC
goal,73.4,CVVC
gten,73.4,CCVC
halt,73.4,CVCC
hiit,73.4,CVVC
hten,73.4,CCVC
isca,73.4,VCCV
ixen,73.4,VCVC
iyar,73.4,VCVC
jaat,73.4,CVVC
jait,73.4,CVVC
jeas,73.4,CVVC
jeit,73.4,CVVC
jice,73.4,CVCV
jile,73.4,CVCV
joft,73.4,CVCC
joit,73.4,CVVC
jorl,73.4,CVCC
jorm,73.4,CVCC
jten,73.4,CCVC
juit,73.4,CVVC
kank,73.4,CVCC
keen,73.4,CVVC
kial,73.4,CVVC
kitr,73.4,CVCC
kove,73.4,CVCV
kten,73.4,CCVC
kuro,73.4,CVCV
kuve,73.4,CVCV
lade,73.4,CVCV
lals,73.4,CVCC
lanc,73.4,CVCC
lart,73.4,CVCC
ldor,73.4,CCVC
leji,73.4,CVCV
leya,73.4,CVCV
leye,73.4,CVCV
leyo,73.4,CVCV
lond,73.4,CVCC
lsor,73.4,CCVC
miar,73.4,CVVC
mism,73.4,CVCC
misn,73.4,CVCC
moar,73.4,CVVC
mten,73.4,CCVC
name,73.4,CVCV
nesh,73.4,CVCC
niar,73.4,CVVC
nism,73.4,CVCC
nisn,73.4,CVCC
orlo,73.4,VCCV
oxen,73.4,VCVC
oyar,73.4,VCVC
plis,73.4,CCVC
ptea,73.4,CCVV
qali,73.4,CVCV
qang,73.4,CVCC
qara,73.4,CVCV
qeti,73.4,CVCV
qofo,73.4,CVCV
qoti,73.4,CVCV
quti,73.4,CVCV
rarl,73.4,CVCC
rarm,73.4,CVCC
rias,73.4,CVVC
riis,73.4,CVVC
rkes,73.4,CCVC
rost,73.4,CVCC
seam,73.4,CVVC
sihi,73.4,CVCV
slor,73.4,CCVC
snor,73.4,CCVC
sond,73.4,CVCC
tade,73.4,CVCV
tals,73.4,CVCC
tanc,73.4,CVCC
tart,73.4,CVCC
tebl,73.4,CVCC
tecl,73.4,CVCC
tefl,73.4,CVCC
tepl,73.4,CVCC
tick,73.4,CVCC
tirl,73.4,CVCC
tirm,73.4,CVCC
tisr,73.4,CVCC
toel,73.4,CVVC
tral,73.4,CCVC
uxen,73.4,VCVC
uyar,73.4,VCVC
vave,73.4,CVCV
veba,73.4,CVCV
vebi,73.4,CVCV
vebo,73.4,CVCV
vebu,73.4,CVCV
veko,73.4,CVCV
veku,73.4,CVCV
veva,73.4,CVCV
vevi,73.4,CVCV
vevo,73.4,CVCV
vewa,73.4,CVCV
vewe,73.4,CVCV
vewi,73.4,CVCV
vewo,73.4,CVCV
vive,73.4,CVCV
vove,73.4,CVCV
vten,73.4,CCVC
wave,73.4,CVCV
weve,73.4,CVCV
wive,73.4,CVCV
wove,73.4,CVCV
wrei,73.4,CCVV
wreo,73.4,CCVV
wreu,73.4,CCVV
wten,73.4,CCVC
xeat,73.4,CVVC
xeda,73.4,CVCV
xedi,73.4,CVCV
xofa,73.4,CVCV
xofe,73.4,CVCV
xofi,73.4,CVCV
yand,73.4,CVCC
yedr,73.4,CVCC
yerk,73.4,CVCC
yink,73.4,CVCC
yole,73.4,CVCV
yten,73.4,CCVC
yuis,73.4,CVVC
zedo,73.4,CVCV
zesu,73.4,CVCV
zofu,73.4,CVCV
zuti,73.4,CVCV
acti,73.2,VCCV
afti,73.2,VCCV
alul,73.2,VCVC
alum,73.2,VCVC
alun,73.2,VCVC
alus,73.2,VCVC
alut,73.2,VCVC
aqen,73.2,VCVC
bank,73.2,CVCC
bial,73.2,CVVC
bitr,73.2,CVCC
boal,73.2,CVVC
bual,73.2,CVVC
cahi,73.2,CVCV
caln,73.2,CVCC
cess,73.2,CVCC
chal,73.2,CCVC
coga,73.2,CVCV
cogi,73.2,CVCV
cogo,73.2,CVCV
coka,73.2,CVCV
coke,73.2,CVCV
coki,73.2,CVCV
cral,73.2,CCVC
dalt,73.2,CVCC
dege,73.2,CVCV
deha,73.2,CVCV
deho,73.2,CVCV
depe,73.2,CVCV
dond,73.2,CVCC
dral,73.2,CCVC
dwen,73.2,CCVC
ecti,73.2,VCCV
efti,73.2,VCCV
enci,73.2,VCCV
encu,73.2,VCCV
eqen,73.2,VCVC
fiar,73.2,CVVC
fism,73.2,CVCC
fisn,73.2,CVCC
fond,73.2,CVCC
fral,73.2,CCVC
fuco,73.2,CVCV
fura,73.2,CVCV
gaco,73.2,CVCV
gica,73.2,CVCV
ginc,73.2,CVCC
gisl,73.2,CVCC
glis,73.2,CCVC
goco,73.2,CVCV
gral,73.2,CCVC
hade,73.2,CVCV
hals,73.2,CVCC
hanc,73.2,CVCC
hart,73.2,CVCC
hied,73.2,CVVC
hode,73.2,CVCV
homa,73.2,CVCV
ifti,73.2,VCCV
iqen,73.2,VCVC
isla,73.2,VCCV
jave,73.2,CVCV
jeve,73.2,CVCV
jove,73.2,CVCV
juro,73.2,CVCV
juve,73.2,CVCV
kaco,73.2,CVCV
keco,73.2,CVCV
kica,73.2,CVCV
kinc,73.2,CVCC
kisl,73.2,CVCC
knor,73.2,CCVC
koal,73.2,CVVC
kual,73.2,CVVC
lalm,73.2,CVCC
larn,73.2,CVCC
lars,73.2,CVCC
ledw,73.2,CVCC
leyi,73.2,CVCV
leyu,73.2,CVCV
lfes,73.2,CCVC
liro,73.2,CVCV
lkes,73.2,CCVC
lnor,73.2,CCVC
matw,73.2,CVCC
mefo,73.2,CVCV
memi,73.2,CVCV
memo,73.2,CVCV
mepa,73.2,CVCV
merr,73.2,CVCC
mime,73.2,CVCV
mond,73.2,CVCC
nalt,73.2,CVCC
nime,73.2,CVCV
nkes,73.2,CCVC
node,73.2,CVCV
noma,73.2,CVCV
nsit,73.2,CCVC
octi,73.2,VCCV
oqen,73.2,VCVC
orfo,73.2,VCCV
ormi,73.2,VCCV
ormo,73.2,VCCV
orpa,73.2,VCCV
osel,73.2,VCVC
pame,73.2,CVCV
pofr,73.2,CVCC
pral,73.2,CCVC
ptel,73.2,CCVC
qeat,73.2,CVVC
qeda,73.2,CVCV
qedi,73.2,CVCV
qofa,73.2,CVCV
qofe,73.2,CVCV
qofi,73.2,CVCV
relb,73.2,CVCC
relc,73.2,CVCC
relp,73.2,CVCC
ribe,73.2,CVCV
rima,73.2,CVCV
roce,73.2,CVCV
roli,73.2,CVCV
same,73.2,CVCV
seed,73.2,CVVC
siom,73.2,CVVC
sits,73.2,CVCC
skes,73.2,CCVC
slis,73.2,CCVC
talm,73.2,CVCC
tarn,73.2,CVCC
tars,73.2,CVCC
tegl,73.2,CVCC
tsed,73.2,CCVC
ucti,73.2,VCCV
ufti,73.2,VCCV
uqen,73.2,VCVC
usel,73.2,VCVC
vank,73.2,CVCC
veja,73.2,CVCV
veje,73.2,CVCV
vejo,73.2,CVCV
veju,73.2,CVCV
vial,73.2,CVVC
vitr,73.2,CVCC
voal,73.2,CVVC
wank,73.2,CVCC
ween,73.2,CVVC
wial,73.2,CVVC
witr,73.2,CVCC
woal,73.2,CVVC
xedo,73.2,CVCV
xesu,73.2,CVCV
xofu,73.2,CVCV
yaat,73.2,CVVC
yait,73.2,CVVC
yeas,73.2,CVVC
yeit,73.2,CVVC
yice,73.2,CVCV
yile,73.2,CVCV
yoft,73.2,CVCC
yoit,73.2,CVVC
yorl,73.2,CVCC
yorm,73.2,CVCC
yule,73.2,CVCV
yuri,73.2,CVCV
ziso,73.2,CVCV
zita,73.2,CVCV
aeri,73.0,VVCV
apti,73.0,VCCV
asco,73.0,VCCV
baco,73.0,CVCV
belo,73.0,CVCV
benk,73.0,CVCC
bica,73.0,CVCV
binc,73.0,CVCC
bisl,73.0,CVCC
blit,73.0,CCVC
boco,73.0,CVCV
brar,73.0,CCVC
buco,73.0,CVCV
bura,73.0,CVCV
cesh,73.0,CVCC
cink,73.0,CVCC
ckor,73.0,CCVC
clit,73.0,CCVC
coba,73.0,CVCV
cobi,73.0,CVCV
cobo,73.0,CVCV
cobu,73.0,CVCV
coko,73.0,CVCV
coku,73.0,CVCV
cova,73.0,CVCV
covi,73.0,CVCV
covo,73.0,CVCV
cowa,73.0,CVCV
cowe,73.0,CVCV
cowi,73.0,CVCV
cowo,73.0,CVCV
cuis,73.0,CVVC
dade,73.0,CVCV
dals,73.0,CVCC
danc,73.0,CVCC
dart,73.0,CVCC
dide,73.0,CVCV
duis,73.0,CVVC
epti,73.0,VCCV
esci,73.0,VCCV
escu,73.0,VCCV
eslu,73.0,VCCV
espi,73.0,VCCV
espo,73.0,VCCV
espu,73.0,VCCV
fame,73.0,CVCV
feli,73.0,CVCV
feme,73.0,CVCV
ferb,73.0,CVCC
ferc,73.0,CVCC
ferf,73.0,CVCC
ferg,73.0,CVCC
ferp,73.0,CVCC
ferv,73.0,CVCC
fime,73.0,CVCV
flit,73.0,CCVC
fuar,73.0,CVVC
gees,73.0,CVVC
giar,73.0,CVVC
gism,73.0,CVCC
gisn,73.0,CVCC
goar,73.0,CVVC
guis,73.0,CVVC
halm,73.0,CVCC
harn,73.0,CVCC
hars,73.0,CVCC
hegh,73.0,CVCC
hemb,73.0,CVCC
hhed,73.0,CCVC
hila,73.0,CVCV
hiol,73.0,CVVC
hios,73.0,CVVC
hiot,73.0,CVVC
honk,73.0,CVCC
hour,73.0,CVVC
huis,73.0,CVVC
ieri,73.0,VVCV
iiti,73.0,VVCV
inoq,73.0,VCVC
inox,73.0,VCVC
inoz,73.0,VCVC
ipti,73.0,VCCV
ispe,73.0,VCCV
jank,73.0,CVCC
jeen,73.0,CVVC
jive,73.0,CVCV
joal,73.0,CVVC
jual,73.0,CVVC
kiar,73.0,CVVC
kism,73.0,CVCC
kisn,73.0,CVCC
koco,73.0,CVCV
kuco,73.0,CVCV
kura,73.0,CVCV
lahi,73.0,CVCV
laln,73.0,CVCC
lfor,73.0,CCVC
lmor,73.0,CCVC
lode,73.0,CVCV
loma,73.0,CVCV
lpes,73.0,CCVC
lpon,73.0,CCVC
luis,73.0,CVVC
mefa,73.0,CVCV
mefe,73.0,CVCV
mefi,73.0,CVCV
muis,73.0,CVVC
nade,73.0,CVCV
nals,73.0,CVCC
nanc,73.0,CVCC
nart,73.0,CVCC
nonk,73.0,CVCC
nour,73.0,CVVC
ntil,73.0,CCVC
ntim,73.0,CCVC
ntir,73.0,CCVC
nuis,73.0,CVVC
oeri,73.0,VVCV
onub,73.0,VCVC
onuc,73.0,VCVC
onud,73.0,VCVC
onuf,73.0,VCVC
onug,73.0,VCVC
onuh,73.0,VCVC
onuj,73.0,VCVC
onuk,73.0,VCVC
onup,73.0,VCVC
onuv,73.0,VCVC
onuw,73.0,VCVC
onuy,73.0,VCVC
opti,73.0,VCCV
ordu,73.0,VCCV
orfa,73.0,VCCV
orfe,73.0,VCCV
orfi,73.0,VCCV
ortu,73.0,VCCV
outi,73.0,VVCV
palt,73.0,CVCC
pees,73.0,CVVC
pink,73.0,CVCC
plit,73.0,CCVC
pofl,73.0,CVCC
pois,73.0,CVVC
poon,73.0,CVVC
puis,73.0,CVVC
qedo,73.0,CVCV
qesu,73.0,CVCV
qofu,73.0,CVCV
rges,73.0,CCVC
riit,73.0,CVVC
roas,73.0,CVVC
rord,73.0,CVCC
rpes,73.0,CCVC
rpon,73.0,CCVC
ruis,73.0,CVVC
salt,73.0,CVCC
siri,73.0,CVCV
smor,73.0,CCVC
sode,73.0,CVCV
soma,73.0,CVCV
suis,73.0,CVVC
tahi,73.0,CVCV
taln,73.0,CVCC
tect,73.0,CVCC
teft,73.0,CVCC
titl,73.0,CVCC
titm,73.0,CVCC
titn,73.0,CVCC
tonl,73.0,CVCC
tonm,73.0,CVCC
tonr,73.0,CVCC
trar,73.0,CCVC
tuis,73.0,CVVC
ueri,73.0,VVCV
uned,73.0,VCVC
upti,73.0,VCCV
vaco,73.0,CVCV
veji,73.0,CVCV
veya,73.0,CVCV
veye,73.0,CVCV
veyo,73.0,CVCV
vica,73.0,CVCV
vinc,73.0,CVCC
visl,73.0,CVCC
voco,73.0,CVCV
vuis,73.0,CVVC
waco,73.0,CVCV
weco,73.0,CVCV
wica,73.0,CVCV
winc,73.0,CVCC
wisl,73.0,CVCC
woco,73.0,CVCV
wuis,73.0,CVVC
xiso,73.0,CVCV
xita,73.0,CVCV
yave,73.0,CVCV
yeve,73.0,CVCV
yove,73.0,CVCV
yuit,73.0,CVVC
zisa,73.0,CVCV
zoru,73.0,CVCV
alma,72.8,VCCV
alsi,72.8,VCCV
amas,72.8,VCVC
arul,72.8,VCVC
arum,72.8,VCVC
arun,72.8,VCVC
arus,72.8,VCVC
arut,72.8,VCVC
bess,72.8,CVCC
biar,72.8,CVVC
bism,72.8,CVCC
bisn,72.8,CVCC
boar,72.8,CVVC
buar,72.8,CVVC
catw,72.8,CVCC
char,72.8,CCVC
cice,72.8,CVCV
cile,72.8,CVCV
coja,72.8,CVCV
coje,72.8,CVCV
cojo,72.8,CVCV
coju,72.8,CVCV
crar,72.8,CCVC
cule,72.8,CVCV
curi,72.8,CVCV
dalm,72.8,CVCC
darn,72.8,CVCC
dars,72.8,CVCC
defo,72.8,CVCV
demi,72.8,CVCV
demo,72.8,CVCV
depa,72.8,CVCV
derr,72.8,CVCC
dode,72.8,CVCV
doma,72.8,CVCV
drar,72.8,CCVC
dule,72.8,CVCV
duri,72.8,CVCV
eans,72.8,VVCC
edti,72.8,VCCV
emas,72.8,VCVC
esmu,72.8,VCCV
esnu,72.8,VCCV
esob,72.8,VCVC
esoc,72.8,VCVC
esod,72.8,VCVC
esog,72.8,VCVC
esoh,72.8,VCVC
esoj,72.8,VCVC
esok,72.8,VCVC
esop,72.8,VCVC
esov,72.8,VCVC
esow,72.8,VCVC
esoy,72.8,VCVC
eswu,72.8,VCCV
falt,72.8,CVCC
fode,72.8,CVCV
foma,72.8,CVCV
frar,72.8,CCVC
fume,72.8,CVCV
game,72.8,CVCV
gehi,72.8,CVCV
gend,72.8,CVCC
gime,72.8,CVCV
glit,72.8,CCVC
gond,72.8,CVCC
grar,72.8,CCVC
gule,72.8,CVCV
guri,72.8,CVCV
hahi,72.8,CVCV
haln,72.8,CVCC
hige,72.8,CVCV
hiha,72.8,CVCV
hiho,72.8,CVCV
hinn,72.8,CVCC
hinx,72.8,CVCC
hipe,72.8,CVCV
hiss,72.8,CVCC
hohi,72.8,CVCV
hule,72.8,CVCV
huri,72.8,CVCV
imas,72.8,VCVC
inaq,72.8,VCVC
inax,72.8,VCVC
inaz,72.8,VCVC
islo,72.8,VCCV
isno,72.8,VCCV
jaco,72.8,CVCV
jeco,72.8,CVCV
jial,72.8,CVVC
jitr,72.8,CVCC
joco,72.8,CVCV
juco,72.8,CVCV
jura,72.8,CVCV
kame,72.8,CVCV
keli,72.8,CVCV
keme,72.8,CVCV
kerb,72.8,CVCC
kerc,72.8,CVCC
kerf,72.8,CVCC
kerg,72.8,CVCC
kerp,72.8,CVCC
kerv,72.8,CVCC
kime,72.8,CVCV
koar,72.8,CVVC
kuar,72.8,CVVC
leci,72.8,CVCV
lecu,72.8,CVCV
legu,72.8,CVCV
lehu,72.8,CVCV
lemu,72.8,CVCV
lepi,72.8,CVCV
lepo,72.8,CVCV
lepu,72.8,CVCV
letu,72.8,CVCV
levu,72.8,CVCV
lewu,72.8,CVCV
lici,72.8,CVCV
licu,72.8,CVCV
lira,72.8,CVCV
llen,72.8,CCVC
lonk,72.8,CVCC
lour,72.8,CVVC
lule,72.8,CVCV
luri,72.8,CVCV
mefu,72.8,CVCV
mega,72.8,CVCV
megi,72.8,CVCV
mego,72.8,CVCV
meka,72.8,CVCV
meke,72.8,CVCV
meki,72.8,CVCV
mide,72.8,CVCV
mode,72.8,CVCV
moma,72.8,CVCV
mule,72.8,CVCV
muri,72.8,CVCV
nalm,72.8,CVCC
narn,72.8,CVCC
nars,72.8,CVCC
nece,72.8,CVCV
nenc,72.8,CVCC
nide,72.8,CVCV
nohi,72.8,CVCV
nule,72.8,CVCV
nuri,72.8,CVCV
orfu,72.8,VCCV
orga,72.8,VCCV
orgi,72.8,VCCV
orgo,72.8,VCCV
ornu,72.8,VCCV
orsu,72.8,VCCV
pade,72.8,CVCV
pals,72.8,CVCC
panc,72.8,CVCC
part,72.8,CVCC
pehi,72.8,CVCV
pend,72.8,CVCC
pice,72.8,CVCV
pile,72.8,CVCV
pole,72.8,CVCV
prar,72.8,CCVC
pule,72.8,CVCV
puri,72.8,CVCV
qiso,72.8,CVCV
qita,72.8,CVCV
race,72.8,CVCV
reib,72.8,CVVC
reid,72.8,CVVC
reif,72.8,CVVC
reig,72.8,CVVC
reih,72.8,CVVC
reij,72.8,CVVC
reik,72.8,CVVC
reip,72.8,CVVC
reiv,72.8,CVVC
reiw,72.8,CVVC
reiy,72.8,CVVC
reob,72.8,CVVC
reoc,72.8,CVVC
reod,72.8,CVVC
reog,72.8,CVVC
reoh,72.8,CVVC
reoj,72.8,CVVC
reok,72.8,CVVC
reop,72.8,CVVC
reov,72.8,CVVC
reow,72.8,CVVC
reoy,72.8,CVVC
reub,72.8,CVVC
reuc,72.8,CVVC
reud,72.8,CVVC
reuf,72.8,CVVC
reug,72.8,CVVC
reuh,72.8,CVVC
reuj,72.8,CVVC
reuk,72.8,CVVC
reup,72.8,CVVC
reuv,72.8,CVVC
reuw,72.8,CVVC
reuy,72.8,CVVC
ried,72.8,CVVC
rkor,72.8,CCVC
robe,72.8,CVCV
rork,72.8,CVCC
rsis,72.8,CCVC
rtil,72.8,CCVC
rtim,72.8,CCVC
rtir,72.8,CCVC
rule,72.8,CVCV
ruri,72.8,CVCV
sade,72.8,CVCV
sals,72.8,CVCC
sanc,72.8,CVCC
sart,72.8,CVCC
sesq,72.8,CVCC
sheb,72.8,CCVC
shec,72.8,CCVC
shee,72.8,CCVV
shef,72.8,CCVC
sheg,72.8,CCVC
sheh,72.8,CCVC
shej,72.8,CCVC
shek,72.8,CCVC
shep,72.8,CCVC
shev,72.8,CCVC
shew,72.8,CCVC
shey,72.8,CCVC
slit,72.8,CCVC
sonk,72.8,CVCC
sour,72.8,CVVC
ssan,72.8,CCVC
stiq,72.8,CCVC
stix,72.8,CCVC
stiz,72.8,CCVC
sule,72.8,CVCV
suri,72.8,CVCV
swes,72.8,CCVC
teab,72.8,CVVC
teac,72.8,CVVC
tead,72.8,CVVC
teaf,72.8,CVVC
teag,72.8,CVVC
teah,72.8,CVVC
teaj,72.8,CVVC
teak,72.8,CVVC
teap,72.8,CVVC
teav,72.8,CVVC
teaw,72.8,CVVC
teay,72.8,CVVC
teic,72.8,CVVC
tekn,72.8,CVCC
tept,72.8,CVCC
tewr,72.8,CVCC
thiq,72.8,CCVC
thix,72.8,CCVC
thiz,72.8,CCVC
tule,72.8,CVCV
turi,72.8,CVCV
twes,72.8,CCVC
umas,72.8,VCVC
unte,72.8,VCCV
vedw,72.8,CVCC
veyi,72.8,CVCV
veyu,72.8,CVCV
viar,72.8,CVVC
vism,72.8,CVCC
visn,72.8,CVCC
voar,72.8,CVVC
vule,72.8,CVCV
vuri,72.8,CVCV
wiar,72.8,CVVC
wism,72.8,CVCC
wisn,72.8,CVCC
woar,72.8,CVVC
wule,72.8,CVCV
wuri,72.8,CVCV
xisa,72.8,CVCV
xoru,72.8,CVCV
yank,72.8,CVCC
yeen,72.8,CVVC
yive,72.8,CVCV
yoal,72.8,CVVC
yuro,72.8,CVCV
yuve,72.8,CVCV
zala,72.8,CVCV
aato,72.6,VVCV
aced,72.6,VCVC
aero,72.6,VVCV
aine,72.6,VVCV
aito,72.6,VVCV
alta,72.6,VCCV
arsi,72.6,VCCV
ashi,72.6,VCCV
asil,72.6,VCVC
asim,72.6,VCVC
asir,72.6,VCVC
atub,72.6,VCVC
atuc,72.6,VCVC
atud,72.6,VCVC
atuf,72.6,VCVC
atug,72.6,VCVC
atuh,72.6,VCVC
atuj,72.6,VCVC
atuk,72.6,VCVC
atup,72.6,VCVC
atuv,72.6,VCVC
atuw,72.6,VCVC
atuy,72.6,VCVC
bame,72.6,CVCV
besh,72.6,CVCC
bime,72.6,CVCV
bond,72.6,CVCC
bume,72.6,CVCV
coji,72.6,CVCV
coya,72.6,CVCV
coye,72.6,CVCV
coyo,72.6,CVCV
cuit,72.6,CVVC
dahi,72.6,CVCV
daln,72.6,CVCC
defa,72.6,CVCV
defe,72.6,CVCV
defi,72.6,CVCV
dihi,72.6,CVCV
donk,72.6,CVCC
dour,72.6,CVVC
duit,72.6,CVVC
eale,72.6,VVCV
eced,72.6,VCVC
eine,72.6,VVCV
eito,72.6,VVCV
esab,72.6,VCVC
esac,72.6,VCVC
esad,72.6,VCVC
esaf,72.6,VCVC
esag,72.6,VCVC
esah,72.6,VCVC
esaj,72.6,VCVC
esak,72.6,VCVC
esap,72.6,VCVC
esav,72.6,VCVC
esaw,72.6,VCVC
esay,72.6,VCVC
fade,72.6,CVCV
fals,72.6,CVCC
fanc,72.6,CVCC
fart,72.6,CVCC
fide,72.6,CVCV
fonk,72.6,CVCC
four,72.6,CVVC
galt,72.6,CVCC
gela,72.6,CVCV
ghor,72.6,CCVC
guit,72.6,CVVC
hida,72.6,CVCV
hidi,72.6,CVCV
hilo,72.6,CVCV
hish,72.6,CVCC
hoor,72.6,CVVC
huit,72.6,CVVC
iero,72.6,VVCV
iniq,72.6,VCVC
inix,72.6,VCVC
iniz,72.6,VCVC
iofo,72.6,VVCV
ioti,72.6,VVCV
irte,72.6,VCCV
isna,72.6,VCCV
ispa,72.6,VCCV
jica,72.6,CVCV
jinc,72.6,CVCC
jisl,72.6,CVCC
joar,72.6,CVVC
juar,72.6,CVVC
kalt,72.6,CVCC
kond,72.6,CVCC
kume,72.6,CVCV
latw,72.6,CVCC
lkor,72.6,CCVC
lohi,72.6,CVCV
lsis,72.6,CCVC
ltil,72.6,CCVC
ltim,72.6,CCVC
ltir,72.6,CCVC
luit,72.6,CVVC
marl,72.6,CVCC
marm,72.6,CVCC
meba,72.6,CVCV
mebi,72.6,CVCV
mebo,72.6,CVCV
mebu,72.6,CVCV
meko,72.6,CVCV
meku,72.6,CVCV
meva,72.6,CVCV
mevi,72.6,CVCV
mevo,72.6,CVCV
mewa,72.6,CVCV
mewe,72.6,CVCV
mewi,72.6,CVCV
mewo,72.6,CVCV
monk,72.6,CVCC
mour,72.6,CVVC
muit,72.6,CVVC
nahi,72.6,CVCV
naln,72.6,CVCC
nesc,72.6,CVCC
nesk,72.6,CVCC
nesp,72.6,CVCC
nkor,72.6,CCVC
noor,72.6,CVVC
nuit,72.6,CVVC
oced,72.6,VCVC
oero,72.6,VVCV
oine,72.6,VVCV
oito,72.6,VVCV
oneq,72.6,VCVC
onex,72.6,VCVC
onez,72.6,VCVC
orba,72.6,VCCV
orbi,72.6,VCCV
orbo,72.6,VCCV
orbu,72.6,VCCV
orva,72.6,VCCV
orvi,72.6,VCCV
orvo,72.6,VCCV
outh,72.6,VVCC
palm,72.6,CVCC
parn,72.6,CVCC
pars,72.6,CVCC
pela,72.6,CVCV
poft,72.6,CVCC
poit,72.6,CVVC
porl,72.6,CVCC
porm,72.6,CVCC
puit,72.6,CVVC
qisa,72.6,CVCV
qoru,72.6,CVCV
rila,72.6,CVCV
riol,72.6,CVVC
rios,72.6,CVVC
riot,72.6,CVVC
rosi,72.6,CVCV
roul,72.6,CVVC
roum,72.6,CVVC
roun,72.6,CVVC
rous,72.6,CVVC
rout,72.6,CVVC
ruit,72.6,CVVC
salm,72.6,CVCC
sarn,72.6,CVCC
sars,72.6,CVCC
siro,72.6,CVCV
skor,72.6,CCVC
sohi,72.6,CVCV
suit,72.6,CVVC
tatw,72.6,CVCC
tedl,72.6,CVCC
tedm,72.6,CVCC
tedn,72.6,CVCC
teds,72.6,CVCC
tedt,72.6,CVCC
teel,72.6,CVVC
tuit,72.6,CVVC
uced,72.6,VCVC
uero,72.6,VVCV
uine,72.6,VVCV
uito,72.6,VVCV
vame,72.6,CVCV
vime,72.6,CVCV
vond,72.6,CVCC
vuit,72.6,CVVC
wame,72.6,CVCV
weli,72.6,CVCV
weme,72.6,CVCV
werb,72.6,CVCC
werc,72.6,CVCC
werf,72.6,CVCC
werg,72.6,CVCC
werp,72.6,CVCC
werv,72.6,CVCC
wime,72.6,CVCV
wond,72.6,CVCC
wuit,72.6,CVVC
xala,72.6,CVCV
yaco,72.6,CVCV
yeco,72.6,CVCV
yial,72.6,CVVC
yitr,72.6,CVCC
yoco,72.6,CVCV
yual,72.6,CVVC
zete,72.6,CVCV
zong,72.6,CVCC
zote,72.6,CVCV
acas,72.4,VCVC
aist,72.4,VVCC
alce,72.4,VCCV
arta,72.4,VCCV
asme,72.4,VCCV
asur,72.4,VCVC
azes,72.4,VCVC
balt,72.4,CVCC
bled,72.4,CCVC
cece,72.4,CVCV
cenc,72.4,CVCC
cive,72.4,CVCV
cled,72.4,CCVC
coyi,72.4,CVCV
coyu,72.4,CVCV
curo,72.4,CVCV
cuve,72.4,CVCV
defu,72.4,CVCV
dega,72.4,CVCV
degi,72.4,CVCV
dego,72.4,CVCV
deka,72.4,CVCV
deke,72.4,CVCV
deki,72.4,CVCV
diom,72.4,CVVC
dits,72.4,CVCC
dohi,72.4,CVCV
duro,72.4,CVCV
duve,72.4,CVCV
eant,72.4,VVCC
eata,72.4,VVCV
ecas,72.4,VCVC
eist,72.4,VVCC
ezes,72.4,VCVC
falm,72.4,CVCC
farn,72.4,CVCC
fars,72.4,CVCC
fees,72.4,CVVC
fled,72.4,CCVC
fohi,72.4,CVCV
fude,72.4,CVCV
gade,72.4,CVCV
gals,72.4,CVCC
ganc,72.4,CVCC
gart,72.4,CVCC
gide,72.4,CVCV
gode,72.4,CVCV
goma,72.4,CVCV
guro,72.4,CVCV
guve,72.4,CVCV
hatw,72.4,CVCC
hido,72.4,CVCV
hifo,72.4,CVCV
himi,72.4,CVCV
himo,72.4,CVCV
hipa,72.4,CVCV
huro,72.4,CVCV
huve,72.4,CVCV
icto,72.4,VCCV
ilte,72.4,VCCV
iofa,72.4,VVCV
iofe,72.4,VVCV
iofi,72.4,VVCV
ismi,72.4,VCCV
ismo,72.4,VCCV
isni,72.4,VCCV
izes,72.4,VCVC
jame,72.4,CVCV
jeli,72.4,CVCV
jeme,72.4,CVCV
jerb,72.4,CVCC
jerc,72.4,CVCC
jerf,72.4,CVCC
jerg,72.4,CVCC
jerp,72.4,CVCC
jerv,72.4,CVCC
jiar,72.4,CVVC
jism,72.4,CVCC
jisn,72.4,CVCC
jond,72.4,CVCC
jume,72.4,CVCV
kade,72.4,CVCV
kals,72.4,CVCC
kanc,72.4,CVCC
kart,72.4,CVCC
kide,72.4,CVCV
lili,72.4,CVCV
loor,72.4,CVVC
luro,72.4,CVCV
luve,72.4,CVCV
meja,72.4,CVCV
meje,72.4,CVCV
mejo,72.4,CVCV
meju,72.4,CVCV
mihi,72.4,CVCV
mohi,72.4,CVCV
muro,72.4,CVCV
muve,72.4,CVCV
ndis,72.4,CCVC
nebe,72.4,CVCV
nema,72.4,CVCV
neof,72.4,CVVC
nesw,72.4,CVCC
nihi,72.4,CVCV
nuro,72.4,CVCV
nuve,72.4,CVCV
ocas,72.4,VCVC
oist,72.4,VVCC
olte,72.4,VCCV
omel,72.4,VCVC
ozes,72.4,VCVC
pahi,72.4,CVCV
paln,72.4,CVCC
pive,72.4,CVCV
pled,72.4,CCVC
pove,72.4,CVCV
puro,72.4,CVCV
puve,72.4,CVCV
qala,72.4,CVCV
rabe,72.4,CVCV
rama,72.4,CVCV
raof,72.4,CVVC
reaq,72.4,CVVC
reax,72.4,CVVC
reaz,72.4,CVVC
rfes,72.4,CCVC
rige,72.4,CVCV
riha,72.4,CVCV
riho,72.4,CVCV
rinn,72.4,CVCC
rinx,72.4,CVCC
ripe,72.4,CVCV
riss,72.4,CVCC
rlor,72.4,CCVC
roca,72.4,CVCV
roed,72.4,CVVC
romu,72.4,CVCV
rsit,72.4,CCVC
ruro,72.4,CVCV
ruve,72.4,CVCV
sahi,72.4,CVCV
saln,72.4,CVCC
soor,72.4,CVVC
stob,72.4,CCVC
stoc,72.4,CCVC
stod,72.4,CCVC
stog,72.4,CCVC
stoh,72.4,CCVC
stoj,72.4,CCVC
stok,72.4,CCVC
stoo,72.4,CCVV
stop,72.4,CCVC
stov,72.4,CCVC
stow,72.4,CCVC
stoy,72.4,CCVC
suro,72.4,CVCV
suve,72.4,CVCV
swor,72.4,CCVC
toza,72.4,CVCV
toze,72.4,CVCV
tozi,72.4,CVCV
tozo,72.4,CVCV
tsor,72.4,CCVC
turo,72.4,CVCV
tuve,72.4,CVCV
twor,72.4,CCVC
ucas,72.4,VCVC
uist,72.4,VVCC
ulte,72.4,VCCV
uzes,72.4,VCVC
valt,72.4,CVCC
veci,72.4,CVCV
vecu,72.4,CVCV
vegu,72.4,CVCV
vehu,72.4,CVCV
vemu,72.4,CVCV
vepi,72.4,CVCV
vepo,72.4,CVCV
vepu,72.4,CVCV
vetu,72.4,CVCV
vevu,72.4,CVCV
vewu,72.4,CVCV
vuro,72.4,CVCV
vuve,72.4,CVCV
walt,72.4,CVCC
wral,72.4,CCVC
wuro,72.4,CVCV
wuve,72.4,CVCV
xete,72.4,CVCV
xong,72.4,CVCC
xote,72.4,CVCV
xute,72.4,CVCV
yica,72.4,CVCV
yinc,72.4,CVCC
yisl,72.4,CVCC
yoar,72.4,CVVC
yuco,72.4,CVCV
yura,72.4,CVCV
zain,72.4,CVVC
zalo,72.4,CVCV
zein,72.4,CVVC
zins,72.4,CVCC
zoin,72.4,CVVC
abed,72.2,VCVC
aera,72.2,VVCV
aing,72.2,VVCC
alda,72.2,VCCV
aldi,72.2,VCCV
anoq,72.2,VCVC
anox,72.2,VCVC
anoz,72.2,VCVC
arib,72.2,VCVC
arid,72.2,VCVC
arif,72.2,VCVC
arig,72.2,VCVC
arih,72.2,VCVC
arij,72.2,VCVC
arik,72.2,VCVC
arip,72.2,VCVC
ariv,72.2,VCVC
ariw,72.2,VCVC
ariy,72.2,VCVC
axes,72.2,VCVC
bade,72.2,CVCV
bals,72.2,CVCC
banc,72.2,CVCC
bart,72.2,CVCC
bide,72.2,CVCV
bode,72.2,CVCV
boma,72.2,CVCV
btes,72.2,CCVC
bude,72.2,CVCV
carl,72.2,CVCC
carm,72.2,CVCC
cesc,72.2,CVCC
cesk,72.2,CVCC
cesp,72.2,CVCC
cial,72.2,CVVC
citr,72.2,CVCC
ctil,72.2,CCVC
ctim,72.2,CCVC
ctir,72.2,CCVC
cual,72.2,CVVC
datw,72.2,CVCC
deba,72.2,CVCV
debi,72.2,CVCV
debo,72.2,CVCV
debu,72.2,CVCV
deko,72.2,CVCV
deku,72.2,CVCV
deva,72.2,CVCV
devi,72.2,CVCV
devo,72.2,CVCV
dewa,72.2,CVCV
dewe,72.2,CVCV
dewi,72.2,CVCV
dewo,72.2,CVCV
diri,72.2,CVCV
door,72.2,CVVC
dtes,72.2,CCVC
dual,72.2,CVVC
ebed,72.2,VCVC
eing,72.2,VVCC
enub,72.2,VCVC
enuc,72.2,VCVC
enud,72.2,VCVC
enuf,72.2,VCVC
enug,72.2,VCVC
enuh,72.2,VCVC
enuj,72.2,VCVC
enuk,72.2,VCVC
enup,72.2,VCVC
enuv,72.2,VCVC
enuw,72.2,VCVC
enuy,72.2,VCVC
etas,72.2,VCVC
exes,72.2,VCVC
fahi,72.2,CVCV
faln,72.2,CVCC
fehi,72.2,CVCV
fend,72.2,CVCC
fihi,72.2,CVCV
foor,72.2,CVVC
ftil,72.2,CCVC
ftim,72.2,CCVC
ftir,72.2,CCVC
galm,72.2,CVCC
garn,72.2,CVCC
gars,72.2,CVCC
gelo,72.2,CVCV
genk,72.2,CVCC
gled,72.2,CCVC
gonk,72.2,CVCC
gour,72.2,CVVC
gtes,72.2,CCVC
gual,72.2,CVVC
hifa,72.2,CVCV
hife,72.2,CVCV
hifi,72.2,CVCV
htes,72.2,CCVC
hual,72.2,CVVC
ibed,72.2,VCVC
iera,72.2,VVCV
ilas,72.2,VCVC
inxa,72.2,VCCV
inxe,72.2,VCCV
inxi,72.2,VCCV
inxo,72.2,VCCV
inxu,72.2,VCCV
iofu,72.2,VVCV
iort,72.2,VVCC
ioth,72.2,VVCC
iska,72.2,VCCV
iske,72.2,VCCV
iski,72.2,VCCV
itsi,72.2,VCCV
ixes,72.2,VCVC
jalt,72.2,CVCC
jime,72.2,CVCV
jtes,72.2,CCVC
kalm,72.2,CVCC
karn,72.2,CVCC
kars,72.2,CVCC
kees,72.2,CVVC
kode,72.2,CVCV
koma,72.2,CVCV
ktes,72.2,CCVC
kude,72.2,CVCV
lias,72.2,CVVC
liis,72.2,CVVC
lsit,72.2,CCVC
lual,72.2,CVVC
meji,72.2,CVCV
meya,72.2,CVCV
meye,72.2,CVCV
meyo,72.2,CVCV
miom,72.2,CVVC
mits,72.2,CVCC
moor,72.2,CVVC
mtes,72.2,CCVC
mual,72.2,CVVC
natw,72.2,CVCC
niom,72.2,CVVC
nits,72.2,CVCC
nual,72.2,CVVC
obed,72.2,VCVC
oera,72.2,VVCV
ofru,72.2,VCCV
oing,72.2,VVCC
olas,72.2,VCVC
otas,72.2,VCVC
oxes,72.2,VCVC
pelo,72.2,CVCV
penk,72.2,CVCC
pial,72.2,CVVC
pitr,72.2,CVCC
poal,72.2,CVVC
pual,72.2,CVVC
qete,72.2,CVCV
qong,72.2,CVCC
qote,72.2,CVCV
qute,72.2,CVCV
rdis,72.2,CCVC
reck,72.2,CVCC
rfor,72.2,CCVC
rida,72.2,CVCV
ridi,72.2,CVCV
rilo,72.2,CVCV
rish,72.2,CVCC
rlis,72.2,CCVC
rmor,72.2,CCVC
rola,72.2,CVCV
rota,72.2,CVCV
rual,72.2,CVVC
seom,72.2,CVVC
seur,72.2,CVVC
sici,72.2,CVCV
sicu,72.2,CVCV
sira,72.2,CVCV
sled,72.2,CCVC
sual,72.2,CVVC
tets,72.2,CVCC
toxa,72.2,CVCV
toxe,72.2,CVCV
toxi,72.2,CVCV
toxo,72.2,CVCV
toxu,72.2,CVCV
tual,72.2,CVVC
ubed,72.2,VCVC
uera,72.2,VVCV
uing,72.2,VVCC
ulas,72.2,VCVC
ureq,72.2,VCVC
urex,72.2,VCVC
urez,72.2,VCVC
utas,72.2,VCVC
uxes,72.2,VCVC
vade,72.2,CVCV
vals,72.2,CVCC
vanc,72.2,CVCC
vart,72.2,CVCC
vide,72.2,CVCV
vode,72.2,CVCV
voma,72.2,CVCV
vtes,72.2,CCVC
vual,72.2,CVVC
wade,72.2,CVCV
wals,72.2,CVCC
wanc,72.2,CVCC
wart,72.2,CVCC
wide,72.2,CVCV
wode,72.2,CVCV
woma,72.2,CVCV
wtes,72.2,CCVC
wual,72.2,CVVC
xain,72.2,CVVC
xalo,72.2,CVCV
xein,72.2,CVVC
xins,72.2,CVCC
xoin,72.2,CVVC
xuin,72.2,CVVC
yame,72.2,CVCV
yeli,72.2,CVCV
yeme,72.2,CVCV
yerb,72.2,CVCC
yerc,72.2,CVCC
yerf,72.2,CVCC
yerg,72.2,CVCC
yerp,72.2,CVCC
yerv,72.2,CVCC
yiar,72.2,CVVC
yism,72.2,CVCC
yisn,72.2,CVCC
yond,72.2,CVCC
ytes,72.2,CCVC
yuar,72.2,CVVC
zute,72.2,CVCV
rred,72.2,CCVC
acte,72.0,VCCV
afte,72.0,VCCV
ahas,72.0,VCVC
aheq,72.0,VCVC
ahex,72.0,VCVC
ahez,72.0,VCVC
albe,72.0,VCCV
aldo,72.0,VCCV
also,72.0,VCCV
anaq,72.0,VCVC
anax,72.0,VCVC
anaz,72.0,VCVC
aqes,72.0,VCVC
arce,72.0,VCCV
arda,72.0,VCCV
ardi,72.0,VCCV
area,72.0,VCVV
arli,72.0,VCCV
arno,72.0,VCCV
atea,72.0,VCVV
atia,72.0,VCVV
atie,72.0,VCVV
atio,72.0,VCVV
atiu,72.0,VCVV
atou,72.0,VCVV
azor,72.0,VCVC
balm,72.0,CVCC
barn,72.0,CVCC
bars,72.0,CVCC
bece,72.0,CVCV
benc,72.0,CVCC
bonk,72.0,CVCC
bour,72.0,CVVC
cebe,72.0,CVCV
cema,72.0,CVCV
ceof,72.0,CVVC
cesw,72.0,CVCC
cica,72.0,CVCV
cinc,72.0,CVCC
cisl,72.0,CVCC
coci,72.0,CVCV
cocu,72.0,CVCV
codu,72.0,CVCV
cogu,72.0,CVCV
cohu,72.0,CVCV
colu,72.0,CVCV
conn,72.0,CVCC
conx,72.0,CVCC
copi,72.0,CVCV
copo,72.0,CVCV
copu,72.0,CVCV
cosu,72.0,CVCV
cotu,72.0,CVCV
covu,72.0,CVCV
cowu,72.0,CVCV
cuco,72.0,CVCV
cura,72.0,CVCV
deja,72.0,CVCV
deje,72.0,CVCV
dejo,72.0,CVCV
deju,72.0,CVCV
duco,72.0,CVCV
dura,72.0,CVCV
dwes,72.0,CCVC
east,72.0,VVCC
ecte,72.0,VCCV
efte,72.0,VCCV
ehas,72.0,VCVC
eheq,72.0,VCVC
ehex,72.0,VCVC
ehez,72.0,VCVC
eqes,72.0,VCVC
erea,72.0,VCVV
erei,72.0,VCVV
ereo,72.0,VCVV
ereu,72.0,VCVV
etol,72.0,VCVC
etos,72.0,VCVC
etot,72.0,VCVC
ezor,72.0,VCVC
fela,72.0,CVCV
fiom,72.0,CVVC
fits,72.0,CVCC
fuhi,72.0,CVCV
gahi,72.0,CVCV
galn,72.0,CVCC
gess,72.0,CVCC
gihi,72.0,CVCV
gohi,72.0,CVCV
guco,72.0,CVCV
gura,72.0,CVCV
hedb,72.0,CVCC
hedc,72.0,CVCC
hedf,72.0,CVCC
hedg,72.0,CVCC
hedh,72.0,CVCC
hedj,72.0,CVCC
hedk,72.0,CVCC
hedp,72.0,CVCC
hedv,72.0,CVCC
hedy,72.0,CVCC
henb,72.0,CVCC
henf,72.0,CVCC
henh,72.0,CVCC
henj,72.0,CVCC
henp,72.0,CVCC
henv,72.0,CVCC
henw,72.0,CVCC
heny,72.0,CVCC
herh,72.0,CVCC
herj,72.0,CVCC
herw,72.0,CVCC
hery,72.0,CVCC
hesb,72.0,CVCC
hesd,72.0,CVCC
hesf,72.0,CVCC
hesg,72.0,CVCC
hesj,72.0,CVCC
hesv,72.0,CVCC
hesy,72.0,CVCC
hifu,72.0,CVCV
higa,72.0,CVCV
higi,72.0,CVCV
higo,72.0,CVCV
hika,72.0,CVCV
hike,72.0,CVCV
hiki,72.0,CVCV
homi,72.0,CVCV
homo,72.0,CVCV
honc,72.0,CVCC
huco,72.0,CVCV
hura,72.0,CVCV
ifte,72.0,VCCV
ihas,72.0,VCVC
iheq,72.0,VCVC
ihex,72.0,VCVC
ihez,72.0,VCVC
iorn,72.0,VVCC
iors,72.0,VVCC
iqes,72.0,VCVC
isko,72.0,VCCV
isku,72.0,VCCV
itio,72.0,VCVV
izor,72.0,VCVC
jade,72.0,CVCV
jals,72.0,CVCC
janc,72.0,CVCC
jart,72.0,CVCC
jode,72.0,CVCV
joma,72.0,CVCV
jude,72.0,CVCV
kahi,72.0,CVCV
kaln,72.0,CVCC
kehi,72.0,CVCV
kend,72.0,CVCC
kihi,72.0,CVCV
konk,72.0,CVCC
kour,72.0,CVVC
larl,72.0,CVCC
larm,72.0,CVCC
ldis,72.0,CCVC
lenn,72.0,CVCC
lenx,72.0,CVCC
libe,72.0,CVCV
lima,72.0,CVCV
llin,72.0,CCVC
luco,72.0,CVCV
lura,72.0,CVCV
mace,72.0,CVCV
medw,72.0,CVCC
meyi,72.0,CVCV
meyu,72.0,CVCV
miri,72.0,CVCV
muco,72.0,CVCV
mura,72.0,CVCV
ndit,72.0,CCVC
neca,72.0,CVCV
nelu,72.0,CVCV
niri,72.0,CVCV
nomi,72.0,CVCV
nomo,72.0,CVCV
nonc,72.0,CVCC
ntal,72.0,CCVC
ntia,72.0,CCVV
ntie,72.0,CCVV
ntiu,72.0,CCVV
nuco,72.0,CVCV
nura,72.0,CVCV
octe,72.0,VCCV
oflu,72.0,VCCV
ohas,72.0,VCVC
oheq,72.0,VCVC
ohex,72.0,VCVC
ohez,72.0,VCVC
oqes,72.0,VCVC
orea,72.0,VCVV
orei,72.0,VCVV
oreo,72.0,VCVV
oreu,72.0,VCVV
otol,72.0,VCVC
otos,72.0,VCVC
otot,72.0,VCVC
ozor,72.0,VCVC
patw,72.0,CVCC
pess,72.0,CVCC
pheb,72.0,CCVC
phec,72.0,CCVC
phee,72.0,CCVV
phef,72.0,CCVC
pheg,72.0,CCVC
pheh,72.0,CCVC
phej,72.0,CCVC
phek,72.0,CCVC
phep,72.0,CCVC
phev,72.0,CCVC
phew,72.0,CCVC
phey,72.0,CCVC
pica,72.0,CVCV
pinc,72.0,CVCC
pisl,72.0,CVCC
poco,72.0,CVCV
ptil,72.0,CCVC
ptim,72.0,CCVC
ptir,72.0,CCVC
puco,72.0,CVCV
pura,72.0,CVCV
qain,72.0,CVVC
qalo,72.0,CVCV
qein,72.0,CVVC
qins,72.0,CVCC
qoin,72.0,CVVC
quin,72.0,CVVC
raca,72.0,CVCV
raed,72.0,CVVC
rell,72.0,CVCC
remp,72.0,CVCC
renb,72.0,CVCC
renf,72.0,CVCC
renh,72.0,CVCC
renj,72.0,CVCC
renp,72.0,CVCC
renv,72.0,CVCC
renw,72.0,CVCC
reny,72.0,CVCC
rerh,72.0,CVCC
rerj,72.0,CVCC
rerw,72.0,CVCC
rery,72.0,CVCC
resb,72.0,CVCC
resd,72.0,CVCC
resf,72.0,CVCC
resg,72.0,CVCC
resj,72.0,CVCC
resv,72.0,CVCC
resy,72.0,CVCC
rido,72.0,CVCV
rifo,72.0,CVCV
rimi,72.0,CVCV
rimo,72.0,CVCV
ripa,72.0,CVCV
roge,72.0,CVCV
roha,72.0,CVCV
roho,72.0,CVCV
rope,72.0,CVCV
ruco,72.0,CVCV
rura,72.0,CVCV
satw,72.0,CVCC
shal,72.0,CCVC
suco,72.0,CVCV
sura,72.0,CVCV
tarl,72.0,CVCC
tarm,72.0,CVCC
terh,72.0,CVCC
terj,72.0,CVCC
terw,72.0,CVCC
tery,72.0,CVCC
thub,72.0,CCVC
thuc,72.0,CCVC
thud,72.0,CCVC
thuf,72.0,CCVC
thug,72.0,CCVC
thuh,72.0,CCVC
thuj,72.0,CCVC
thuk,72.0,CCVC
thup,72.0,CCVC
thuu,72.0,CCVV
thuv,72.0,CCVC
thuw,72.0,CCVC
thuy,72.0,CCVC
tinb,72.0,CVCC
tinf,72.0,CVCC
tinh,72.0,CVCC
tinj,72.0,CVCC
tinp,72.0,CVCC
tinv,72.0,CVCC
tinw,72.0,CVCC
tiny,72.0,CVCC
toqa,72.0,CVCV
toqe,72.0,CVCV
toqi,72.0,CVCV
toqo,72.0,CVCV
toqu,72.0,CVCV
tozu,72.0,CVCV
tuco,72.0,CVCV
tura,72.0,CVCV
ucte,72.0,VCCV
ufte,72.0,VCCV
uhas,72.0,VCVC
uheq,72.0,VCVC
uhex,72.0,VCVC
uhez,72.0,VCVC
uqes,72.0,VCVC
utol,72.0,VCVC
utos,72.0,VCVC
utot,72.0,VCVC
uzor,72.0,VCVC
valm,72.0,CVCC
varn,72.0,CVCC
vars,72.0,CVCC
vonk,72.0,CVCC
vour,72.0,CVVC
vuco,72.0,CVCV
vura,72.0,CVCV
vver,72.0,CCVC
walm,72.0,CVCC
warn,72.0,CVCC
wars,72.0,CVCC
wees,72.0,CVVC
wheb,72.0,CCVC
whec,72.0,CCVC
whee,72.0,CCVV
whef,72.0,CCVC
wheg,72.0,CCVC
wheh,72.0,CCVC
whej,72.0,CCVC
whek,72.0,CCVC
whep,72.0,CCVC
whev,72.0,CCVC
whew,72.0,CCVC
whey,72.0,CCVC
wonk,72.0,CVCC
wour,72.0,CVVC
wrar,72.0,CCVC
wuco,72.0,CVCV
wura,72.0,CVCV
yalt,72.0,CVCC
yime,72.0,CVCV
yume,72.0,CVCV
zaer,72.0,CVVC
zier,72.0,CVVC
zint,72.0,CVCC
zoer,72.0,CVVC
zuin,72.0,CVVC
adas,71.8,VCVC
ahof,71.8,VCVC
aise,71.8,VVCV
alno,71.8,VCCV
alsa,71.8,VCCV
aniq,71.8,VCVC
anix,71.8,VCVC
aniz,71.8,VCVC
apte,71.8,VCCV
ardo,71.8,VCCV
arna,71.8,VCCV
arob,71.8,VCVC
aroc,71.8,VCVC
arod,71.8,VCVC
arog,71.8,VCVC
aroh,71.8,VCVC
aroj,71.8,VCVC
arok,71.8,VCVC
arop,71.8,VCVC
arov,71.8,VCVC
arow,71.8,VCVC
aroy,71.8,VCVC
arso,71.8,VCCV
asol,71.8,VCVC
asos,71.8,VCVC
asot,71.8,VCVC
asse,71.8,VCCV
axor,71.8,VCVC
bahi,71.8,CVCV
baln,71.8,CVCC
besc,71.8,CVCC
besk,71.8,CVCC
besp,71.8,CVCC
bihi,71.8,CVCV
bohi,71.8,CVCV
buhi,71.8,CVCV
ciar,71.8,CVVC
cism,71.8,CVCC
cisn,71.8,CVCC
cuar,71.8,CVVC
deji,71.8,CVCV
deya,71.8,CVCV
deye,71.8,CVCV
deyo,71.8,CVCV
diro,71.8,CVCV
duar,71.8,CVVC
eanu,71.8,VVCV
edru,71.8,VCCV
ehof,71.8,VCVC
eise,71.8,VVCV
eneq,71.8,VCVC
enex,71.8,VCVC
enez,71.8,VCVC
epte,71.8,VCCV
exor,71.8,VCVC
fatw,71.8,CVCC
firi,71.8,CVCV
gesh,71.8,CVCC
giom,71.8,CVVC
gits,71.8,CVCC
goor,71.8,CVVC
guar,71.8,CVVC
harl,71.8,CVCC
harm,71.8,CVCC
hiba,71.8,CVCV
hibi,71.8,CVCV
hibo,71.8,CVCV
hibu,71.8,CVCV
hiko,71.8,CVCV
hiku,71.8,CVCV
hisc,71.8,CVCC
hisk,71.8,CVCC
hisp,71.8,CVCC
hiva,71.8,CVCV
hivi,71.8,CVCV
hivo,71.8,CVCV
hiwa,71.8,CVCV
hiwe,71.8,CVCV
hiwi,71.8,CVCV
hiwo,71.8,CVCV
huar,71.8,CVVC
iane,71.8,VVCV
idas,71.8,VCVC
ihof,71.8,VCVC
iite,71.8,VVCV
ioru,71.8,VVCV
ipte,71.8,VCCV
ishu,71.8,VCCV
iswa,71.8,VCCV
iswe,71.8,VCCV
iswi,71.8,VCCV
iswo,71.8,VCCV
ixor,71.8,VCVC
jalm,71.8,CVCC
jarn,71.8,CVCC
jars,71.8,CVCC
jees,71.8,CVVC
jide,71.8,CVCV
jonk,71.8,CVCC
jour,71.8,CVVC
kela,71.8,CVCV
kiom,71.8,CVVC
kits,71.8,CVCC
kohi,71.8,CVCV
kuhi,71.8,CVCV
liit,71.8,CVVC
lmal,71.8,CCVC
lomi,71.8,CVCV
lomo,71.8,CVCV
lonc,71.8,CVCC
luar,71.8,CVVC
mpor,71.8,CCVC
muar,71.8,CVVC
neta,71.8,CVCV
nsal,71.8,CCVC
ntem,71.8,CCVC
ntet,71.8,CCVC
nuar,71.8,CVVC
oane,71.8,VVCV
odas,71.8,VCVC
ohof,71.8,VCVC
oise,71.8,VVCV
opte,71.8,VCCV
oute,71.8,VVCV
oxor,71.8,VCVC
pesh,71.8,CVCC
piar,71.8,CVVC
pism,71.8,CVCC
pisn,71.8,CVCC
poar,71.8,CVVC
puar,71.8,CVVC
raal,71.8,CVVC
rdit,71.8,CCVC
reph,71.8,CVCC
rewh,71.8,CVCC
rext,71.8,CVCC
rgor,71.8,CCVC
rifa,71.8,CVCV
rife,71.8,CVCV
rifi,71.8,CVCV
rlit,71.8,CCVC
rnis,71.8,CCVC
roda,71.8,CVCV
rodi,71.8,CVCV
rolo,71.8,CVCV
roso,71.8,CVCV
rtal,71.8,CCVC
rtia,71.8,CCVV
rtie,71.8,CCVV
rtiu,71.8,CCVV
ruar,71.8,CVVC
scof,71.8,CCVC
sili,71.8,CVCV
smal,71.8,CCVC
somi,71.8,CVCV
somo,71.8,CVCV
sonc,71.8,CVCC
sson,71.8,CCVC
suar,71.8,CVVC
tuar,71.8,CVVC
uane,71.8,VVCV
udas,71.8,VCVC
uhof,71.8,VCVC
uise,71.8,VVCV
unas,71.8,VCVC
unof,71.8,VCVC
upte,71.8,VCCV
urto,71.8,VCCV
uxor,71.8,VCVC
vahi,71.8,CVCV
valn,71.8,CVCC
vihi,71.8,CVCV
vohi,71.8,CVCV
vuar,71.8,CVVC
wahi,71.8,CVCV
waln,71.8,CVCC
wehi,71.8,CVCV
wend,71.8,CVCC
wihi,71.8,CVCV
wohi,71.8,CVCV
wuar,71.8,CVVC
xaer,71.8,CVVC
xier,71.8,CVVC
xint,71.8,CVCC
xoer,71.8,CVVC
xuer,71.8,CVVC
yade,71.8,CVCV
yals,71.8,CVCC
yanc,71.8,CVCC
yart,71.8,CVCC
yode,71.8,CVCV
yoma,71.8,CVCV
zedu,71.8,CVCV
zeng,71.8,CVCC
alca,71.6,VCCV
alfo,71.6,VCCV
almi,71.6,VCCV
almo,71.6,VCCV
alna,71.6,VCCV
apas,71.6,VCVC
aqor,71.6,VCVC
arbe,71.6,VCCV
arma,71.6,VCCV
arni,71.6,VCCV
arsa,71.6,VCCV
asam,71.6,VCVC
bebe,71.6,CVCV
bema,71.6,CVCV
beof,71.6,CVVC
besw,71.6,CVCC
biom,71.6,CVVC
bits,71.6,CVCC
blal,71.6,CCVC
boor,71.6,CVVC
cace,71.6,CVCV
ceca,71.6,CVCV
celu,71.6,CVCV
cime,71.6,CVCV
ckis,71.6,CCVC
clal,71.6,CCVC
cume,71.6,CVCV
darl,71.6,CVCC
darm,71.6,CVCC
dedw,71.6,CVCC
deyi,71.6,CVCV
deyu,71.6,CVCV
domi,71.6,CVCV
domo,71.6,CVCV
donc,71.6,CVCC
dume,71.6,CVCV
dwor,71.6,CCVC
edte,71.6,VCCV
elto,71.6,VCCV
epas,71.6,VCVC
eqor,71.6,VCVC
essi,71.6,VCCV
felo,71.6,CVCV
fenk,71.6,CVCC
flal,71.6,CCVC
fomi,71.6,CVCV
fomo,71.6,CVCV
fonc,71.6,CVCC
gatw,71.6,CVCC
giri,71.6,CVCV
gume,71.6,CVCV
hija,71.6,CVCV
hije,71.6,CVCV
hijo,71.6,CVCV
hiju,71.6,CVCV
hisw,71.6,CVCC
hume,71.6,CVCV
icol,71.6,VCVC
icos,71.6,VCVC
icot,71.6,VCVC
ilof,71.6,VCVC
ipas,71.6,VCVC
iqor,71.6,VCVC
isib,71.6,VCVC
isid,71.6,VCVC
isif,71.6,VCVC
isig,71.6,VCVC
isih,71.6,VCVC
isij,71.6,VCVC
isik,71.6,VCVC
isip,71.6,VCVC
isiv,71.6,VCVC
isiw,71.6,VCVC
isiy,71.6,VCVC
jahi,71.6,CVCV
jaln,71.6,CVCC
jehi,71.6,CVCV
jend,71.6,CVCC
johi,71.6,CVCV
juhi,71.6,CVCV
katw,71.6,CVCC
kiri,71.6,CVCV
koor,71.6,CVVC
lbor,71.6,CCVC
ldit,71.6,CCVC
lied,71.6,CVVC
lles,71.6,CCVC
ltal,71.6,CCVC
ltia,71.6,CCVV
ltie,71.6,CCVV
ltiu,71.6,CCVV
lume,71.6,CVCV
mabe,71.6,CVCV
mama,71.6,CVCV
maof,71.6,CVVC
mbor,71.6,CCVC
meci,71.6,CVCV
mecu,71.6,CVCV
megu,71.6,CVCV
mehu,71.6,CVCV
memu,71.6,CVCV
mepi,71.6,CVCV
mepo,71.6,CVCV
mepu,71.6,CVCV
metu,71.6,CVCV
mevu,71.6,CVCV
mewu,71.6,CVCV
miro,71.6,CVCV
momi,71.6,CVCV
momo,71.6,CVCV
monc,71.6,CVCC
mume,71.6,CVCV
narl,71.6,CVCC
narm,71.6,CVCC
ndal,71.6,CCVC
nege,71.6,CVCV
neha,71.6,CVCV
neho,71.6,CVCV
nepe,71.6,CVCV
niro,71.6,CVCV
ntar,71.6,CCVC
ntic,71.6,CCVC
nume,71.6,CVCV
oftu,71.6,VCCV
olof,71.6,VCVC
opas,71.6,VCVC
oqor,71.6,VCVC
orci,71.6,VCCV
orcu,71.6,VCCV
orgu,71.6,VCCV
orlu,71.6,VCCV
ormu,71.6,VCCV
orpi,71.6,VCCV
orpo,71.6,VCCV
orpu,71.6,VCCV
orvu,71.6,VCCV
osas,71.6,VCVC
osof,71.6,VCVC
pime,71.6,CVCV
plal,71.6,CCVC
pond,71.6,CVCC
pume,71.6,CVCV
qaer,71.6,CVVC
qier,71.6,CVVC
qint,71.6,CVCC
qoer,71.6,CVVC
quer,71.6,CVVC
rage,71.6,CVCV
raha,71.6,CVCV
raho,71.6,CVCV
rape,71.6,CVCV
rasl,71.6,CVCC
rbor,71.6,CCVC
retw,71.6,CVCC
rifu,71.6,CVCV
riga,71.6,CVCV
rigi,71.6,CVCV
rigo,71.6,CVCV
rika,71.6,CVCV
rike,71.6,CVCV
riki,71.6,CVCV
rodo,71.6,CVCV
ropa,71.6,CVCV
rorb,71.6,CVCC
rorc,71.6,CVCC
rorf,71.6,CVCC
rorg,71.6,CVCC
rorp,71.6,CVCC
rorv,71.6,CVCC
rosa,71.6,CVCV
rtem,71.6,CCVC
rtet,71.6,CCVC
rume,71.6,CVCV
rvor,71.6,CCVC
scal,71.6,CCVC
shar,71.6,CCVC
sias,71.6,CVVC
siis,71.6,CVVC
spor,71.6,CCVC
steq,71.6,CCVC
stex,71.6,CCVC
stez,71.6,CCVC
sume,71.6,CVCV
tsis,71.6,CCVC
ttor,71.6,CCVC
tume,71.6,CVCV
ulof,71.6,VCVC
upas,71.6,VCVC
uqor,71.6,VCVC
usas,71.6,VCVC
usof,71.6,VCVC
venn,71.6,CVCC
venx,71.6,CVCC
viom,71.6,CVVC
vits,71.6,CVCC
voor,71.6,CVVC
vume,71.6,CVCV
wela,71.6,CVCV
wiom,71.6,CVVC
wits,71.6,CVCC
woor,71.6,CVVC
wume,71.6,CVCV
xedu,71.6,CVCV
xeng,71.6,CVCC
yalm,71.6,CVCC
yarn,71.6,CVCC
yars,71.6,CVCC
yees,71.6,CVVC
yide,71.6,CVCV
yonk,71.6,CVCC
your,71.6,CVVC
yude,71.6,CVCV
zans,71.6,CVCC
zian,71.6,CVVC
zoan,71.6,CVVC
zuer,71.6,CVVC
adof,71.4,VCVC
afas,71.4,VCVC
afof,71.4,VCVC
aged,71.4,VCVC
alfa,71.4,VCCV
alfe,71.4,VCCV
alfi,71.4,VCCV
alib,71.4,VCVC
alid,71.4,VCVC
alif,71.4,VCVC
alig,71.4,VCVC
alih,71.4,VCVC
alij,71.4,VCVC
alik,71.4,VCVC
alip,71.4,VCVC
aliv,71.4,VCVC
aliw,71.4,VCVC
aliy,71.4,VCVC
alka,71.4,VCCV
alke,71.4,VCCV
alki,71.4,VCCV
alni,71.4,VCCV
amof,71.4,VCVC
anxa,71.4,VCCV
anxe,71.4,VCCV
anxi,71.4,VCCV
anxo,71.4,VCCV
anxu,71.4,VCCV
aped,71.4,VCVC
arab,71.4,VCVC
arac,71.4,VCVC
arad,71.4,VCVC
araf,71.4,VCVC
arag,71.4,VCVC
arah,71.4,VCVC
araj,71.4,VCVC
arak,71.4,VCVC
arap,71.4,VCVC
arav,71.4,VCVC
araw,71.4,VCVC
aray,71.4,VCVC
batw,71.4,CVCC
biri,71.4,CVCV
bser,71.4,CCVC
btis,71.4,CCVC
ceta,71.4,CVCV
cser,71.4,CCVC
dici,71.4,CVCV
dicu,71.4,CVCV
dira,71.4,CVCV
dser,71.4,CCVC
dtis,71.4,CCVC
ease,71.4,VVCV
edwa,71.4,VCCV
edwe,71.4,VCCV
edwi,71.4,VCCV
edwo,71.4,VCCV
efas,71.4,VCVC
efof,71.4,VCVC
eged,71.4,VCVC
emof,71.4,VCVC
eped,71.4,VCVC
etib,71.4,VCVC
etid,71.4,VCVC
etif,71.4,VCVC
etig,71.4,VCVC
etih,71.4,VCVC
etij,71.4,VCVC
etik,71.4,VCVC
etip,71.4,VCVC
etiv,71.4,VCVC
etiw,71.4,VCVC
etiy,71.4,VCVC
fess,71.4,CVCC
firo,71.4,CVCV
fser,71.4,CCVC
glal,71.4,CCVC
gser,71.4,CCVC
gtis,71.4,CCVC
hiji,71.4,CVCV
hiya,71.4,CVCV
hiye,71.4,CVCV
hiyo,71.4,CVCV
host,71.4,CVCC
hser,71.4,CCVC
htis,71.4,CCVC
iang,71.4,VVCC
idof,71.4,VCVC
ifas,71.4,VCVC
ifof,71.4,VCVC
iged,71.4,VCVC
imof,71.4,VCVC
iofr,71.4,VVCC
iote,71.4,VVCV
iped,71.4,VCVC
itso,71.4,VCCV
itwa,71.4,VCCV
itwe,71.4,VCCV
itwi,71.4,VCCV
itwo,71.4,VCCV
jela,71.4,CVCV
jihi,71.4,CVCV
joor,71.4,CVVC
jser,71.4,CCVC
jtis,71.4,CCVC
kelo,71.4,CVCV
kenk,71.4,CVCC
kser,71.4,CCVC
ktis,71.4,CCVC
lace,71.4,CVCV
leam,71.4,CVVC
lila,71.4,CVCV
liol,71.4,CVVC
lios,71.4,CVVC
liot,71.4,CVVC
lmar,71.4,CCVC
lmis,71.4,CCVC
ltem,71.4,CCVC
ltet,71.4,CCVC
mser,71.4,CCVC
mtis,71.4,CCVC
nost,71.4,CVCC
nsar,71.4,CCVC
oang,71.4,VVCC
odof,71.4,VCVC
ofob,71.4,VCVC
ofoc,71.4,VCVC
ofod,71.4,VCVC
ofog,71.4,VCVC
ofoh,71.4,VCVC
ofoj,71.4,VCVC
ofok,71.4,VCVC
ofop,71.4,VCVC
ofov,71.4,VCVC
ofow,71.4,VCVC
ofoy,71.4,VCVC
oged,71.4,VCVC
oped,71.4,VCVC
otib,71.4,VCVC
otid,71.4,VCVC
otif,71.4,VCVC
otig,71.4,VCVC
otih,71.4,VCVC
otij,71.4,VCVC
otik,71.4,VCVC
otip,71.4,VCVC
otiv,71.4,VCVC
otiw,71.4,VCVC
otiy,71.4,VCVC
parl,71.4,CVCC
parm,71.4,CVCC
pser,71.4,CCVC
qedu,71.4,CVCV
qeng,71.4,CVCC
raar,71.4,CVVC
rada,71.4,CVCV
radi,71.4,CVCV
rasm,71.4,CVCC
rasn,71.4,CVCC
rdal,71.4,CCVC
riba,71.4,CVCV
ribi,71.4,CVCV
ribo,71.4,CVCV
ribu,71.4,CVCV
riko,71.4,CVCV
riku,71.4,CVCV
risc,71.4,CVCC
risk,71.4,CVCC
risp,71.4,CVCC
riva,71.4,CVCV
rivi,71.4,CVCV
rivo,71.4,CVCV
riwa,71.4,CVCV
riwe,71.4,CVCV
riwi,71.4,CVCV
riwo,71.4,CVCV
rkis,71.4,CCVC
rnit,71.4,CCVC
rtar,71.4,CCVC
rtic,71.4,CCVC
sarl,71.4,CVCC
sarm,71.4,CVCC
selt,71.4,CVCC
sibe,71.4,CVCV
sima,71.4,CVCV
slal,71.4,CCVC
smar,71.4,CCVC
smis,71.4,CCVC
snis,71.4,CCVC
tace,71.4,CVCV
tiil,71.4,CVVC
tiim,71.4,CVVC
tiir,71.4,CVVC
uang,71.4,VVCC
udof,71.4,VCVC
ufas,71.4,VCVC
ufof,71.4,VCVC
uged,71.4,VCVC
umof,71.4,VCVC
uped,71.4,VCVC
utib,71.4,VCVC
utid,71.4,VCVC
utif,71.4,VCVC
utig,71.4,VCVC
utih,71.4,VCVC
utij,71.4,VCVC
utik,71.4,VCVC
utip,71.4,VCVC
utiv,71.4,VCVC
utiw,71.4,VCVC
utiy,71.4,VCVC
vatw,71.4,CVCC
viri,71.4,CVCV
vser,71.4,CCVC
vtis,71.4,CCVC
watw,71.4,CVCC
wiri,71.4,CVCV
wser,71.4,CCVC
wtis,71.4,CCVC
xans,71.4,CVCC
xian,71.4,CVVC
xoan,71.4,CVVC
xuan,71.4,CVVC
yahi,71.4,CVCV
yaln,71.4,CVCC
yehi,71.4,CVCV
yend,71.4,CVCC
yohi,71.4,CVCV
yser,71.4,CCVC
ytis,71.4,CCVC
zert,71.4,CVCC
zisu,71.4,CVCV
agas,71.2,VCVC
akas,71.2,VCVC
alfu,71.2,VCCV
alko,71.2,VCCV
alku,71.2,VCCV
alpe,71.2,VCCV
arca,71.2,VCCV
arka,71.2,VCCV
arke,71.2,VCCV
arki,71.2,VCCV
asic,71.2,VCVC
beca,71.2,CVCV
belu,71.2,CVCV
blar,71.2,CCVC
cabe,71.2,CVCV
cama,71.2,CVCV
caof,71.2,CVVC
cege,71.2,CVCV
ceha,71.2,CVCV
ceho,71.2,CVCV
cepe,71.2,CVCV
cide,71.2,CVCV
ckit,71.2,CCVC
clar,71.2,CCVC
ctal,71.2,CCVC
ctia,71.2,CCVV
ctie,71.2,CCVV
ctiu,71.2,CCVV
cude,71.2,CVCV
deci,71.2,CVCV
decu,71.2,CVCV
degu,71.2,CVCV
dehu,71.2,CVCV
demu,71.2,CVCV
depi,71.2,CVCV
depo,71.2,CVCV
depu,71.2,CVCV
detu,71.2,CVCV
devu,71.2,CVCV
dewu,71.2,CVCV
dude,71.2,CVCV
edab,71.2,VCVC
edac,71.2,VCVC
edad,71.2,VCVC
edaf,71.2,VCVC
edag,71.2,VCVC
edah,71.2,VCVC
edaj,71.2,VCVC
edak,71.2,VCVC
edap,71.2,VCVC
edav,71.2,VCVC
edaw,71.2,VCVC
eday,71.2,VCVC
edib,71.2,VCVC
edid,71.2,VCVC
edif,71.2,VCVC
edig,71.2,VCVC
edih,71.2,VCVC
edij,71.2,VCVC
edik,71.2,VCVC
edip,71.2,VCVC
ediv,71.2,VCVC
ediw,71.2,VCVC
ediy,71.2,VCVC
egas,71.2,VCVC
ekas,71.2,VCVC
elem,71.2,VCVC
elet,71.2,VCVC
farl,71.2,CVCC
farm,71.2,CVCC
fesh,71.2,CVCC
flar,71.2,CCVC
ftal,71.2,CCVC
ftia,71.2,CCVV
ftie,71.2,CCVV
ftiu,71.2,CCVV
gece,71.2,CVCV
genc,71.2,CVCC
giro,71.2,CVCV
gomi,71.2,CVCV
gomo,71.2,CVCV
gonc,71.2,CVCC
gude,71.2,CVCV
hace,71.2,CVCV
hitw,71.2,CVCC
hiyi,71.2,CVCV
hiyu,71.2,CVCV
hoce,71.2,CVCV
holi,71.2,CVCV
hude,71.2,CVCV
icel,71.2,VCVC
igas,71.2,VCVC
ikas,71.2,VCVC
ilel,71.2,VCVC
iofl,71.2,VVCC
itru,71.2,VCCV
itsa,71.2,VCCV
jatw,71.2,CVCC
jiom,71.2,CVVC
jits,71.2,CVCC
kess,71.2,CVCC
kiro,71.2,CVCV
knis,71.2,CCVC
ldal,71.2,CCVC
leed,71.2,CVVC
lfis,71.2,CCVC
lige,71.2,CVCV
liha,71.2,CVCV
liho,71.2,CVCV
linn,71.2,CVCC
linx,71.2,CVCC
lipe,71.2,CVCV
liss,71.2,CVCC
lkis,71.2,CCVC
lnis,71.2,CCVC
lost,71.2,CVCC
ltar,71.2,CCVC
ltic,71.2,CCVC
lude,71.2,CVCV
maca,71.2,CVCV
maed,71.2,CVVC
mici,71.2,CVCV
micu,71.2,CVCV
mira,71.2,CVCV
mmer,71.2,CCVC
mude,71.2,CVCV
ndar,71.2,CCVC
nded,71.2,CCVC
nefo,71.2,CVCV
nemi,71.2,CVCV
nemo,71.2,CVCV
nepa,71.2,CVCV
nerr,71.2,CVCC
nici,71.2,CVCV
nicu,71.2,CVCV
nira,71.2,CVCV
nkis,71.2,CCVC
noce,71.2,CVCV
noli,71.2,CVCV
nude,71.2,CVCV
nxin,71.2,CCVC
ofab,71.2,VCVC
ofac,71.2,VCVC
ofad,71.2,VCVC
ofaf,71.2,VCVC
ofag,71.2,VCVC
ofah,71.2,VCVC
ofaj,71.2,VCVC
ofak,71.2,VCVC
ofap,71.2,VCVC
ofav,71.2,VCVC
ofaw,71.2,VCVC
ofay,71.2,VCVC
ofeb,71.2,VCVC
ofec,71.2,VCVC
ofef,71.2,VCVC
ofeg,71.2,VCVC
ofeh,71.2,VCVC
ofej,71.2,VCVC
ofek,71.2,VCVC
ofep,71.2,VCVC
ofev,71.2,VCVC
ofew,71.2,VCVC
ofey,71.2,VCVC
ofib,71.2,VCVC
ofid,71.2,VCVC
ofif,71.2,VCVC
ofig,71.2,VCVC
ofih,71.2,VCVC
ofij,71.2,VCVC
ofik,71.2,VCVC
ofip,71.2,VCVC
ofiv,71.2,VCVC
ofiw,71.2,VCVC
ofiy,71.2,VCVC
ogas,71.2,VCVC
okas,71.2,VCVC
olel,71.2,VCVC
pece,71.2,CVCV
penc,71.2,CVCC
phal,71.2,CCVC
pide,71.2,CVCV
plar,71.2,CCVC
pode,71.2,CVCV
poma,71.2,CVCV
pude,71.2,CVCV
qans,71.2,CVCC
qian,71.2,CVVC
qoan,71.2,CVVC
quan,71.2,CVVC
rado,71.2,CVCV
rafo,71.2,CVCV
rami,71.2,CVCV
ramo,71.2,CVCV
rapa,71.2,CVCV
rija,71.2,CVCV
rije,71.2,CVCV
rijo,71.2,CVCV
riju,71.2,CVCV
risw,71.2,CVCC
rled,71.2,CCVC
rnal,71.2,CCVC
roga,71.2,CVCV
rogi,71.2,CVCV
rogo,71.2,CVCV
roka,71.2,CVCV
roke,71.2,CVCV
roki,71.2,CVCV
rude,71.2,CVCV
scar,71.2,CCVC
sels,71.2,CVCC
seza,71.2,CVCV
seze,71.2,CVCV
sezi,71.2,CVCV
sezo,71.2,CVCV
siit,71.2,CVVC
skis,71.2,CCVC
sost,71.2,CVCC
ssat,71.2,CCVC
sude,71.2,CVCV
tsit,71.2,CCVC
tude,71.2,CVCV
ugas,71.2,VCVC
ukas,71.2,VCVC
ulel,71.2,VCVC
vude,71.2,CVCV
welo,71.2,CVCV
wenk,71.2,CVCC
whal,71.2,CCVC
wude,71.2,CVCV
xert,71.2,CVCC
xisu,71.2,CVCV
yela,71.2,CVCV
yihi,71.2,CVCV
yoor,71.2,CVVC
yuhi,71.2,CVCV
zant,71.2,CVCC
zern,71.2,CVCC
zers,71.2,CVCC
zuan,71.2,CVVC
erio,71.2,VCVV
erou,71.2,VCVV
itou,71.2,VCVV
redb,71.2,CVCC
redc,71.2,CVCC
redf,71.2,CVCC
redg,71.2,CVCC
redh,71.2,CVCC
redj,71.2,CVCC
redk,71.2,CVCC
redp,71.2,CVCC
redv,71.2,CVCC
redy,71.2,CVCC
aath,71.0,VVCC
abas,71.0,VCVC
agof,71.0,VCVC
aino,71.0,VVCV
aleq,71.0,VCVC
alex,71.0,VCVC
alez,71.0,VCVC
arko,71.0,VCCV
arku,71.0,VCCV
arla,71.0,VCCV
avas,71.0,VCVC
awas,71.0,VCVC
beta,71.0,CVCV
biro,71.0,CVCV
bomi,71.0,CVCV
bomo,71.0,CVCV
bonc,71.0,CVCC
btit,71.0,CCVC
bton,71.0,CCVC
chio,71.0,CCVV
ctem,71.0,CCVC
ctet,71.0,CCVC
dace,71.0,CVCV
dili,71.0,CVCV
dost,71.0,CVCC
dtit,71.0,CCVC
dton,71.0,CCVC
ebas,71.0,VCVC
edob,71.0,VCVC
edoc,71.0,VCVC
edod,71.0,VCVC
edog,71.0,VCVC
edoh,71.0,VCVC
edoj,71.0,VCVC
edok,71.0,VCVC
edop,71.0,VCVC
edov,71.0,VCVC
edow,71.0,VCVC
edoy,71.0,VCVC
egof,71.0,VCVC
eino,71.0,VVCV
erri,71.0,VCCV
esub,71.0,VCVC
esuc,71.0,VCVC
esud,71.0,VCVC
esuf,71.0,VCVC
esug,71.0,VCVC
esuh,71.0,VCVC
esuj,71.0,VCVC
esuk,71.0,VCVC
esup,71.0,VCVC
esuv,71.0,VCVC
esuw,71.0,VCVC
esuy,71.0,VCVC
evas,71.0,VCVC
ewas,71.0,VCVC
fici,71.0,CVCV
ficu,71.0,CVCV
fira,71.0,CVCV
fost,71.0,CVCC
ftem,71.0,CCVC
ftet,71.0,CCVC
garl,71.0,CVCC
garm,71.0,CVCC
gesc,71.0,CVCC
gesk,71.0,CVCC
gesp,71.0,CVCC
gheb,71.0,CCVC
ghec,71.0,CCVC
ghee,71.0,CCVV
ghef,71.0,CCVC
gheg,71.0,CCVC
gheh,71.0,CCVC
ghej,71.0,CCVC
ghek,71.0,CCVC
ghep,71.0,CCVC
ghev,71.0,CCVC
ghew,71.0,CCVC
ghey,71.0,CCVC
glar,71.0,CCVC
gtit,71.0,CCVC
gton,71.0,CCVC
heeb,71.0,CVVC
heec,71.0,CVVC
heef,71.0,CVVC
heeg,71.0,CVVC
heeh,71.0,CVVC
heej,71.0,CVVC
heek,71.0,CVVC
heep,71.0,CVVC
heev,71.0,CVVC
heew,71.0,CVVC
heey,71.0,CVVC
heiq,71.0,CVVC
heix,71.0,CVVC
heiz,71.0,CVVC
heoq,71.0,CVVC
heox,71.0,CVVC
heoz,71.0,CVVC
heuq,71.0,CVVC
heux,71.0,CVVC
heuz,71.0,CVVC
hoas,71.0,CVVC
hord,71.0,CVCC
htit,71.0,CCVC
hton,71.0,CCVC
ibas,71.0,VCVC
igof,71.0,VCVC
iith,71.0,VVCC
inuq,71.0,VCVC
inux,71.0,VCVC
inuz,71.0,VCVC
isci,71.0,VCCV
iscu,71.0,VCCV
islu,71.0,VCCV
ispi,71.0,VCCV
ispo,71.0,VCCV
ispu,71.0,VCCV
ivas,71.0,VCVC
iwas,71.0,VCVC
jelo,71.0,CVCV
jenk,71.0,CVCC
jiri,71.0,CVCV
jtit,71.0,CCVC
jton,71.0,CCVC
karl,71.0,CVCC
karm,71.0,CVCC
kesh,71.0,CVCC
komi,71.0,CVCV
komo,71.0,CVCV
konc,71.0,CVCC
ktit,71.0,CCVC
kton,71.0,CCVC
labe,71.0,CVCV
lama,71.0,CVCV
laof,71.0,CVVC
lida,71.0,CVCV
lidi,71.0,CVCV
lilo,71.0,CVCV
lish,71.0,CVCC
lmit,71.0,CCVC
loce,71.0,CVCV
loli,71.0,CVCV
maal,71.0,CVVC
most,71.0,CVCC
mpal,71.0,CCVC
mtit,71.0,CCVC
mton,71.0,CCVC
nace,71.0,CVCV
nefa,71.0,CVCV
nefe,71.0,CVCV
nefi,71.0,CVCV
noas,71.0,CVVC
nord,71.0,CVCC
ntom,71.0,CCVC
obas,71.0,VCVC
ofub,71.0,VCVC
ofuc,71.0,VCVC
ofud,71.0,VCVC
ofuf,71.0,VCVC
ofug,71.0,VCVC
ofuh,71.0,VCVC
ofuj,71.0,VCVC
ofuk,71.0,VCVC
ofup,71.0,VCVC
ofuv,71.0,VCVC
ofuw,71.0,VCVC
ofuy,71.0,VCVC
ogof,71.0,VCVC
oino,71.0,VVCV
onoq,71.0,VCVC
onox,71.0,VCVC
onoz,71.0,VCVC
oriq,71.0,VCVC
orix,71.0,VCVC
oriz,71.0,VCVC
ovas,71.0,VCVC
owas,71.0,VCVC
pesc,71.0,CVCC
pesk,71.0,CVCC
pesp,71.0,CVCC
ponk,71.0,CVCC
pour,71.0,CVVC
ptal,71.0,CCVC
ptia,71.0,CCVV
ptie,71.0,CCVV
ptiu,71.0,CCVV
qert,71.0,CVCC
qisu,71.0,CVCV
rafa,71.0,CVCV
rafe,71.0,CVCV
rafi,71.0,CVCV
rdar,71.0,CCVC
rded,71.0,CCVC
riji,71.0,CVCV
riya,71.0,CVCV
riye,71.0,CVCV
riyo,71.0,CVCV
rkit,71.0,CCVC
rmal,71.0,CCVC
roba,71.0,CVCV
robi,71.0,CVCV
robo,71.0,CVCV
robu,71.0,CVCV
roko,71.0,CVCV
roku,71.0,CVCV
rova,71.0,CVCV
rovi,71.0,CVCV
rovo,71.0,CVCV
rowa,71.0,CVCV
rowe,71.0,CVCV
rowi,71.0,CVCV
rowo,71.0,CVCV
rsal,71.0,CCVC
selm,71.0,CVCC
senl,71.0,CVCC
senm,71.0,CVCC
senr,71.0,CVCC
sexa,71.0,CVCV
sexe,71.0,CVCV
sexi,71.0,CVCV
sexo,71.0,CVCV
sexu,71.0,CVCV
sied,71.0,CVVC
slar,71.0,CCVC
smit,71.0,CCVC
snit,71.0,CCVC
soce,71.0,CVCV
soli,71.0,CVCV
sqin,71.0,CCVC
tabe,71.0,CVCV
tama,71.0,CVCV
taof,71.0,CVVC
toam,71.0,CVVC
toem,71.0,CVVC
toet,71.0,CVVC
toil,71.0,CVVC
toim,71.0,CVVC
toir,71.0,CVVC
ubas,71.0,VCVC
ugof,71.0,VCVC
uino,71.0,VVCV
uvas,71.0,VCVC
uwas,71.0,VCVC
veam,71.0,CVVC
viro,71.0,CVCV
vomi,71.0,CVCV
vomo,71.0,CVCV
vonc,71.0,CVCC
vtit,71.0,CCVC
vton,71.0,CCVC
wess,71.0,CVCC
wiro,71.0,CVCV
womi,71.0,CVCV
womo,71.0,CVCV
wonc,71.0,CVCC
wtit,71.0,CCVC
wton,71.0,CCVC
xant,71.0,CVCC
xern,71.0,CVCC
xers,71.0,CVCC
yatw,71.0,CVCC
yiom,71.0,CVVC
yits,71.0,CVCC
ytit,71.0,CCVC
yton,71.0,CCVC
zitu,71.0,CVCV
abof,70.8,VCVC
afed,70.8,VCVC
aina,70.8,VVCV
ajas,70.8,VCVC
akof,70.8,VCVC
alpa,70.8,VCCV
arge,70.8,VCCV
arpe,70.8,VCCV
asre,70.8,VCCV
ataq,70.8,VCVC
atax,70.8,VCVC
ataz,70.8,VCVC
atei,70.8,VCVV
ateo,70.8,VCVV
ateu,70.8,VCVV
avel,70.8,VCVC
avof,70.8,VCVC
awof,70.8,VCVC
barl,70.8,CVCC
barm,70.8,CVCC
bege,70.8,CVCV
beha,70.8,CVCV
beho,70.8,CVCV
bepe,70.8,CVCV
caca,70.8,CVCV
caed,70.8,CVVC
cefo,70.8,CVCV
cemi,70.8,CVCV
cemo,70.8,CVCV
cepa,70.8,CVCV
cerr,70.8,CVCC
cihi,70.8,CVCV
ckal,70.8,CCVC
coof,70.8,CVVC
ctar,70.8,CCVC
ctic,70.8,CCVC
cuhi,70.8,CVCV
dder,70.8,CCVC
dias,70.8,CVVC
diis,70.8,CVVC
doce,70.8,CVCV
doli,70.8,CVCV
duhi,70.8,CVCV
eatr,70.8,VVCC
ebof,70.8,VCVC
efed,70.8,VCVC
eina,70.8,VVCV
ejas,70.8,VCVC
ekof,70.8,VCVC
esso,70.8,VCCV
evel,70.8,VCVC
evof,70.8,VCVC
ewof,70.8,VCVC
foce,70.8,CVCV
foli,70.8,CVCV
ftar,70.8,CCVC
ftic,70.8,CCVC
fune,70.8,CVCV
gebe,70.8,CVCV
gema,70.8,CVCV
geof,70.8,CVVC
gesw,70.8,CVCC
gici,70.8,CVCV
gicu,70.8,CVCV
gira,70.8,CVCV
guhi,70.8,CVCV
habe,70.8,CVCV
hama,70.8,CVCV
haof,70.8,CVVC
hhin,70.8,CCVC
hidu,70.8,CVCV
higu,70.8,CVCV
hihu,70.8,CVCV
hilu,70.8,CVCV
himu,70.8,CVCV
hipi,70.8,CVCV
hipo,70.8,CVCV
hipu,70.8,CVCV
hiru,70.8,CVCV
hivu,70.8,CVCV
hiwu,70.8,CVCV
hobe,70.8,CVCV
hork,70.8,CVCC
huhi,70.8,CVCV
ibof,70.8,VCVC
ifed,70.8,VCVC
ijas,70.8,VCVC
ikof,70.8,VCVC
inle,70.8,VCCV
ioft,70.8,VVCC
iorl,70.8,VVCC
iorm,70.8,VVCC
ismu,70.8,VCCV
isnu,70.8,VCCV
isob,70.8,VCVC
isoc,70.8,VCVC
isod,70.8,VCVC
isog,70.8,VCVC
isoh,70.8,VCVC
isoj,70.8,VCVC
isok,70.8,VCVC
isop,70.8,VCVC
isov,70.8,VCVC
isow,70.8,VCVC
isoy,70.8,VCVC
iswu,70.8,VCCV
itab,70.8,VCVC
itac,70.8,VCVC
itad,70.8,VCVC
itaf,70.8,VCVC
itag,70.8,VCVC
itah,70.8,VCVC
itaj,70.8,VCVC
itak,70.8,VCVC
itap,70.8,VCVC
itav,70.8,VCVC
itaw,70.8,VCVC
itay,70.8,VCVC
ivel,70.8,VCVC
ivof,70.8,VCVC
iwof,70.8,VCVC
jess,70.8,CVCC
jomi,70.8,CVCV
jomo,70.8,CVCV
jonc,70.8,CVCC
kici,70.8,CVCV
kicu,70.8,CVCV
kira,70.8,CVCV
knit,70.8,CCVC
lcof,70.8,CCVC
ldar,70.8,CCVC
lded,70.8,CCVC
lesq,70.8,CVCC
lfit,70.8,CCVC
lido,70.8,CVCV
lifo,70.8,CVCV
limi,70.8,CVCV
limo,70.8,CVCV
lipa,70.8,CVCV
lkit,70.8,CCVC
lmed,70.8,CCVC
lnit,70.8,CCVC
loas,70.8,CVVC
lord,70.8,CVCC
lsal,70.8,CCVC
luhi,70.8,CVCV
mage,70.8,CVCV
maha,70.8,CVCV
maho,70.8,CVCV
mape,70.8,CVCV
masl,70.8,CVCC
menn,70.8,CVCC
menx,70.8,CVCC
mili,70.8,CVCV
moce,70.8,CVCV
moli,70.8,CVCV
muhi,70.8,CVCV
ncof,70.8,CCVC
nefu,70.8,CVCV
nega,70.8,CVCV
negi,70.8,CVCV
nego,70.8,CVCV
neka,70.8,CVCV
neke,70.8,CVCV
neki,70.8,CVCV
ngea,70.8,CCVV
nili,70.8,CVCV
nkit,70.8,CCVC
nobe,70.8,CVCV
nork,70.8,CVCC
ntei,70.8,CCVV
nteo,70.8,CCVV
nteu,70.8,CCVV
nuhi,70.8,CVCV
nxer,70.8,CCVC
obof,70.8,VCVC
oina,70.8,VVCV
ojas,70.8,VCVC
okof,70.8,VCVC
onaq,70.8,VCVC
onax,70.8,VCVC
onaz,70.8,VCVC
osem,70.8,VCVC
oset,70.8,VCVC
ovel,70.8,VCVC
ovof,70.8,VCVC
owof,70.8,VCVC
pace,70.8,CVCV
pebe,70.8,CVCV
pema,70.8,CVCV
peof,70.8,CVVC
pesw,70.8,CVCC
phar,70.8,CCVC
pihi,70.8,CVCV
pohi,70.8,CVCV
ptem,70.8,CCVC
ptet,70.8,CCVC
puhi,70.8,CVCV
qant,70.8,CVCC
qern,70.8,CVCC
qers,70.8,CVCC
rafu,70.8,CVCV
raga,70.8,CVCV
ragi,70.8,CVCV
rago,70.8,CVCV
raka,70.8,CVCV
rake,70.8,CVCV
raki,70.8,CVCV
rann,70.8,CVCC
ranx,70.8,CVCC
rcof,70.8,CCVC
regh,70.8,CVCC
remb,70.8,CVCC
ritw,70.8,CVCC
riyi,70.8,CVCV
riyu,70.8,CVCV
rnar,70.8,CCVC
roja,70.8,CVCV
roje,70.8,CVCV
rojo,70.8,CVCV
roju,70.8,CVCV
rtom,70.8,CCVC
ruhi,70.8,CVCV
rved,70.8,CCVC
sace,70.8,CVCV
seln,70.8,CVCC
seqa,70.8,CVCV
seqe,70.8,CVCV
seqi,70.8,CVCV
seqo,70.8,CVCV
sequ,70.8,CVCV
sezu,70.8,CVCV
sila,70.8,CVCV
siol,70.8,CVVC
sios,70.8,CVVC
siot,70.8,CVVC
skit,70.8,CCVC
smed,70.8,CCVC
snal,70.8,CCVC
soas,70.8,CVVC
sord,70.8,CVCC
spal,70.8,CCVC
suhi,70.8,CVCV
swis,70.8,CCVC
teld,70.8,CVCC
tuhi,70.8,CVCV
twis,70.8,CCVC
ubof,70.8,VCVC
ufed,70.8,VCVC
uina,70.8,VVCV
ujas,70.8,VCVC
ukof,70.8,VCVC
urom,70.8,VCVC
usem,70.8,VCVC
uset,70.8,VCVC
uvel,70.8,VCVC
uvof,70.8,VCVC
uwof,70.8,VCVC
varl,70.8,CVCC
varm,70.8,CVCC
veed,70.8,CVVC
vuhi,70.8,CVCV
warl,70.8,CVCC
warm,70.8,CVCC
wesh,70.8,CVCC
whar,70.8,CCVC
wuhi,70.8,CVCV
xitu,70.8,CVCV
yelo,70.8,CVCV
yenk,70.8,CVCC
yiri,70.8,CVCV
zast,70.8,CVCC
aini,70.6,VVCV
ajof,70.6,VCVC
aked,70.6,VCVC
aone,70.6,VVCV
arlo,70.6,VCCV
ayas,70.6,VCVC
bici,70.6,CVCV
bicu,70.6,CVCV
bira,70.6,CVCV
bune,70.6,CVCV
caal,70.6,CVVC
cefa,70.6,CVCV
cefe,70.6,CVCV
cefi,70.6,CVCV
ciom,70.6,CVVC
cits,70.6,CVCC
dabe,70.6,CVCV
dama,70.6,CVCV
daof,70.6,CVVC
dibe,70.6,CVCV
dima,70.6,CVCV
doas,70.6,CVVC
dord,70.6,CVCC
edeq,70.6,VCVC
edex,70.6,VCVC
edez,70.6,VCVC
eini,70.6,VVCV
ejof,70.6,VCVC
eked,70.6,VCVC
eone,70.6,VVCV
erro,70.6,VCCV
eruq,70.6,VCVC
erux,70.6,VCVC
eruz,70.6,VCVC
essa,70.6,VCCV
eyas,70.6,VCVC
face,70.6,CVCV
fece,70.6,CVCV
fenc,70.6,CVCC
fili,70.6,CVCV
foas,70.6,CVVC
ford,70.6,CVCC
fust,70.6,CVCC
gost,70.6,CVCC
hosi,70.6,CVCV
houl,70.6,CVVC
houm,70.6,CVVC
houn,70.6,CVVC
hous,70.6,CVVC
hout,70.6,CVVC
ijof,70.6,VCVC
iked,70.6,VCVC
inne,70.6,VCCV
isab,70.6,VCVC
isac,70.6,VCVC
isad,70.6,VCVC
isaf,70.6,VCVC
isag,70.6,VCVC
isah,70.6,VCVC
isaj,70.6,VCVC
isak,70.6,VCVC
isap,70.6,VCVC
isav,70.6,VCVC
isaw,70.6,VCVC
isay,70.6,VCVC
itto,70.6,VCCV
iyas,70.6,VCVC
jarl,70.6,CVCC
jarm,70.6,CVCC
jesh,70.6,CVCC
jiro,70.6,CVCV
knal,70.6,CCVC
kune,70.6,CVCV
laca,70.6,CVCV
laed,70.6,CVVC
lcal,70.6,CCVC
lifa,70.6,CVCV
life,70.6,CVCV
lifi,70.6,CVCV
lnal,70.6,CCVC
lobe,70.6,CVCV
lork,70.6,CVCC
lpor,70.6,CCVC
ltom,70.6,CCVC
maar,70.6,CVVC
mada,70.6,CVCV
madi,70.6,CVCV
masm,70.6,CVCC
masn,70.6,CVCC
mias,70.6,CVVC
miis,70.6,CVVC
moas,70.6,CVVC
mord,70.6,CVCC
mpar,70.6,CCVC
nabe,70.6,CVCV
nama,70.6,CVCV
naof,70.6,CVVC
ncal,70.6,CCVC
neba,70.6,CVCV
nebi,70.6,CVCV
nebo,70.6,CVCV
nebu,70.6,CVCV
neko,70.6,CVCV
neku,70.6,CVCV
neva,70.6,CVCV
nevi,70.6,CVCV
nevo,70.6,CVCV
newa,70.6,CVCV
newe,70.6,CVCV
newi,70.6,CVCV
newo,70.6,CVCV
ngel,70.6,CCVC
nias,70.6,CVVC
niis,70.6,CVVC
nosi,70.6,CVCV
noul,70.6,CVVC
noum,70.6,CVVC
noun,70.6,CVVC
nous,70.6,CVVC
nout,70.6,CVVC
oini,70.6,VVCV
ojof,70.6,VCVC
oked,70.6,VCVC
oniq,70.6,VCVC
onix,70.6,VCVC
oniz,70.6,VCVC
oroq,70.6,VCVC
orox,70.6,VCVC
oroz,70.6,VCVC
orub,70.6,VCVC
oruc,70.6,VCVC
orud,70.6,VCVC
oruf,70.6,VCVC
orug,70.6,VCVC
oruh,70.6,VCVC
oruj,70.6,VCVC
oruk,70.6,VCVC
orup,70.6,VCVC
oruv,70.6,VCVC
oruw,70.6,VCVC
oruy,70.6,VCVC
osta,70.6,VCCV
oyas,70.6,VCVC
piom,70.6,CVVC
pits,70.6,CVCC
poor,70.6,CVVC
ptar,70.6,CCVC
ptic,70.6,CCVC
qitu,70.6,CVCV
raba,70.6,CVCV
rabi,70.6,CVCV
rabo,70.6,CVCV
rabu,70.6,CVCV
rako,70.6,CVCV
raku,70.6,CVCV
rava,70.6,CVCV
ravi,70.6,CVCV
ravo,70.6,CVCV
rawa,70.6,CVCV
rawe,70.6,CVCV
rawi,70.6,CVCV
rawo,70.6,CVCV
rcal,70.6,CCVC
rkal,70.6,CCVC
rmar,70.6,CCVC
rmis,70.6,CCVC
roji,70.6,CVCV
roya,70.6,CVCV
roye,70.6,CVCV
royo,70.6,CVCV
rpor,70.6,CCVC
rsar,70.6,CCVC
rtei,70.6,CCVV
rteo,70.6,CCVV
rteu,70.6,CCVV
scou,70.6,CCVV
sige,70.6,CVCV
siha,70.6,CVCV
siho,70.6,CVCV
sinn,70.6,CVCC
sinx,70.6,CVCC
sipe,70.6,CVCV
siss,70.6,CVCC
sobe,70.6,CVCV
sork,70.6,CVCC
sqer,70.6,CCVC
taca,70.6,CVCV
taed,70.6,CVVC
tedd,70.6,CVCC
telk,70.6,CVCC
tobr,70.6,CVCC
totr,70.6,CVCC
uini,70.6,VVCV
ujof,70.6,VCVC
uked,70.6,VCVC
uone,70.6,VVCV
usta,70.6,VCCV
uyas,70.6,VCVC
vici,70.6,CVCV
vicu,70.6,CVCV
vira,70.6,CVCV
wici,70.6,CVCV
wicu,70.6,CVCV
wira,70.6,CVCV
xast,70.6,CVCC
xted,70.6,CCVC
xtio,70.6,CCVV
yess,70.6,CVCC
yomi,70.6,CVCV
yomo,70.6,CVCV
yonc,70.6,CVCC
zalu,70.6,CVCV
acom,70.4,VCVC
alab,70.4,VCVC
alac,70.4,VCVC
alad,70.4,VCVC
alaf,70.4,VCVC
alag,70.4,VCVC
alah,70.4,VCVC
alaj,70.4,VCVC
alak,70.4,VCVC
alap,70.4,VCVC
alav,70.4,VCVC
alaw,70.4,VCVC
alay,70.4,VCVC
aldu,70.4,VCCV
altu,70.4,VCCV
arfo,70.4,VCCV
armi,70.4,VCCV
armo,70.4,VCCV
arpa,70.4,VCCV
asne,70.4,VCCV
awed,70.4,VCVC
ayof,70.4,VCVC
azis,70.4,VCVC
befo,70.4,CVCV
bemi,70.4,CVCV
bemo,70.4,CVCV
bepa,70.4,CVCV
berr,70.4,CVCC
bost,70.4,CVCC
breb,70.4,CCVC
brec,70.4,CCVC
bree,70.4,CCVV
bref,70.4,CCVC
breg,70.4,CCVC
breh,70.4,CCVC
brej,70.4,CCVC
brek,70.4,CCVC
brep,70.4,CCVC
brev,70.4,CCVC
brew,70.4,CCVC
brey,70.4,CCVC
brof,70.4,CCVC
bust,70.4,CVCC
cage,70.4,CVCV
caha,70.4,CVCV
caho,70.4,CVCV
cape,70.4,CVCV
casl,70.4,CVCC
cefu,70.4,CVCV
cega,70.4,CVCV
cegi,70.4,CVCV
cego,70.4,CVCV
ceka,70.4,CVCV
ceke,70.4,CVCV
ceki,70.4,CVCV
ciri,70.4,CVCV
ckar,70.4,CCVC
denn,70.4,CVCC
denx,70.4,CVCC
diit,70.4,CVVC
dobe,70.4,CVCV
dork,70.4,CVCC
ecom,70.4,VCVC
edwu,70.4,VCCV
eest,70.4,VVCC
ewed,70.4,VCVC
eyof,70.4,VCVC
ezis,70.4,VCVC
fesc,70.4,CVCC
fesk,70.4,CVCC
fesp,70.4,CVCC
fias,70.4,CVVC
fiis,70.4,CVVC
fobe,70.4,CVCV
fork,70.4,CVCC
fuce,70.4,CVCV
fuli,70.4,CVCV
gace,70.4,CVCV
geca,70.4,CVCV
gelu,70.4,CVCV
gili,70.4,CVCV
goce,70.4,CVCV
goli,70.4,CVCV
haca,70.4,CVCV
haed,70.4,CVVC
hoca,70.4,CVCV
hoed,70.4,CVVC
homu,70.4,CVCV
inve,70.4,VCCV
itea,70.4,VCVV
itwu,70.4,VCCV
iwed,70.4,VCVC
iyof,70.4,VCVC
izis,70.4,VCVC
june,70.4,CVCV
kace,70.4,CVCV
kece,70.4,CVCV
kenc,70.4,CVCC
kili,70.4,CVCV
kost,70.4,CVCC
kust,70.4,CVCC
laal,70.4,CVVC
lfal,70.4,CCVC
lifu,70.4,CVCV
liga,70.4,CVCV
ligi,70.4,CVCV
ligo,70.4,CVCV
lika,70.4,CVCV
like,70.4,CVCV
liki,70.4,CVCV
lkal,70.4,CCVC
losi,70.4,CVCV
loul,70.4,CVVC
loum,70.4,CVVC
loun,70.4,CVVC
lous,70.4,CVVC
lout,70.4,CVVC
lsar,70.4,CCVC
ltei,70.4,CCVV
lteo,70.4,CCVV
lteu,70.4,CCVV
mado,70.4,CVCV
mafo,70.4,CVCV
mami,70.4,CVCV
mamo,70.4,CVCV
mapa,70.4,CVCV
mibe,70.4,CVCV
mima,70.4,CVCV
mobe,70.4,CVCV
mork,70.4,CVCC
neja,70.4,CVCV
neje,70.4,CVCV
nejo,70.4,CVCV
neju,70.4,CVCV
nibe,70.4,CVCV
nima,70.4,CVCV
nkal,70.4,CCVC
noca,70.4,CVCV
noed,70.4,CVVC
nomu,70.4,CVCV
nsea,70.4,CCVV
nxan,70.4,CCVC
ocom,70.4,VCVC
owed,70.4,VCVC
oyof,70.4,VCVC
ozis,70.4,VCVC
pabe,70.4,CVCV
pama,70.4,CVCV
paof,70.4,CVVC
peca,70.4,CVCV
pelu,70.4,CVCV
piri,70.4,CVCV
qast,70.4,CVCC
raja,70.4,CVCV
raje,70.4,CVCV
rajo,70.4,CVCV
raju,70.4,CVCV
rfis,70.4,CCVC
ridu,70.4,CVCV
rigu,70.4,CVCV
rihu,70.4,CVCV
rilu,70.4,CVCV
rimu,70.4,CVCV
ripi,70.4,CVCV
ripo,70.4,CVCV
ripu,70.4,CVCV
riru,70.4,CVCV
rivu,70.4,CVCV
riwu,70.4,CVCV
rlal,70.4,CCVC
royi,70.4,CVCV
royu,70.4,CVCV
rrin,70.4,CCVC
sabe,70.4,CVCV
sama,70.4,CVCV
saof,70.4,CVVC
sida,70.4,CVCV
sidi,70.4,CVCV
silo,70.4,CVCV
sish,70.4,CVCC
skal,70.4,CCVC
snar,70.4,CCVC
sosi,70.4,CVCV
soul,70.4,CVVC
soum,70.4,CVVC
soun,70.4,CVVC
sous,70.4,CVVC
sout,70.4,CVVC
spar,70.4,CCVC
swit,70.4,CCVC
taal,70.4,CVVC
telf,70.4,CVCC
tenb,70.4,CVCC
tenf,70.4,CVCC
tenh,70.4,CVCC
tenj,70.4,CVCC
tenp,70.4,CVCC
tenv,70.4,CVCC
tenw,70.4,CVCC
teny,70.4,CVCC
tiab,70.4,CVVC
tiac,70.4,CVVC
tiad,70.4,CVVC
tiaf,70.4,CVVC
tiag,70.4,CVVC
tiah,70.4,CVVC
tiaj,70.4,CVVC
tiak,70.4,CVVC
tiap,70.4,CVVC
tiav,70.4,CVVC
tiaw,70.4,CVVC
tiay,70.4,CVVC
tieb,70.4,CVVC
tiec,70.4,CVVC
tief,70.4,CVVC
tieg,70.4,CVVC
tieh,70.4,CVVC
tiej,70.4,CVVC
tiek,70.4,CVVC
tiep,70.4,CVVC
tiev,70.4,CVVC
tiew,70.4,CVVC
tiey,70.4,CVVC
tiub,70.4,CVVC
tiuc,70.4,CVVC
tiud,70.4,CVVC
tiuf,70.4,CVVC
tiug,70.4,CVVC
tiuh,70.4,CVVC
tiuj,70.4,CVVC
tiuk,70.4,CVVC
tiup,70.4,CVVC
tiuv,70.4,CVVC
tiuw,70.4,CVVC
tiuy,70.4,CVVC
tocr,70.4,CVCC
todr,70.4,CVCC
togr,70.4,CVCC
topr,70.4,CVCC
treb,70.4,CCVC
trec,70.4,CCVC
tree,70.4,CCVV
tref,70.4,CCVC
treg,70.4,CCVC
treh,70.4,CCVC
trej,70.4,CCVC
trek,70.4,CCVC
trep,70.4,CCVC
trev,70.4,CCVC
trew,70.4,CCVC
trey,70.4,CCVC
trof,70.4,CCVC
twit,70.4,CCVC
ucom,70.4,VCVC
urse,70.4,VCCV
uwed,70.4,VCVC
uyof,70.4,VCVC
uzis,70.4,VCVC
vesq,70.4,CVCC
vost,70.4,CVCC
wost,70.4,CVCC
xalu,70.4,CVCV
yarl,70.4,CVCC
yarm,70.4,CVCC
yesh,70.4,CVCC
yiro,70.4,CVCV
zaon,70.4,CVVC
zeon,70.4,CVVC
zons,70.4,CVCC
ajed,70.2,VCVC
alba,70.2,VCCV
albi,70.2,VCCV
albo,70.2,VCCV
albu,70.2,VCCV
alsu,70.2,VCCV
anuq,70.2,VCVC
anux,70.2,VCVC
anuz,70.2,VCVC
aong,70.2,VVCC
ardu,70.2,VCCV
arfa,70.2,VCCV
arfe,70.2,VCCV
arfi,70.2,VCCV
artu,70.2,VCCV
asce,70.2,VCCV
asli,70.2,VCCV
aure,70.2,VVCV
axis,70.2,VCVC
bace,70.2,CVCV
befa,70.2,CVCV
befe,70.2,CVCV
befi,70.2,CVCV
bili,70.2,CVCV
boce,70.2,CVCV
boli,70.2,CVCV
bras,70.2,CCVC
buce,70.2,CVCV
buli,70.2,CVCV
caar,70.2,CVVC
cada,70.2,CVCV
cadi,70.2,CVCV
casm,70.2,CVCC
casn,70.2,CVCC
ceba,70.2,CVCV
cebi,70.2,CVCV
cebo,70.2,CVCV
cebu,70.2,CVCV
ceko,70.2,CVCV
ceku,70.2,CVCV
ceva,70.2,CVCV
cevi,70.2,CVCV
cevo,70.2,CVCV
cewa,70.2,CVCV
cewe,70.2,CVCV
cewi,70.2,CVCV
cewo,70.2,CVCV
creb,70.2,CCVC
crec,70.2,CCVC
cree,70.2,CCVV
cref,70.2,CCVC
creg,70.2,CCVC
creh,70.2,CCVC
crej,70.2,CCVC
crek,70.2,CCVC
crep,70.2,CCVC
crev,70.2,CCVC
crew,70.2,CCVC
crey,70.2,CCVC
crof,70.2,CCVC
ctom,70.2,CCVC
daca,70.2,CVCV
daed,70.2,CVVC
died,70.2,CVVC
dosi,70.2,CVCV
doul,70.2,CVVC
doum,70.2,CVVC
doun,70.2,CVVC
dous,70.2,CVVC
dout,70.2,CVVC
dreb,70.2,CCVC
drec,70.2,CCVC
dree,70.2,CCVV
dref,70.2,CCVC
dreg,70.2,CCVC
dreh,70.2,CCVC
drej,70.2,CCVC
drek,70.2,CCVC
drep,70.2,CCVC
drev,70.2,CCVC
drew,70.2,CCVC
drey,70.2,CCVC
drof,70.2,CCVC
eatu,70.2,VVCV
ejed,70.2,VCVC
else,70.2,VCCV
enoq,70.2,VCVC
enox,70.2,VCVC
enoz,70.2,VCVC
eong,70.2,VVCC
erra,70.2,VCCV
eteb,70.2,VCVC
etec,70.2,VCVC
etef,70.2,VCVC
eteg,70.2,VCVC
eteh,70.2,VCVC
etej,70.2,VCVC
etek,70.2,VCVC
etep,70.2,VCVC
etev,70.2,VCVC
etew,70.2,VCVC
etey,70.2,VCVC
eure,70.2,VVCV
exis,70.2,VCVC
fabe,70.2,CVCV
fama,70.2,CVCV
faof,70.2,CVVC
febe,70.2,CVCV
fema,70.2,CVCV
feof,70.2,CVVC
fesw,70.2,CVCC
fibe,70.2,CVCV
fima,70.2,CVCV
fosi,70.2,CVCV
foul,70.2,CVVC
foum,70.2,CVVC
foun,70.2,CVVC
fous,70.2,CVVC
fout,70.2,CVVC
freb,70.2,CCVC
frec,70.2,CCVC
free,70.2,CCVV
fref,70.2,CCVC
freg,70.2,CCVC
freh,70.2,CCVC
frej,70.2,CCVC
frek,70.2,CCVC
frep,70.2,CCVC
frev,70.2,CCVC
frew,70.2,CCVC
frey,70.2,CCVC
frof,70.2,CCVC
ftom,70.2,CCVC
fuas,70.2,CVVC
geta,70.2,CVCV
ghal,70.2,CCVC
gias,70.2,CVVC
giis,70.2,CVVC
goas,70.2,CVVC
gord,70.2,CVCC
greb,70.2,CCVC
grec,70.2,CCVC
gree,70.2,CCVV
gref,70.2,CCVC
greg,70.2,CCVC
greh,70.2,CCVC
grej,70.2,CCVC
grek,70.2,CCVC
grep,70.2,CCVC
grev,70.2,CCVC
grew,70.2,CCVC
grey,70.2,CCVC
grof,70.2,CCVC
haal,70.2,CVVC
hola,70.2,CVCV
hota,70.2,CVCV
iano,70.2,VVCV
ijed,70.2,VCVC
iure,70.2,VVCV
ixis,70.2,VCVC
jici,70.2,CVCV
jicu,70.2,CVCV
jira,70.2,CVCV
jost,70.2,CVCC
just,70.2,CVCC
kesc,70.2,CVCC
kesk,70.2,CVCC
kesp,70.2,CVCC
kias,70.2,CVVC
kiis,70.2,CVVC
knar,70.2,CCVC
koce,70.2,CVCV
koli,70.2,CVCV
kuce,70.2,CVCV
kuli,70.2,CVCV
lage,70.2,CVCV
laha,70.2,CVCV
laho,70.2,CVCV
lape,70.2,CVCV
lasl,70.2,CVCC
lcar,70.2,CCVC
leom,70.2,CVVC
leur,70.2,CVVC
liba,70.2,CVCV
libi,70.2,CVCV
libo,70.2,CVCV
libu,70.2,CVCV
liko,70.2,CVCV
liku,70.2,CVCV
lisc,70.2,CVCC
lisk,70.2,CVCC
lisp,70.2,CVCC
liva,70.2,CVCV
livi,70.2,CVCV
livo,70.2,CVCV
liwa,70.2,CVCV
liwe,70.2,CVCV
liwi,70.2,CVCV
liwo,70.2,CVCV
llan,70.2,CCVC
lnar,70.2,CCVC
loca,70.2,CVCV
loed,70.2,CVVC
lomu,70.2,CVCV
mafa,70.2,CVCV
mafe,70.2,CVCV
mafi,70.2,CVCV
meam,70.2,CVVC
miit,70.2,CVVC
mosi,70.2,CVCV
moul,70.2,CVVC
moum,70.2,CVVC
moun,70.2,CVVC
mous,70.2,CVVC
mout,70.2,CVVC
mpis,70.2,CCVC
naca,70.2,CVCV
naed,70.2,CVVC
ncar,70.2,CCVC
neji,70.2,CVCV
neya,70.2,CVCV
neye,70.2,CVCV
neyo,70.2,CVCV
niit,70.2,CVVC
nola,70.2,CVCV
nota,70.2,CVCV
nsel,70.2,CCVC
oano,70.2,VVCV
ojed,70.2,VCVC
onxa,70.2,VCCV
onxe,70.2,VCCV
onxi,70.2,VCCV
onxo,70.2,VCCV
onxu,70.2,VCCV
oraq,70.2,VCVC
orax,70.2,VCVC
oraz,70.2,VCVC
oteb,70.2,VCVC
otec,70.2,VCVC
otef,70.2,VCVC
oteg,70.2,VCVC
oteh,70.2,VCVC
otej,70.2,VCVC
otek,70.2,VCVC
otep,70.2,VCVC
otev,70.2,VCVC
otew,70.2,VCVC
otey,70.2,VCVC
oxis,70.2,VCVC
peta,70.2,CVCV
preb,70.2,CCVC
prec,70.2,CCVC
pree,70.2,CCVV
pref,70.2,CCVC
preg,70.2,CCVC
preh,70.2,CCVC
prej,70.2,CCVC
prek,70.2,CCVC
prep,70.2,CCVC
prev,70.2,CCVC
prew,70.2,CCVC
prey,70.2,CCVC
prof,70.2,CCVC
qalu,70.2,CVCV
raji,70.2,CVCV
raya,70.2,CVCV
raye,70.2,CVCV
rayo,70.2,CVCV
rcar,70.2,CCVC
rgis,70.2,CCVC
rkar,70.2,CCVC
rmit,70.2,CCVC
sido,70.2,CVCV
sifo,70.2,CVCV
simi,70.2,CVCV
simo,70.2,CVCV
sipa,70.2,CVCV
soca,70.2,CVCV
soed,70.2,CVVC
somu,70.2,CVCV
sqan,70.2,CCVC
ssed,70.2,CCVC
tage,70.2,CVCV
taha,70.2,CVCV
taho,70.2,CVCV
tape,70.2,CVCV
tasl,70.2,CVCC
tech,70.2,CVCC
teem,70.2,CVVC
teet,70.2,CVVC
tobl,70.2,CVCC
tocl,70.2,CVCC
tolt,70.2,CVCC
topl,70.2,CVCC
tras,70.2,CCVC
uano,70.2,VVCV
ujed,70.2,VCVC
uong,70.2,VVCC
uteb,70.2,VCVC
utec,70.2,VCVC
utef,70.2,VCVC
uteg,70.2,VCVC
uteh,70.2,VCVC
utej,70.2,VCVC
utek,70.2,VCVC
utep,70.2,VCVC
utev,70.2,VCVC
utew,70.2,VCVC
utey,70.2,VCVC
uxis,70.2,VCVC
vace,70.2,CVCV
vili,70.2,CVCV
voce,70.2,CVCV
voli,70.2,CVCV
wace,70.2,CVCV
wece,70.2,CVCV
wenc,70.2,CVCC
wili,70.2,CVCV
woce,70.2,CVCV
woli,70.2,CVCV
xaon,70.2,CVVC
xeon,70.2,CVVC
xons,70.2,CVCC
xuon,70.2,CVVC
zaru,70.2,CVCV
aehe,70.0,VVCV
aihe,70.0,VVCV
ains,70.0,VVCC
almu,70.0,VCCV
alob,70.0,VCVC
aloc,70.0,VCVC
alod,70.0,VCVC
alog,70.0,VCVC
aloh,70.0,VCVC
aloj,70.0,VCVC
alok,70.0,VCVC
alop,70.0,VCVC
alov,70.0,VCVC
alow,70.0,VCVC
aloy,70.0,VCVC
amel,70.0,VCVC
anle,70.0,VCCV
aohe,70.0,VVCV
aqis,70.0,VCVC
arfu,70.0,VCCV
arga,70.0,VCCV
argi,70.0,VCCV
argo,70.0,VCCV
arnu,70.0,VCCV
arsu,70.0,VCCV
asul,70.0,VCVC
asum,70.0,VCVC
asun,70.0,VCVC
asus,70.0,VCVC
asut,70.0,VCVC
auhe,70.0,VVCV
ayed,70.0,VCVC
azit,70.0,VCVC
befu,70.0,CVCV
bega,70.0,CVCV
begi,70.0,CVCV
bego,70.0,CVCV
beka,70.0,CVCV
beke,70.0,CVCV
beki,70.0,CVCV
bhed,70.0,CCVC
bias,70.0,CVVC
biis,70.0,CVVC
boas,70.0,CVVC
bord,70.0,CVCC
buas,70.0,CVVC
cado,70.0,CVCV
cafo,70.0,CVCV
cami,70.0,CVCV
camo,70.0,CVCV
capa,70.0,CVCV
ccon,70.0,CCVC
ceja,70.0,CVCV
ceje,70.0,CVCV
cejo,70.0,CVCV
ceju,70.0,CVCV
chas,70.0,CCVC
cheq,70.0,CCVC
chex,70.0,CCVC
chez,70.0,CCVC
ciro,70.0,CVCV
cras,70.0,CCVC
ctei,70.0,CCVV
cteo,70.0,CCVV
cteu,70.0,CCVV
daal,70.0,CVVC
dhed,70.0,CCVC
dila,70.0,CVCV
diol,70.0,CVVC
dios,70.0,CVVC
diot,70.0,CVVC
doca,70.0,CVCV
doed,70.0,CVVC
domu,70.0,CVCV
dras,70.0,CCVC
dwis,70.0,CCVC
eihe,70.0,VVCV
eins,70.0,VVCC
emel,70.0,VCVC
enaq,70.0,VCVC
enax,70.0,VCVC
enaz,70.0,VCVC
eohe,70.0,VVCV
eqis,70.0,VCVC
euhe,70.0,VVCV
eyed,70.0,VCVC
ezit,70.0,VCVC
fhed,70.0,CCVC
fiit,70.0,CVVC
foca,70.0,CVCV
foed,70.0,CVVC
fomu,70.0,CVCV
fras,70.0,CCVC
ftei,70.0,CCVV
fteo,70.0,CCVV
fteu,70.0,CCVV
fube,70.0,CVCV
fuma,70.0,CVCV
fuof,70.0,CVVC
gabe,70.0,CVCV
gama,70.0,CVCV
gaof,70.0,CVVC
gege,70.0,CVCV
geha,70.0,CVCV
geho,70.0,CVCV
gepe,70.0,CVCV
gibe,70.0,CVCV
gima,70.0,CVCV
gobe,70.0,CVCV
gork,70.0,CVCC
gras,70.0,CCVC
hage,70.0,CVCV
haha,70.0,CVCV
haho,70.0,CVCV
hape,70.0,CVCV
hasl,70.0,CVCC
hoge,70.0,CVCV
hoha,70.0,CVCV
hoho,70.0,CVCV
hope,70.0,CVCV
iahe,70.0,VVCV
iana,70.0,VVCV
iehe,70.0,VVCV
imel,70.0,VCVC
iqis,70.0,VCVC
iuhe,70.0,VVCV
iyed,70.0,VCVC
izit,70.0,VCVC
jace,70.0,CVCV
jece,70.0,CVCV
jenc,70.0,CVCC
jhed,70.0,CCVC
joce,70.0,CVCV
joli,70.0,CVCV
juce,70.0,CVCV
juli,70.0,CVCV
kabe,70.0,CVCV
kama,70.0,CVCV
kaof,70.0,CVVC
kebe,70.0,CVCV
kema,70.0,CVCV
keof,70.0,CVVC
kesw,70.0,CVCC
khed,70.0,CCVC
kibe,70.0,CVCV
kima,70.0,CVCV
koas,70.0,CVVC
kord,70.0,CVCC
kuas,70.0,CVVC
laar,70.0,CVVC
lada,70.0,CVCV
ladi,70.0,CVCV
lasm,70.0,CVCC
lasn,70.0,CVCC
lbis,70.0,CCVC
lfar,70.0,CCVC
lhed,70.0,CCVC
lija,70.0,CVCV
lije,70.0,CVCV
lijo,70.0,CVCV
liju,70.0,CVCV
lisw,70.0,CVCC
lkar,70.0,CCVC
lola,70.0,CVCV
lota,70.0,CVCV
mafu,70.0,CVCV
maga,70.0,CVCV
magi,70.0,CVCV
mago,70.0,CVCV
maka,70.0,CVCV
make,70.0,CVCV
maki,70.0,CVCV
mann,70.0,CVCC
manx,70.0,CVCC
mbis,70.0,CCVC
meed,70.0,CVVC
mhed,70.0,CCVC
mied,70.0,CVVC
moca,70.0,CVCV
moed,70.0,CVVC
momu,70.0,CVCV
naal,70.0,CVVC
nedw,70.0,CVCC
neyi,70.0,CVCV
neyu,70.0,CVCV
nhed,70.0,CCVC
nied,70.0,CVVC
nkar,70.0,CCVC
noge,70.0,CVCV
noha,70.0,CVCV
noho,70.0,CVCV
nope,70.0,CVCV
oahe,70.0,VVCV
oana,70.0,VVCV
oehe,70.0,VVCV
oihe,70.0,VVCV
oins,70.0,VVCC
omem,70.0,VCVC
omet,70.0,VCVC
oqis,70.0,VCVC
oyed,70.0,VCVC
ozit,70.0,VCVC
paca,70.0,CVCV
paed,70.0,CVVC
pege,70.0,CVCV
peha,70.0,CVCV
peho,70.0,CVCV
pepe,70.0,CVCV
piro,70.0,CVCV
pomi,70.0,CVCV
pomo,70.0,CVCV
ponc,70.0,CVCC
pras,70.0,CCVC
ptom,70.0,CCVC
qaon,70.0,CVVC
qeon,70.0,CVVC
qons,70.0,CVCC
quon,70.0,CVVC
rald,70.0,CVCC
rayi,70.0,CVCV
rayu,70.0,CVCV
rbis,70.0,CCVC
rfit,70.0,CCVC
rhed,70.0,CCVC
rlar,70.0,CCVC
rmed,70.0,CCVC
roci,70.0,CVCV
rocu,70.0,CVCV
rodu,70.0,CVCV
rogu,70.0,CVCV
rohu,70.0,CVCV
rolu,70.0,CVCV
ronn,70.0,CVCC
ronx,70.0,CVCC
ropi,70.0,CVCV
ropo,70.0,CVCV
ropu,70.0,CVCV
rosu,70.0,CVCV
rotu,70.0,CVCV
rovu,70.0,CVCV
rowu,70.0,CVCV
rvis,70.0,CCVC
saca,70.0,CVCV
saed,70.0,CVVC
scis,70.0,CCVC
sifa,70.0,CVCV
sife,70.0,CVCV
sifi,70.0,CVCV
skar,70.0,CCVC
sola,70.0,CVCV
sota,70.0,CVCV
spis,70.0,CCVC
swal,70.0,CCVC
taar,70.0,CVVC
tada,70.0,CVCV
tadi,70.0,CVCV
tasm,70.0,CVCC
tasn,70.0,CVCC
thaq,70.0,CCVC
thax,70.0,CCVC
thaz,70.0,CCVC
thoq,70.0,CCVC
thox,70.0,CCVC
thoz,70.0,CCVC
tiic,70.0,CVVC
togl,70.0,CVCC
tols,70.0,CVCC
tosl,70.0,CVCC
twal,70.0,CCVC
uahe,70.0,VVCV
uana,70.0,VVCV
uehe,70.0,VVCV
uihe,70.0,VVCV
uins,70.0,VVCC
umel,70.0,VCVC
uohe,70.0,VVCV
uqis,70.0,VCVC
uyed,70.0,VCVC
uzit,70.0,VCVC
vhed,70.0,CCVC
vias,70.0,CVVC
viis,70.0,CVVC
voas,70.0,CVVC
vord,70.0,CVCC
wesc,70.0,CVCC
wesk,70.0,CVCC
wesp,70.0,CVCC
wias,70.0,CVVC
wiis,70.0,CVVC
woas,70.0,CVVC
word,70.0,CVCC
xaru,70.0,CVCV
yhed,70.0,CCVC
yici,70.0,CVCV
yicu,70.0,CVCV
yira,70.0,CVCV
yost,70.0,CVCC
yune,70.0,CVCV
zasi,70.0,CVCV
zerl,70.0,CVCC
zerm,70.0,CVCC
ziat,70.0,CVVC
zoat,70.0,CVVC
zont,70.0,CVCC
zuon,70.0,CVVC
aene,69.8,VVCV
alle,69.8,VCCV
alnu,69.8,VCCV
anne,69.8,VCCV
apof,69.8,VCVC
arba,69.8,VCCV
arbi,69.8,VCCV
arbo,69.8,VCCV
arbu,69.8,VCCV
arva,69.8,VCCV
arvi,69.8,VCCV
arvo,69.8,VCCV
aseq,69.8,VCVC
asex,69.8,VCVC
asez,69.8,VCVC
asha,69.8,VCCV
asho,69.8,VCCV
axit,69.8,VCVC
babe,69.8,CVCV
bama,69.8,CVCV
baof,69.8,CVVC
beba,69.8,CVCV
bebi,69.8,CVCV
bebo,69.8,CVCV
bebu,69.8,CVCV
beko,69.8,CVCV
beku,69.8,CVCV
beva,69.8,CVCV
bevi,69.8,CVCV
bevo,69.8,CVCV
bewa,69.8,CVCV
bewe,69.8,CVCV
bewi,69.8,CVCV
bewo,69.8,CVCV
bibe,69.8,CVCV
bima,69.8,CVCV
bobe,69.8,CVCV
bork,69.8,CVCC
bube,69.8,CVCV
buma,69.8,CVCV
buof,69.8,CVVC
cafa,69.8,CVCV
cafe,69.8,CVCV
cafi,69.8,CVCV
ceji,69.8,CVCV
ceya,69.8,CVCV
ceye,69.8,CVCV
ceyo,69.8,CVCV
chof,69.8,CCVC
dage,69.8,CVCV
daha,69.8,CVCV
daho,69.8,CVCV
dape,69.8,CVCV
dasl,69.8,CVCC
deam,69.8,CVVC
dige,69.8,CVCV
diha,69.8,CVCV
diho,69.8,CVCV
dinn,69.8,CVCC
dinx,69.8,CVCC
dipe,69.8,CVCV
diss,69.8,CVCC
dola,69.8,CVCV
dota,69.8,CVCV
eari,69.8,VVCV
eese,69.8,VVCV
eniq,69.8,VCVC
enix,69.8,VCVC
eniz,69.8,VCVC
epof,69.8,VCVC
exit,69.8,VCVC
faca,69.8,CVCV
faed,69.8,CVVC
feca,69.8,CVCV
felu,69.8,CVCV
fied,69.8,CVVC
fola,69.8,CVCV
fota,69.8,CVCV
fusi,69.8,CVCV
ghar,69.8,CCVC
giit,69.8,CVVC
gosi,69.8,CVCV
goul,69.8,CVVC
goum,69.8,CVVC
goun,69.8,CVVC
gous,69.8,CVVC
gout,69.8,CVVC
haar,69.8,CVVC
hada,69.8,CVCV
hadi,69.8,CVCV
hasm,69.8,CVCC
hasn,69.8,CVCC
hinl,69.8,CVCC
hinm,69.8,CVCC
hinr,69.8,CVCC
hoda,69.8,CVCV
hodi,69.8,CVCV
holo,69.8,CVCV
hoso,69.8,CVCV
iani,69.8,VVCV
iene,69.8,VVCV
iond,69.8,VVCC
ipof,69.8,VCVC
ireq,69.8,VCVC
irex,69.8,VCVC
irez,69.8,VCVC
ixit,69.8,VCVC
jesc,69.8,CVCC
jesk,69.8,CVCC
jesp,69.8,CVCC
jili,69.8,CVCV
joas,69.8,CVVC
jord,69.8,CVCC
juas,69.8,CVVC
kiit,69.8,CVVC
kobe,69.8,CVCV
kork,69.8,CVCC
kube,69.8,CVCV
kuma,69.8,CVCV
kuof,69.8,CVVC
lado,69.8,CVCV
lafo,69.8,CVCV
lami,69.8,CVCV
lamo,69.8,CVCV
lapa,69.8,CVCV
liji,69.8,CVCV
liya,69.8,CVCV
liye,69.8,CVCV
liyo,69.8,CVCV
loge,69.8,CVCV
loha,69.8,CVCV
loho,69.8,CVCV
lope,69.8,CVCV
lpal,69.8,CCVC
maba,69.8,CVCV
mabi,69.8,CVCV
mabo,69.8,CVCV
mabu,69.8,CVCV
mako,69.8,CVCV
maku,69.8,CVCV
mava,69.8,CVCV
mavi,69.8,CVCV
mavo,69.8,CVCV
mawa,69.8,CVCV
mawe,69.8,CVCV
mawi,69.8,CVCV
mawo,69.8,CVCV
mila,69.8,CVCV
miol,69.8,CVVC
mios,69.8,CVVC
miot,69.8,CVVC
mola,69.8,CVCV
mota,69.8,CVCV
mpit,69.8,CCVC
nage,69.8,CVCV
naha,69.8,CVCV
naho,69.8,CVCV
nape,69.8,CVCV
nasl,69.8,CVCC
ngom,69.8,CCVC
nila,69.8,CVCV
niol,69.8,CVVC
nios,69.8,CVVC
niot,69.8,CVVC
noda,69.8,CVCV
nodi,69.8,CVCV
nolo,69.8,CVCV
noso,69.8,CVCV
oani,69.8,VVCV
oene,69.8,VVCV
opof,69.8,VCVC
oxit,69.8,VCVC
paal,69.8,CVVC
ptei,69.8,CCVV
pteo,69.8,CCVV
pteu,69.8,CCVV
qaru,69.8,CVCV
ralk,69.8,CVCC
rard,69.8,CVCC
rgit,69.8,CCVC
rpal,69.8,CCVC
saal,69.8,CVVC
seil,69.8,CVVC
seim,69.8,CVVC
seir,69.8,CVVC
seol,69.8,CVVC
seos,69.8,CVVC
seot,69.8,CVVC
sesr,69.8,CVCC
seul,69.8,CVVC
seum,69.8,CVVC
seun,69.8,CVVC
seus,69.8,CVVC
seut,69.8,CVVC
shio,69.8,CCVV
sifu,69.8,CVCV
siga,69.8,CVCV
sigi,69.8,CVCV
sigo,69.8,CVCV
sika,69.8,CVCV
sike,69.8,CVCV
siki,69.8,CVCV
soge,69.8,CVCV
soha,69.8,CVCV
soho,69.8,CVCV
sope,69.8,CVCV
stur,69.8,CCVC
tado,69.8,CVCV
tafo,69.8,CVCV
tami,69.8,CVCV
tamo,69.8,CVCV
tapa,69.8,CVCV
tird,69.8,CVCC
toct,69.8,CVCC
tofm,69.8,CVCC
tofn,69.8,CVCC
tofs,69.8,CVCC
tolm,69.8,CVCC
tosm,69.8,CVCC
tosn,69.8,CVCC
tsal,69.8,CCVC
uani,69.8,VVCV
uene,69.8,VVCV
upof,69.8,VCVC
uxit,69.8,VCVC
vabe,69.8,CVCV
vama,69.8,CVCV
vaof,69.8,CVVC
veom,69.8,CVVC
veur,69.8,CVVC
vibe,69.8,CVCV
vima,69.8,CVCV
vobe,69.8,CVCV
vork,69.8,CVCC
wabe,69.8,CVCV
wama,69.8,CVCV
waof,69.8,CVVC
webe,69.8,CVCV
wema,69.8,CVCV
weof,69.8,CVVC
wesw,69.8,CVCC
wibe,69.8,CVCV
wima,69.8,CVCV
wobe,69.8,CVCV
work,69.8,CVCC
xasi,69.8,CVCV
xerl,69.8,CVCC
xerm,69.8,CVCC
xiat,69.8,CVVC
xoat,69.8,CVVC
xont,69.8,CVCC
xuat,69.8,CVVC
yace,69.8,CVCV
yece,69.8,CVCV
yenc,69.8,CVCC
yoce,69.8,CVCV
yoli,69.8,CVCV
yust,69.8,CVCC
adel,69.6,VCVC
aint,69.6,VVCC
anve,69.6,VCCV
aqit,69.6,VCVC
arei,69.6,VCVV
areo,69.6,VCVV
areu,69.6,VCVV
asma,69.6,VCCV
azal,69.6,VCVC
beja,69.6,CVCV
beje,69.6,CVCV
bejo,69.6,CVCV
beju,69.6,CVCV
biit,69.6,CVVC
bosi,69.6,CVCV
boul,69.6,CVVC
boum,69.6,CVVC
boun,69.6,CVVC
bous,69.6,CVVC
bout,69.6,CVVC
busi,69.6,CVCV
cafu,69.6,CVCV
caga,69.6,CVCV
cagi,69.6,CVCV
cago,69.6,CVCV
caka,69.6,CVCV
cake,69.6,CVCV
caki,69.6,CVCV
cann,69.6,CVCC
canx,69.6,CVCC
cedw,69.6,CVCC
ceyi,69.6,CVCV
ceyu,69.6,CVCV
cici,69.6,CVCV
cicu,69.6,CVCV
cira,69.6,CVCV
corr,69.6,CVCC
coub,69.6,CVVC
couc,69.6,CVVC
coud,69.6,CVVC
couf,69.6,CVVC
coug,69.6,CVVC
couh,69.6,CVVC
couj,69.6,CVVC
couk,69.6,CVVC
coup,69.6,CVVC
couv,69.6,CVVC
couw,69.6,CVVC
couy,69.6,CVVC
cune,69.6,CVCV
daar,69.6,CVVC
dada,69.6,CVCV
dadi,69.6,CVCV
dasm,69.6,CVCC
dasn,69.6,CVCC
deed,69.6,CVVC
dida,69.6,CVCV
didi,69.6,CVCV
dilo,69.6,CVCV
dish,69.6,CVCC
doge,69.6,CVCV
doha,69.6,CVCV
doho,69.6,CVCV
dope,69.6,CVCV
dune,69.6,CVCV
dwit,69.6,CCVC
eint,69.6,VVCC
eqit,69.6,VCVC
esiq,69.6,VCVC
esix,69.6,VCVC
esiz,69.6,VCVC
ezal,69.6,VCVC
faal,69.6,CVVC
feta,69.6,CVCV
fila,69.6,CVCV
fiol,69.6,CVVC
fios,69.6,CVVC
fiot,69.6,CVVC
foge,69.6,CVCV
foha,69.6,CVCV
foho,69.6,CVCV
fope,69.6,CVCV
fuca,69.6,CVCV
fued,69.6,CVVC
furu,69.6,CVCV
gaca,69.6,CVCV
gaed,69.6,CVVC
gefo,69.6,CVCV
gemi,69.6,CVCV
gemo,69.6,CVCV
gepa,69.6,CVCV
gerr,69.6,CVCC
gied,69.6,CVVC
goca,69.6,CVCV
goed,69.6,CVVC
gomu,69.6,CVCV
gune,69.6,CVCV
hado,69.6,CVCV
hafo,69.6,CVCV
hami,69.6,CVCV
hamo,69.6,CVCV
hapa,69.6,CVCV
hhea,69.6,CCVV
hodo,69.6,CVCV
hopa,69.6,CVCV
horb,69.6,CVCC
horc,69.6,CVCC
horf,69.6,CVCC
horg,69.6,CVCC
horp,69.6,CVCC
horv,69.6,CVCC
hosa,69.6,CVCV
hune,69.6,CVCV
icle,69.6,VCCV
idel,69.6,VCVC
inme,69.6,VCCV
inou,69.6,VCVV
iqit,69.6,VCVC
issi,69.6,VCCV
itsu,69.6,VCCV
izal,69.6,VCVC
jabe,69.6,CVCV
jama,69.6,CVCV
jaof,69.6,CVVC
jebe,69.6,CVCV
jema,69.6,CVCV
jeof,69.6,CVVC
jesw,69.6,CVCC
jias,69.6,CVVC
jiis,69.6,CVVC
jobe,69.6,CVCV
jork,69.6,CVCC
jube,69.6,CVCV
juma,69.6,CVCV
juof,69.6,CVVC
kaca,69.6,CVCV
kaed,69.6,CVVC
keca,69.6,CVCV
kelu,69.6,CVCV
kied,69.6,CVVC
kosi,69.6,CVCV
koul,69.6,CVVC
koum,69.6,CVVC
koun,69.6,CVVC
kous,69.6,CVVC
kout,69.6,CVVC
kusi,69.6,CVCV
lafa,69.6,CVCV
lafe,69.6,CVCV
lafi,69.6,CVCV
lbit,69.6,CCVC
lcou,69.6,CCVV
litw,69.6,CVCC
liyi,69.6,CVCV
liyu,69.6,CVCV
loda,69.6,CVCV
lodi,69.6,CVCV
lolo,69.6,CVCV
loso,69.6,CVCV
lune,69.6,CVCV
maja,69.6,CVCV
maje,69.6,CVCV
majo,69.6,CVCV
maju,69.6,CVCV
mbit,69.6,CCVC
mesq,69.6,CVCC
mige,69.6,CVCV
miha,69.6,CVCV
miho,69.6,CVCV
minn,69.6,CVCC
minx,69.6,CVCC
mipe,69.6,CVCV
miss,69.6,CVCC
moge,69.6,CVCV
moha,69.6,CVCV
moho,69.6,CVCV
mope,69.6,CVCV
mune,69.6,CVCV
naar,69.6,CVVC
nada,69.6,CVCV
nadi,69.6,CVCV
nasm,69.6,CVCC
nasn,69.6,CVCC
ncou,69.6,CCVV
neci,69.6,CVCV
necu,69.6,CVCV
negu,69.6,CVCV
nehu,69.6,CVCV
nemu,69.6,CVCV
nepi,69.6,CVCV
nepo,69.6,CVCV
nepu,69.6,CVCV
netu,69.6,CVCV
nevu,69.6,CVCV
newu,69.6,CVCV
nige,69.6,CVCV
niha,69.6,CVCV
niho,69.6,CVCV
ninn,69.6,CVCC
ninx,69.6,CVCC
nipe,69.6,CVCV
niss,69.6,CVCC
nodo,69.6,CVCV
nopa,69.6,CVCV
norb,69.6,CVCC
norc,69.6,CVCC
norf,69.6,CVCC
norg,69.6,CVCC
norp,69.6,CVCC
norv,69.6,CVCC
nosa,69.6,CVCV
nune,69.6,CVCV
odel,69.6,VCVC
oint,69.6,VVCC
oqit,69.6,VCVC
ozal,69.6,VCVC
page,69.6,CVCV
paha,69.6,CVCV
paho,69.6,CVCV
pape,69.6,CVCV
pasl,69.6,CVCC
pefo,69.6,CVCV
pemi,69.6,CVCV
pemo,69.6,CVCV
pepa,69.6,CVCV
perr,69.6,CVCC
pici,69.6,CVCV
picu,69.6,CVCV
pira,69.6,CVCV
pune,69.6,CVCV
qasi,69.6,CVCV
qerl,69.6,CVCC
qerm,69.6,CVCC
qiat,69.6,CVVC
qoat,69.6,CVVC
qont,69.6,CVCC
quat,69.6,CVVC
raci,69.6,CVCV
racu,69.6,CVCV
radu,69.6,CVCV
ragu,69.6,CVCV
rahu,69.6,CVCV
ralf,69.6,CVCC
ramu,69.6,CVCV
rapi,69.6,CVCV
rapo,69.6,CVCV
rapu,69.6,CVCV
rark,69.6,CVCC
ravu,69.6,CVCV
rawu,69.6,CVCV
rbit,69.6,CCVC
rcou,69.6,CCVV
rfal,69.6,CCVC
rsea,69.6,CCVV
rune,69.6,CVCV
rvit,69.6,CCVC
sage,69.6,CVCV
saha,69.6,CVCV
saho,69.6,CVCV
sape,69.6,CVCV
sasl,69.6,CVCC
scit,69.6,CCVC
siba,69.6,CVCV
sibi,69.6,CVCV
sibo,69.6,CVCV
sibu,69.6,CVCV
siko,69.6,CVCV
siku,69.6,CVCV
sisc,69.6,CVCC
sisk,69.6,CVCC
sisp,69.6,CVCC
siva,69.6,CVCV
sivi,69.6,CVCV
sivo,69.6,CVCV
siwa,69.6,CVCV
siwe,69.6,CVCV
siwi,69.6,CVCV
siwo,69.6,CVCV
soda,69.6,CVCV
sodi,69.6,CVCV
solo,69.6,CVCV
soso,69.6,CVCV
spit,69.6,CCVC
stam,69.6,CCVC
sune,69.6,CVCV
swar,69.6,CCVC
tafa,69.6,CVCV
tafe,69.6,CVCV
tafi,69.6,CVCV
telb,69.6,CVCC
telc,69.6,CVCC
telp,69.6,CVCC
tild,69.6,CVCC
timp,69.6,CVCC
tirk,69.6,CVCC
toic,69.6,CVVC
tokn,69.6,CVCC
toln,69.6,CVCC
topt,69.6,CVCC
touq,69.6,CVVC
toux,69.6,CVVC
touz,69.6,CVVC
towr,69.6,CVCC
tune,69.6,CVCV
twar,69.6,CCVC
udel,69.6,VCVC
uint,69.6,VVCC
unto,69.6,VCCV
uqit,69.6,VCVC
uzal,69.6,VCVC
viit,69.6,CVVC
vosi,69.6,CVCV
voul,69.6,CVVC
voum,69.6,CVVC
voun,69.6,CVVC
vous,69.6,CVVC
vout,69.6,CVVC
vune,69.6,CVCV
vven,69.6,CCVC
wiit,69.6,CVVC
wosi,69.6,CVCV
woul,69.6,CVVC
woum,69.6,CVVC
woun,69.6,CVVC
wous,69.6,CVVC
wout,69.6,CVVC
wune,69.6,CVCV
yesc,69.6,CVCC
yesk,69.6,CVCC
yesp,69.6,CVCC
yili,69.6,CVCV
yoas,69.6,CVVC
yord,69.6,CVCC
yuce,69.6,CVCV
yuli,69.6,CVCV
zaen,69.6,CVVC
zatr,69.6,CVCC
zens,69.6,CVCC
zien,69.6,CVVC
zoen,69.6,CVVC
zuat,69.6,CVVC
aeng,69.4,VVCC
asca,69.4,VCCV
axal,69.4,VCVC
baca,69.4,CVCV
baed,69.4,CVVC
beji,69.4,CVCV
beya,69.4,CVCV
beye,69.4,CVCV
beyo,69.4,CVCV
bied,69.4,CVVC
boca,69.4,CVCV
boed,69.4,CVVC
bomu,69.4,CVCV
buca,69.4,CVCV
bued,69.4,CVVC
buru,69.4,CVCV
caba,69.4,CVCV
cabi,69.4,CVCV
cabo,69.4,CVCV
cabu,69.4,CVCV
cako,69.4,CVCV
caku,69.4,CVCV
cava,69.4,CVCV
cavi,69.4,CVCV
cavo,69.4,CVCV
cawa,69.4,CVCV
cawe,69.4,CVCV
cawi,69.4,CVCV
cawo,69.4,CVCV
coel,69.4,CVVC
cust,69.4,CVCC
dado,69.4,CVCV
dafo,69.4,CVCV
dami,69.4,CVCV
damo,69.4,CVCV
dapa,69.4,CVCV
dido,69.4,CVCV
difo,69.4,CVCV
dimi,69.4,CVCV
dimo,69.4,CVCV
dipa,69.4,CVCV
dler,69.4,CCVC
doda,69.4,CVCV
dodi,69.4,CVCV
dolo,69.4,CVCV
doso,69.4,CVCV
dust,69.4,CVCC
earo,69.4,VVCV
edub,69.4,VCVC
educ,69.4,VCVC
edud,69.4,VCVC
eduf,69.4,VCVC
edug,69.4,VCVC
eduh,69.4,VCVC
eduj,69.4,VCVC
eduk,69.4,VCVC
edup,69.4,VCVC
eduv,69.4,VCVC
eduw,69.4,VCVC
eduy,69.4,VCVC
enxa,69.4,VCCV
enxe,69.4,VCCV
enxi,69.4,VCCV
enxo,69.4,VCCV
enxu,69.4,VCCV
exal,69.4,VCVC
fage,69.4,CVCV
faha,69.4,CVCV
faho,69.4,CVCV
fape,69.4,CVCV
fasl,69.4,CVCC
fege,69.4,CVCV
feha,69.4,CVCV
feho,69.4,CVCV
fepe,69.4,CVCV
fige,69.4,CVCV
fiha,69.4,CVCV
fiho,69.4,CVCV
finn,69.4,CVCC
finx,69.4,CVCC
fipe,69.4,CVCV
fiss,69.4,CVCC
foda,69.4,CVCV
fodi,69.4,CVCV
folo,69.4,CVCV
foso,69.4,CVCV
fula,69.4,CVCV
futa,69.4,CVCV
gaal,69.4,CVVC
gefa,69.4,CVCV
gefe,69.4,CVCV
gefi,69.4,CVCV
gila,69.4,CVCV
giol,69.4,CVVC
gios,69.4,CVVC
giot,69.4,CVVC
gola,69.4,CVCV
gota,69.4,CVCV
gust,69.4,CVCC
hafa,69.4,CVCV
hafe,69.4,CVCV
hafi,69.4,CVCV
hhel,69.4,CCVC
hler,69.4,CCVC
hust,69.4,CVCC
ichi,69.4,VCCV
ieng,69.4,VVCC
irto,69.4,VCCV
ixal,69.4,VCVC
jibe,69.4,CVCV
jima,69.4,CVCV
jler,69.4,CCVC
josi,69.4,CVCV
joul,69.4,CVVC
joum,69.4,CVVC
joun,69.4,CVVC
jous,69.4,CVVC
jout,69.4,CVVC
jusi,69.4,CVCV
kaal,69.4,CVVC
keta,69.4,CVCV
kila,69.4,CVCV
kiol,69.4,CVVC
kios,69.4,CVVC
kiot,69.4,CVVC
kler,69.4,CCVC
koca,69.4,CVCV
koed,69.4,CVVC
komu,69.4,CVCV
kuca,69.4,CVCV
kued,69.4,CVVC
kuru,69.4,CVCV
lafu,69.4,CVCV
laga,69.4,CVCV
lagi,69.4,CVCV
lago,69.4,CVCV
laka,69.4,CVCV
lake,69.4,CVCV
laki,69.4,CVCV
lann,69.4,CVCC
lanx,69.4,CVCC
lelt,69.4,CVCC
lodo,69.4,CVCV
lopa,69.4,CVCV
lorb,69.4,CVCC
lorc,69.4,CVCC
lorf,69.4,CVCC
lorg,69.4,CVCC
lorp,69.4,CVCC
lorv,69.4,CVCC
losa,69.4,CVCV
lpar,69.4,CCVC
lsea,69.4,CCVV
lust,69.4,CVCC
maji,69.4,CVCV
maya,69.4,CVCV
maye,69.4,CVCV
mayo,69.4,CVCV
mida,69.4,CVCV
midi,69.4,CVCV
milo,69.4,CVCV
mish,69.4,CVCC
mler,69.4,CCVC
moda,69.4,CVCV
modi,69.4,CVCV
molo,69.4,CVCV
moso,69.4,CVCV
must,69.4,CVCC
nado,69.4,CVCV
nafo,69.4,CVCV
nami,69.4,CVCV
namo,69.4,CVCV
napa,69.4,CVCV
nida,69.4,CVCV
nidi,69.4,CVCV
nilo,69.4,CVCV
nish,69.4,CVCC
nler,69.4,CCVC
nust,69.4,CVCC
oeng,69.4,VVCC
oxal,69.4,VCVC
paar,69.4,CVVC
pada,69.4,CVCV
padi,69.4,CVCV
pasm,69.4,CVCC
pasn,69.4,CVCC
pefa,69.4,CVCV
pefe,69.4,CVCV
pefi,69.4,CVCV
post,69.4,CVCC
pust,69.4,CVCC
rgal,69.4,CCVC
rinl,69.4,CVCC
rinm,69.4,CVCC
rinr,69.4,CVCC
rpar,69.4,CCVC
rsel,69.4,CCVC
rust,69.4,CVCC
saar,69.4,CVVC
sada,69.4,CVCV
sadi,69.4,CVCV
sasm,69.4,CVCC
sasn,69.4,CVCC
sebr,69.4,CVCC
setr,69.4,CVCC
sija,69.4,CVCV
sije,69.4,CVCV
sijo,69.4,CVCV
siju,69.4,CVCV
sisw,69.4,CVCC
sodo,69.4,CVCV
sopa,69.4,CVCV
sorb,69.4,CVCC
sorc,69.4,CVCC
sorf,69.4,CVCC
sorg,69.4,CVCC
sorp,69.4,CVCC
sorv,69.4,CVCC
sosa,69.4,CVCV
ssor,69.4,CCVC
sust,69.4,CVCC
tafu,69.4,CVCV
taga,69.4,CVCV
tagi,69.4,CVCV
tago,69.4,CVCV
taka,69.4,CVCV
take,69.4,CVCV
taki,69.4,CVCV
tann,69.4,CVCC
tanx,69.4,CVCC
tilk,69.4,CVCC
tiph,69.4,CVCC
tiwh,69.4,CVCC
tixt,69.4,CVCC
tler,69.4,CCVC
toom,69.4,CVVC
tsar,69.4,CCVC
tust,69.4,CVCC
ueng,69.4,VVCC
uxal,69.4,VCVC
vaca,69.4,CVCV
vaed,69.4,CVVC
vied,69.4,CVVC
vler,69.4,CCVC
voca,69.4,CVCV
voed,69.4,CVVC
vomu,69.4,CVCV
vust,69.4,CVCC
waca,69.4,CVCV
waed,69.4,CVVC
weca,69.4,CVCV
welu,69.4,CVCV
wied,69.4,CVVC
wler,69.4,CCVC
woca,69.4,CVCV
woed,69.4,CVVC
womu,69.4,CVCV
wreb,69.4,CCVC
wrec,69.4,CCVC
wree,69.4,CCVV
wref,69.4,CCVC
wreg,69.4,CCVC
wreh,69.4,CCVC
wrej,69.4,CCVC
wrek,69.4,CCVC
wrep,69.4,CCVC
wrev,69.4,CCVC
wrew,69.4,CCVC
wrey,69.4,CCVC
wrof,69.4,CCVC
wust,69.4,CVCC
xaen,69.4,CVVC
xatr,69.4,CVCC
xens,69.4,CVCC
xien,69.4,CVVC
xoen,69.4,CVVC
xtan,69.4,CCVC
xuen,69.4,CVVC
yabe,69.4,CVCV
yama,69.4,CVCV
yaof,69.4,CVVC
yebe,69.4,CVCV
yema,69.4,CVCV
yeof,69.4,CVVC
yesw,69.4,CVCC
yias,69.4,CVVC
yiis,69.4,CVVC
yler,69.4,CCVC
yobe,69.4,CVCV
york,69.4,CVCC
yuas,69.4,CVVC
zeto,69.4,CVCV
ziof,69.4,CVVC
zoto,69.4,CVCV
alci,69.2,VCCV
alcu,69.2,VCCV
alpi,69.2,VCCV
alpo,69.2,VCCV
alpu,69.2,VCCV
aqal,69.2,VCVC
asla,69.2,VCCV
azar,69.2,VCVC
baal,69.2,CVVC
bedw,69.2,CVCC
beyi,69.2,CVCV
beyu,69.2,CVCV
bila,69.2,CVCV
biol,69.2,CVVC
bios,69.2,CVVC
biot,69.2,CVVC
bola,69.2,CVCV
bota,69.2,CVCV
brio,69.2,CCVV
brou,69.2,CCVV
bula,69.2,CVCV
buta,69.2,CVCV
caja,69.2,CVCV
caje,69.2,CVCV
cajo,69.2,CVCV
caju,69.2,CVCV
ceci,69.2,CVCV
cecu,69.2,CVCV
cegu,69.2,CVCV
cehu,69.2,CVCV
cemu,69.2,CVCV
cepi,69.2,CVCV
cepo,69.2,CVCV
cepu,69.2,CVCV
cetu,69.2,CVCV
cevu,69.2,CVCV
cewu,69.2,CVCV
cili,69.2,CVCV
cuce,69.2,CVCV
culi,69.2,CVCV
dafa,69.2,CVCV
dafe,69.2,CVCV
dafi,69.2,CVCV
desq,69.2,CVCC
difa,69.2,CVCV
dife,69.2,CVCV
difi,69.2,CVCV
dodo,69.2,CVCV
dopa,69.2,CVCV
dorb,69.2,CVCC
dorc,69.2,CVCC
dorf,69.2,CVCC
dorg,69.2,CVCC
dorp,69.2,CVCC
dorv,69.2,CVCC
dosa,69.2,CVCV
duce,69.2,CVCV
duli,69.2,CVCV
dwal,69.2,CCVC
eats,69.2,VVCC
eqal,69.2,VCVC
ezar,69.2,VCVC
faar,69.2,CVVC
fada,69.2,CVCV
fadi,69.2,CVCV
fasm,69.2,CVCC
fasn,69.2,CVCC
fida,69.2,CVCV
fidi,69.2,CVCV
filo,69.2,CVCV
fish,69.2,CVCC
fodo,69.2,CVCV
fopa,69.2,CVCV
forb,69.2,CVCC
forc,69.2,CVCC
forf,69.2,CVCC
forg,69.2,CVCC
forp,69.2,CVCC
forv,69.2,CVCC
fosa,69.2,CVCV
fuge,69.2,CVCV
fuha,69.2,CVCV
fuho,69.2,CVCV
funo,69.2,CVCV
fupe,69.2,CVCV
gage,69.2,CVCV
gaha,69.2,CVCV
gaho,69.2,CVCV
gape,69.2,CVCV
gasl,69.2,CVCC
gefu,69.2,CVCV
gega,69.2,CVCV
gegi,69.2,CVCV
gego,69.2,CVCV
geka,69.2,CVCV
geke,69.2,CVCV
geki,69.2,CVCV
gige,69.2,CVCV
giha,69.2,CVCV
giho,69.2,CVCV
ginn,69.2,CVCC
ginx,69.2,CVCC
gipe,69.2,CVCV
giss,69.2,CVCC
goge,69.2,CVCV
goha,69.2,CVCV
goho,69.2,CVCV
gope,69.2,CVCV
guce,69.2,CVCV
guli,69.2,CVCV
hafu,69.2,CVCV
haga,69.2,CVCV
hagi,69.2,CVCV
hago,69.2,CVCV
haka,69.2,CVCV
hake,69.2,CVCV
haki,69.2,CVCV
hann,69.2,CVCC
hanx,69.2,CVCC
hoga,69.2,CVCV
hogi,69.2,CVCV
hogo,69.2,CVCV
hoka,69.2,CVCV
hoke,69.2,CVCV
hoki,69.2,CVCV
huce,69.2,CVCV
huli,69.2,CVCV
ians,69.2,VVCC
ilto,69.2,VCCV
ionk,69.2,VVCC
iqal,69.2,VCVC
izar,69.2,VCVC
jaca,69.2,CVCV
jaed,69.2,CVVC
jeca,69.2,CVCV
jelu,69.2,CVCV
jiit,69.2,CVVC
joca,69.2,CVCV
joed,69.2,CVVC
jomu,69.2,CVCV
juca,69.2,CVCV
jued,69.2,CVVC
juru,69.2,CVCV
kage,69.2,CVCV
kaha,69.2,CVCV
kaho,69.2,CVCV
kape,69.2,CVCV
kasl,69.2,CVCC
kege,69.2,CVCV
keha,69.2,CVCV
keho,69.2,CVCV
kepe,69.2,CVCV
kige,69.2,CVCV
kiha,69.2,CVCV
kiho,69.2,CVCV
kinn,69.2,CVCC
kinx,69.2,CVCC
kipe,69.2,CVCV
kiss,69.2,CVCC
kola,69.2,CVCV
kota,69.2,CVCV
kula,69.2,CVCV
kuta,69.2,CVCV
laba,69.2,CVCV
labi,69.2,CVCV
labo,69.2,CVCV
labu,69.2,CVCV
lako,69.2,CVCV
laku,69.2,CVCV
lava,69.2,CVCV
lavi,69.2,CVCV
lavo,69.2,CVCV
lawa,69.2,CVCV
lawe,69.2,CVCV
lawi,69.2,CVCV
lawo,69.2,CVCV
lbal,69.2,CCVC
lels,69.2,CVCC
leza,69.2,CVCV
leze,69.2,CVCV
lezi,69.2,CVCV
lezo,69.2,CVCV
lidu,69.2,CVCV
ligu,69.2,CVCV
lihu,69.2,CVCV
lilu,69.2,CVCV
limu,69.2,CVCV
lipi,69.2,CVCV
lipo,69.2,CVCV
lipu,69.2,CVCV
liru,69.2,CVCV
livu,69.2,CVCV
liwu,69.2,CVCV
lsel,69.2,CCVC
luce,69.2,CVCV
luli,69.2,CVCV
mald,69.2,CVCC
mayi,69.2,CVCV
mayu,69.2,CVCV
mbal,69.2,CCVC
mido,69.2,CVCV
mifo,69.2,CVCV
mimi,69.2,CVCV
mimo,69.2,CVCV
mipa,69.2,CVCV
modo,69.2,CVCV
mopa,69.2,CVCV
morb,69.2,CVCC
morc,69.2,CVCC
morf,69.2,CVCC
morg,69.2,CVCC
morp,69.2,CVCC
morv,69.2,CVCC
mosa,69.2,CVCV
muce,69.2,CVCV
muli,69.2,CVCV
nafa,69.2,CVCV
nafe,69.2,CVCV
nafi,69.2,CVCV
nido,69.2,CVCV
nifo,69.2,CVCV
nimi,69.2,CVCV
nimo,69.2,CVCV
nipa,69.2,CVCV
nner,69.2,CCVC
noga,69.2,CVCV
nogi,69.2,CVCV
nogo,69.2,CVCV
noka,69.2,CVCV
noke,69.2,CVCV
noki,69.2,CVCV
nuce,69.2,CVCV
nuli,69.2,CVCV
nxon,69.2,CCVC
oans,69.2,VVCC
olto,69.2,VCCV
oqal,69.2,VCVC
ozar,69.2,VCVC
pado,69.2,CVCV
pafo,69.2,CVCV
pami,69.2,CVCV
pamo,69.2,CVCV
papa,69.2,CVCV
pefu,69.2,CVCV
pega,69.2,CVCV
pegi,69.2,CVCV
pego,69.2,CVCV
peka,69.2,CVCV
peke,69.2,CVCV
peki,69.2,CVCV
pili,69.2,CVCV
poce,69.2,CVCV
poli,69.2,CVCV
puce,69.2,CVCV
puli,69.2,CVCV
qaen,69.2,CVVC
qatr,69.2,CVCC
qens,69.2,CVCC
qien,69.2,CVVC
qoen,69.2,CVVC
quen,69.2,CVVC
ratt,69.2,CVCC
rbal,69.2,CCVC
rfar,69.2,CCVC
rned,69.2,CCVC
ruce,69.2,CVCV
ruli,69.2,CVCV
rval,69.2,CCVC
sado,69.2,CVCV
safo,69.2,CVCV
sami,69.2,CVCV
samo,69.2,CVCV
sapa,69.2,CVCV
secr,69.2,CVCC
sefr,69.2,CVCC
segr,69.2,CVCC
sepr,69.2,CVCC
siji,69.2,CVCV
siya,69.2,CVCV
siye,69.2,CVCV
siyo,69.2,CVCV
suce,69.2,CVCV
suli,69.2,CVCV
taba,69.2,CVCV
tabi,69.2,CVCV
tabo,69.2,CVCV
tabu,69.2,CVCV
tako,69.2,CVCV
taku,69.2,CVCV
tava,69.2,CVCV
tavi,69.2,CVCV
tavo,69.2,CVCV
tawa,69.2,CVCV
tawe,69.2,CVCV
tawi,69.2,CVCV
tawo,69.2,CVCV
teib,69.2,CVVC
teid,69.2,CVVC
teif,69.2,CVVC
teig,69.2,CVVC
teih,69.2,CVVC
teij,69.2,CVVC
teik,69.2,CVVC
teip,69.2,CVVC
teiv,69.2,CVVC
teiw,69.2,CVVC
teiy,69.2,CVVC
teob,69.2,CVVC
teoc,69.2,CVVC
teod,69.2,CVVC
teog,69.2,CVVC
teoh,69.2,CVVC
teoj,69.2,CVVC
teok,69.2,CVVC
teop,69.2,CVVC
teov,69.2,CVVC
teow,69.2,CVVC
teoy,69.2,CVVC
tesb,69.2,CVCC
tesd,69.2,CVCC
tesf,69.2,CVCC
tesg,69.2,CVCC
tesj,69.2,CVCC
tesv,69.2,CVCC
tesy,69.2,CVCC
teub,69.2,CVVC
teuc,69.2,CVVC
teud,69.2,CVVC
teuf,69.2,CVVC
teug,69.2,CVVC
teuh,69.2,CVVC
teuj,69.2,CVVC
teuk,69.2,CVVC
teup,69.2,CVVC
teuv,69.2,CVVC
teuw,69.2,CVVC
teuy,69.2,CVVC
tilf,69.2,CVCC
trio,69.2,CCVV
trou,69.2,CCVV
tuce,69.2,CVCV
tuli,69.2,CVCV
uans,69.2,VVCC
ulto,69.2,VCCV
unge,69.2,VCCV
uqal,69.2,VCVC
uzar,69.2,VCVC
vaal,69.2,CVVC
vila,69.2,CVCV
viol,69.2,CVVC
vios,69.2,CVVC
viot,69.2,CVVC
vola,69.2,CVCV
vota,69.2,CVCV
vuce,69.2,CVCV
vuli,69.2,CVCV
waal,69.2,CVVC
weta,69.2,CVCV
wila,69.2,CVCV
wiol,69.2,CVVC
wios,69.2,CVVC
wiot,69.2,CVVC
wola,69.2,CVCV
wota,69.2,CVCV
wras,69.2,CCVC
wuce,69.2,CVCV
wuli,69.2,CVCV
xeto,69.2,CVCV
xiof,69.2,CVVC
xoto,69.2,CVCV
xuto,69.2,CVCV
yibe,69.2,CVCV
yima,69.2,CVCV
yosi,69.2,CVCV
youl,69.2,CVVC
youm,69.2,CVVC
youn,69.2,CVVC
yous,69.2,CVVC
yout,69.2,CVVC
yube,69.2,CVCV
yuma,69.2,CVCV
yuof,69.2,CVVC
zaso,69.2,CVCV
zeal,69.2,CVVC
zent,69.2,CVCC
zuen,69.2,CVVC
hred,69.2,CCVC
jred,69.2,CCVC
kred,69.2,CCVC
lred,69.2,CCVC
mred,69.2,CCVC
nred,69.2,CCVC
sred,69.2,CCVC
vred,69.2,CCVC
yred,69.2,CCVC
aert,69.0,VVCC
ainu,69.0,VVCV
aono,69.0,VVCV
aori,69.0,VVCV
aspe,69.0,VCCV
axar,69.0,VCVC
bage,69.0,CVCV
baha,69.0,CVCV
baho,69.0,CVCV
bape,69.0,CVCV
basl,69.0,CVCC
bige,69.0,CVCV
biha,69.0,CVCV
biho,69.0,CVCV
binn,69.0,CVCC
binx,69.0,CVCC
bipe,69.0,CVCV
biss,69.0,CVCC
boge,69.0,CVCV
boha,69.0,CVCV
boho,69.0,CVCV
bope,69.0,CVCV
bsen,69.0,CCVC
buge,69.0,CVCV
buha,69.0,CVCV
buho,69.0,CVCV
buno,69.0,CVCV
bupe,69.0,CVCV
bver,69.0,CCVC
caji,69.0,CVCV
caya,69.0,CVCV
caye,69.0,CVCV
cayo,69.0,CVCV
cias,69.0,CVVC
ciis,69.0,CVVC
conl,69.0,CVCC
conm,69.0,CVCC
conr,69.0,CVCC
crio,69.0,CCVV
crou,69.0,CCVV
csen,69.0,CCVC
cuas,69.0,CVVC
cver,69.0,CCVC
dafu,69.0,CVCV
daga,69.0,CVCV
dagi,69.0,CVCV
dago,69.0,CVCV
daka,69.0,CVCV
dake,69.0,CVCV
daki,69.0,CVCV
dann,69.0,CVCC
danx,69.0,CVCC
difu,69.0,CVCV
diga,69.0,CVCV
digi,69.0,CVCV
digo,69.0,CVCV
dika,69.0,CVCV
dike,69.0,CVCV
diki,69.0,CVCV
drio,69.0,CCVV
drou,69.0,CCVV
dsen,69.0,CCVC
duas,69.0,CVVC
dver,69.0,CCVC
eali,69.0,VVCV
eara,69.0,VVCV
eeri,69.0,VVCV
einu,69.0,VVCV
eono,69.0,VVCV
eori,69.0,VVCV
essu,69.0,VCCV
exar,69.0,VCVC
fado,69.0,CVCV
fafo,69.0,CVCV
fami,69.0,CVCV
famo,69.0,CVCV
fapa,69.0,CVCV
fefo,69.0,CVCV
femi,69.0,CVCV
femo,69.0,CVCV
fepa,69.0,CVCV
ferr,69.0,CVCC
fido,69.0,CVCV
fifo,69.0,CVCV
fimi,69.0,CVCV
fimo,69.0,CVCV
fipa,69.0,CVCV
frio,69.0,CCVV
frou,69.0,CCVV
fsen,69.0,CCVC
fuda,69.0,CVCV
fudi,69.0,CVCV
fulo,69.0,CVCV
funa,69.0,CVCV
fuso,69.0,CVCV
fver,69.0,CCVC
gaar,69.0,CVVC
gada,69.0,CVCV
gadi,69.0,CVCV
gasm,69.0,CVCC
gasn,69.0,CVCC
geba,69.0,CVCV
gebi,69.0,CVCV
gebo,69.0,CVCV
gebu,69.0,CVCV
geko,69.0,CVCV
geku,69.0,CVCV
geva,69.0,CVCV
gevi,69.0,CVCV
gevo,69.0,CVCV
gewa,69.0,CVCV
gewe,69.0,CVCV
gewi,69.0,CVCV
gewo,69.0,CVCV
gida,69.0,CVCV
gidi,69.0,CVCV
gilo,69.0,CVCV
gish,69.0,CVCC
goda,69.0,CVCV
godi,69.0,CVCV
golo,69.0,CVCV
goso,69.0,CVCV
grio,69.0,CCVV
grou,69.0,CCVV
gsen,69.0,CCVC
guas,69.0,CVVC
gver,69.0,CCVC
haba,69.0,CVCV
habi,69.0,CVCV
habo,69.0,CVCV
habu,69.0,CVCV
hako,69.0,CVCV
haku,69.0,CVCV
hava,69.0,CVCV
havi,69.0,CVCV
havo,69.0,CVCV
hawa,69.0,CVCV
hawe,69.0,CVCV
hawi,69.0,CVCV
hawo,69.0,CVCV
hemm,69.0,CVCC
hett,69.0,CVCC
hoba,69.0,CVCV
hobi,69.0,CVCV
hobo,69.0,CVCV
hobu,69.0,CVCV
hoko,69.0,CVCV
hoku,69.0,CVCV
hova,69.0,CVCV
hovi,69.0,CVCV
hovo,69.0,CVCV
howa,69.0,CVCV
howe,69.0,CVCV
howi,69.0,CVCV
howo,69.0,CVCV
hsen,69.0,CCVC
huas,69.0,CVVC
hver,69.0,CCVC
iale,69.0,VVCV
iert,69.0,VVCC
inno,69.0,VCCV
isub,69.0,VCVC
isuc,69.0,VCVC
isud,69.0,VCVC
isuf,69.0,VCVC
isug,69.0,VCVC
isuh,69.0,VCVC
isuj,69.0,VCVC
isuk,69.0,VCVC
isup,69.0,VCVC
isuv,69.0,VCVC
isuw,69.0,VCVC
isuy,69.0,VCVC
ixar,69.0,VCVC
jaal,69.0,CVVC
jeta,69.0,CVCV
jied,69.0,CVVC
jola,69.0,CVCV
jota,69.0,CVCV
jsen,69.0,CCVC
jula,69.0,CVCV
juta,69.0,CVCV
jver,69.0,CCVC
kaar,69.0,CVVC
kada,69.0,CVCV
kadi,69.0,CVCV
kasm,69.0,CVCC
kasn,69.0,CVCC
kida,69.0,CVCV
kidi,69.0,CVCV
kilo,69.0,CVCV
kish,69.0,CVCC
koge,69.0,CVCV
koha,69.0,CVCV
koho,69.0,CVCV
kope,69.0,CVCV
ksen,69.0,CCVC
kuge,69.0,CVCV
kuha,69.0,CVCV
kuho,69.0,CVCV
kuno,69.0,CVCV
kupe,69.0,CVCV
kver,69.0,CCVC
laja,69.0,CVCV
laje,69.0,CVCV
lajo,69.0,CVCV
laju,69.0,CVCV
lcis,69.0,CCVC
lelm,69.0,CVCC
lenl,69.0,CVCC
lenm,69.0,CVCC
lenr,69.0,CVCC
lexa,69.0,CVCV
lexe,69.0,CVCV
lexi,69.0,CVCV
lexo,69.0,CVCV
lexu,69.0,CVCV
loga,69.0,CVCV
logi,69.0,CVCV
logo,69.0,CVCV
loka,69.0,CVCV
loke,69.0,CVCV
loki,69.0,CVCV
lpis,69.0,CCVC
luas,69.0,CVVC
lver,69.0,CCVC
malk,69.0,CVCC
mard,69.0,CVCC
meom,69.0,CVVC
meur,69.0,CVVC
mifa,69.0,CVCV
mife,69.0,CVCV
mifi,69.0,CVCV
msen,69.0,CCVC
muas,69.0,CVVC
mver,69.0,CCVC
nafu,69.0,CVCV
naga,69.0,CVCV
nagi,69.0,CVCV
nago,69.0,CVCV
naka,69.0,CVCV
nake,69.0,CVCV
naki,69.0,CVCV
nann,69.0,CVCC
nanx,69.0,CVCC
ncis,69.0,CCVC
nifa,69.0,CVCV
nife,69.0,CVCV
nifi,69.0,CVCV
noba,69.0,CVCV
nobi,69.0,CVCV
nobo,69.0,CVCV
nobu,69.0,CVCV
noko,69.0,CVCV
noku,69.0,CVCV
nova,69.0,CVCV
novi,69.0,CVCV
novo,69.0,CVCV
nowa,69.0,CVCV
nowe,69.0,CVCV
nowi,69.0,CVCV
nowo,69.0,CVCV
nuas,69.0,CVVC
nver,69.0,CCVC
oale,69.0,VVCV
oert,69.0,VVCC
oinu,69.0,VVCV
onuq,69.0,VCVC
onux,69.0,VCVC
onuz,69.0,VCVC
oxar,69.0,VCVC
pafa,69.0,CVCV
pafe,69.0,CVCV
pafi,69.0,CVCV
peba,69.0,CVCV
pebi,69.0,CVCV
pebo,69.0,CVCV
pebu,69.0,CVCV
peko,69.0,CVCV
peku,69.0,CVCV
peva,69.0,CVCV
pevi,69.0,CVCV
pevo,69.0,CVCV
pewa,69.0,CVCV
pewe,69.0,CVCV
pewi,69.0,CVCV
pewo,69.0,CVCV
phio,69.0,CCVV
pias,69.0,CVVC
piis,69.0,CVVC
poas,69.0,CVVC
pord,69.0,CVCC
prio,69.0,CCVV
prou,69.0,CCVV
psen,69.0,CCVC
puas,69.0,CVVC
pver,69.0,CCVC
qeto,69.0,CVCV
qiof,69.0,CVVC
qoto,69.0,CVCV
quto,69.0,CVCV
rcis,69.0,CCVC
rgar,69.0,CCVC
rpis,69.0,CCVC
ruas,69.0,CVVC
safa,69.0,CVCV
safe,69.0,CVCV
safi,69.0,CVCV
sebl,69.0,CVCC
secl,69.0,CVCC
sefl,69.0,CVCC
sepl,69.0,CVCC
sitw,69.0,CVCC
siyi,69.0,CVCV
siyu,69.0,CVCV
soga,69.0,CVCV
sogi,69.0,CVCV
sogo,69.0,CVCV
soka,69.0,CVCV
soke,69.0,CVCV
soki,69.0,CVCV
sqon,69.0,CCVC
suas,69.0,CVVC
sver,69.0,CCVC
taja,69.0,CVCV
taje,69.0,CVCV
tajo,69.0,CVCV
taju,69.0,CVCV
tots,69.0,CVCC
tuas,69.0,CVVC
tver,69.0,CCVC
uale,69.0,VVCV
uert,69.0,VVCC
uinu,69.0,VVCV
uono,69.0,VVCV
uori,69.0,VVCV
uxar,69.0,VCVC
vage,69.0,CVCV
vaha,69.0,CVCV
vaho,69.0,CVCV
vape,69.0,CVCV
vasl,69.0,CVCC
velt,69.0,CVCC
vige,69.0,CVCV
viha,69.0,CVCV
viho,69.0,CVCV
vinn,69.0,CVCC
vinx,69.0,CVCC
vipe,69.0,CVCV
viss,69.0,CVCC
voge,69.0,CVCV
voha,69.0,CVCV
voho,69.0,CVCV
vope,69.0,CVCV
vsen,69.0,CCVC
vuas,69.0,CVVC
wage,69.0,CVCV
waha,69.0,CVCV
waho,69.0,CVCV
wape,69.0,CVCV
wasl,69.0,CVCC
wege,69.0,CVCV
weha,69.0,CVCV
weho,69.0,CVCV
wepe,69.0,CVCV
whio,69.0,CCVV
wige,69.0,CVCV
wiha,69.0,CVCV
wiho,69.0,CVCV
winn,69.0,CVCC
winx,69.0,CVCC
wipe,69.0,CVCV
wiss,69.0,CVCC
woge,69.0,CVCV
woha,69.0,CVCV
woho,69.0,CVCV
wope,69.0,CVCV
wsen,69.0,CCVC
wuas,69.0,CVVC
wver,69.0,CCVC
xaso,69.0,CVCV
xeal,69.0,CVVC
xent,69.0,CVCC
yaca,69.0,CVCV
yaed,69.0,CVVC
yeca,69.0,CVCV
yelu,69.0,CVCV
yiit,69.0,CVVC
yoca,69.0,CVCV
yoed,69.0,CVVC
yomu,69.0,CVCV
ysen,69.0,CCVC
yusi,69.0,CVCV
yver,69.0,CCVC
zasa,69.0,CVCV
zico,69.0,CVCV
zuto,69.0,CVCV
acto,68.8,VCCV
aern,68.8,VVCC
aers,68.8,VVCC
afto,68.8,VCCV
anme,68.8,VCCV
anou,68.8,VCVV
aona,68.8,VVCV
aqar,68.8,VCVC
arci,68.8,VCCV
arcu,68.8,VCCV
argu,68.8,VCCV
arlu,68.8,VCCV
armu,68.8,VCCV
arpi,68.8,VCCV
arpo,68.8,VCCV
arpu,68.8,VCCV
arvu,68.8,VCCV
aslo,68.8,VCCV
asno,68.8,VCCV
baar,68.8,CVVC
bada,68.8,CVCV
badi,68.8,CVCV
basm,68.8,CVCC
basn,68.8,CVCC
beci,68.8,CVCV
becu,68.8,CVCV
begu,68.8,CVCV
behu,68.8,CVCV
bemu,68.8,CVCV
bepi,68.8,CVCV
bepo,68.8,CVCV
bepu,68.8,CVCV
betu,68.8,CVCV
bevu,68.8,CVCV
bewu,68.8,CVCV
bida,68.8,CVCV
bidi,68.8,CVCV
bilo,68.8,CVCV
bish,68.8,CVCC
boda,68.8,CVCV
bodi,68.8,CVCV
bolo,68.8,CVCV
boso,68.8,CVCV
buda,68.8,CVCV
budi,68.8,CVCV
bulo,68.8,CVCV
buna,68.8,CVCV
buso,68.8,CVCV
cald,68.8,CVCC
cayi,68.8,CVCV
cayu,68.8,CVCV
ccer,68.8,CCVC
cibe,68.8,CVCV
cima,68.8,CVCV
cube,68.8,CVCV
cuma,68.8,CVCV
cuof,68.8,CVVC
daba,68.8,CVCV
dabi,68.8,CVCV
dabo,68.8,CVCV
dabu,68.8,CVCV
dako,68.8,CVCV
daku,68.8,CVCV
dava,68.8,CVCV
davi,68.8,CVCV
davo,68.8,CVCV
dawa,68.8,CVCV
dawe,68.8,CVCV
dawi,68.8,CVCV
dawo,68.8,CVCV
diba,68.8,CVCV
dibi,68.8,CVCV
dibo,68.8,CVCV
dibu,68.8,CVCV
diko,68.8,CVCV
diku,68.8,CVCV
disc,68.8,CVCC
disk,68.8,CVCC
disp,68.8,CVCC
diva,68.8,CVCV
divi,68.8,CVCV
divo,68.8,CVCV
diwa,68.8,CVCV
diwe,68.8,CVCV
diwi,68.8,CVCV
diwo,68.8,CVCV
doga,68.8,CVCV
dogi,68.8,CVCV
dogo,68.8,CVCV
doka,68.8,CVCV
doke,68.8,CVCV
doki,68.8,CVCV
dube,68.8,CVCV
duma,68.8,CVCV
duof,68.8,CVVC
dwar,68.8,CCVC
ecto,68.8,VCCV
efto,68.8,VCCV
eona,68.8,VVCV
eqar,68.8,VCVC
esoq,68.8,VCVC
esox,68.8,VCVC
esoz,68.8,VCVC
fafa,68.8,CVCV
fafe,68.8,CVCV
fafi,68.8,CVCV
fefa,68.8,CVCV
fefe,68.8,CVCV
fefi,68.8,CVCV
fifa,68.8,CVCV
fife,68.8,CVCV
fifi,68.8,CVCV
foga,68.8,CVCV
fogi,68.8,CVCV
fogo,68.8,CVCV
foka,68.8,CVCV
foke,68.8,CVCV
foki,68.8,CVCV
fudo,68.8,CVCV
fufo,68.8,CVCV
fumi,68.8,CVCV
fumo,68.8,CVCV
funi,68.8,CVCV
fupa,68.8,CVCV
fusa,68.8,CVCV
gado,68.8,CVCV
gafo,68.8,CVCV
gami,68.8,CVCV
gamo,68.8,CVCV
gapa,68.8,CVCV
geja,68.8,CVCV
geje,68.8,CVCV
gejo,68.8,CVCV
geju,68.8,CVCV
gido,68.8,CVCV
gifo,68.8,CVCV
gimi,68.8,CVCV
gimo,68.8,CVCV
gipa,68.8,CVCV
godo,68.8,CVCV
gopa,68.8,CVCV
gorb,68.8,CVCC
gorc,68.8,CVCC
gorf,68.8,CVCC
gorg,68.8,CVCC
gorp,68.8,CVCC
gorv,68.8,CVCC
gosa,68.8,CVCV
gube,68.8,CVCV
guma,68.8,CVCV
guof,68.8,CVVC
haja,68.8,CVCV
haje,68.8,CVCV
hajo,68.8,CVCV
haju,68.8,CVCV
hicr,68.8,CVCC
hoja,68.8,CVCV
hoje,68.8,CVCV
hojo,68.8,CVCV
hoju,68.8,CVCV
hube,68.8,CVCV
huma,68.8,CVCV
huof,68.8,CVVC
iant,68.8,VVCC
iata,68.8,VVCV
icem,68.8,VCVC
icet,68.8,VCVC
iern,68.8,VVCC
iers,68.8,VVCC
ifto,68.8,VCCV
ilem,68.8,VCVC
ilet,68.8,VCVC
inhi,68.8,VCCV
inio,68.8,VCVV
inna,68.8,VCCV
iqar,68.8,VCVC
isso,68.8,VCCV
jage,68.8,CVCV
jaha,68.8,CVCV
jaho,68.8,CVCV
jape,68.8,CVCV
jasl,68.8,CVCC
jege,68.8,CVCV
jeha,68.8,CVCV
jeho,68.8,CVCV
jepe,68.8,CVCV
jila,68.8,CVCV
jiol,68.8,CVVC
jios,68.8,CVVC
jiot,68.8,CVVC
joge,68.8,CVCV
joha,68.8,CVCV
joho,68.8,CVCV
jope,68.8,CVCV
juge,68.8,CVCV
juha,68.8,CVCV
juho,68.8,CVCV
juno,68.8,CVCV
jupe,68.8,CVCV
kado,68.8,CVCV
kafo,68.8,CVCV
kami,68.8,CVCV
kamo,68.8,CVCV
kapa,68.8,CVCV
kefo,68.8,CVCV
kemi,68.8,CVCV
kemo,68.8,CVCV
kepa,68.8,CVCV
kerr,68.8,CVCC
kido,68.8,CVCV
kifo,68.8,CVCV
kimi,68.8,CVCV
kimo,68.8,CVCV
kipa,68.8,CVCV
koda,68.8,CVCV
kodi,68.8,CVCV
kolo,68.8,CVCV
koso,68.8,CVCV
kuda,68.8,CVCV
kudi,68.8,CVCV
kulo,68.8,CVCV
kuna,68.8,CVCV
kuso,68.8,CVCV
laji,68.8,CVCV
laya,68.8,CVCV
laye,68.8,CVCV
layo,68.8,CVCV
lbar,68.8,CCVC
leln,68.8,CVCC
leqa,68.8,CVCV
leqe,68.8,CVCV
leqi,68.8,CVCV
leqo,68.8,CVCV
lequ,68.8,CVCV
lezu,68.8,CVCV
loba,68.8,CVCV
lobi,68.8,CVCV
lobo,68.8,CVCV
lobu,68.8,CVCV
loko,68.8,CVCV
loku,68.8,CVCV
lova,68.8,CVCV
lovi,68.8,CVCV
lovo,68.8,CVCV
lowa,68.8,CVCV
lowe,68.8,CVCV
lowi,68.8,CVCV
lowo,68.8,CVCV
lube,68.8,CVCV
luma,68.8,CVCV
luof,68.8,CVVC
maci,68.8,CVCV
macu,68.8,CVCV
madu,68.8,CVCV
magu,68.8,CVCV
mahu,68.8,CVCV
malf,68.8,CVCC
mamu,68.8,CVCV
mapi,68.8,CVCV
mapo,68.8,CVCV
mapu,68.8,CVCV
mark,68.8,CVCC
mavu,68.8,CVCV
mawu,68.8,CVCV
mbar,68.8,CCVC
mifu,68.8,CVCV
miga,68.8,CVCV
migi,68.8,CVCV
migo,68.8,CVCV
mika,68.8,CVCV
mike,68.8,CVCV
miki,68.8,CVCV
mmen,68.8,CCVC
moga,68.8,CVCV
mogi,68.8,CVCV
mogo,68.8,CVCV
moka,68.8,CVCV
moke,68.8,CVCV
moki,68.8,CVCV
mube,68.8,CVCV
muma,68.8,CVCV
muof,68.8,CVVC
naba,68.8,CVCV
nabi,68.8,CVCV
nabo,68.8,CVCV
nabu,68.8,CVCV
nako,68.8,CVCV
naku,68.8,CVCV
nava,68.8,CVCV
navi,68.8,CVCV
navo,68.8,CVCV
nawa,68.8,CVCV
nawe,68.8,CVCV
nawi,68.8,CVCV
nawo,68.8,CVCV
nenn,68.8,CVCC
nenx,68.8,CVCC
nifu,68.8,CVCV
niga,68.8,CVCV
nigi,68.8,CVCV
nigo,68.8,CVCV
nika,68.8,CVCV
nike,68.8,CVCV
niki,68.8,CVCV
noja,68.8,CVCV
noje,68.8,CVCV
nojo,68.8,CVCV
noju,68.8,CVCV
ntas,68.8,CCVC
nube,68.8,CVCV
numa,68.8,CVCV
nuof,68.8,CVVC
nxat,68.8,CCVC
oant,68.8,VVCC
oata,68.8,VVCV
octo,68.8,VCCV
oern,68.8,VVCC
oers,68.8,VVCC
olem,68.8,VCVC
olet,68.8,VCVC
onle,68.8,VCCV
oqar,68.8,VCVC
pafu,68.8,CVCV
paga,68.8,CVCV
pagi,68.8,CVCV
pago,68.8,CVCV
paka,68.8,CVCV
pake,68.8,CVCV
paki,68.8,CVCV
pann,68.8,CVCC
panx,68.8,CVCC
peja,68.8,CVCV
peje,68.8,CVCV
pejo,68.8,CVCV
peju,68.8,CVCV
pibe,68.8,CVCV
pima,68.8,CVCV
pobe,68.8,CVCV
pork,68.8,CVCC
pube,68.8,CVCV
puma,68.8,CVCV
puof,68.8,CVVC
qaso,68.8,CVCV
qeal,68.8,CVVC
qent,68.8,CVCC
ralb,68.8,CVCC
ralc,68.8,CVCC
ralp,68.8,CVCC
rbar,68.8,CCVC
reeb,68.8,CVVC
reec,68.8,CVVC
reef,68.8,CVVC
reeg,68.8,CVVC
reeh,68.8,CVVC
reej,68.8,CVVC
reek,68.8,CVVC
reep,68.8,CVVC
reev,68.8,CVVC
reew,68.8,CVVC
reey,68.8,CVVC
reiq,68.8,CVVC
reix,68.8,CVVC
reiz,68.8,CVVC
reoq,68.8,CVVC
reox,68.8,CVVC
reoz,68.8,CVVC
reuq,68.8,CVVC
reux,68.8,CVVC
reuz,68.8,CVVC
roof,68.8,CVVC
rran,68.8,CCVC
rube,68.8,CVCV
ruma,68.8,CVCV
ruof,68.8,CVVC
rvar,68.8,CCVC
safu,68.8,CVCV
saga,68.8,CVCV
sagi,68.8,CVCV
sago,68.8,CVCV
saka,68.8,CVCV
sake,68.8,CVCV
saki,68.8,CVCV
sann,68.8,CVCC
sanx,68.8,CVCC
segl,68.8,CVCC
shas,68.8,CCVC
sheq,68.8,CCVC
shex,68.8,CCVC
shez,68.8,CCVC
sned,68.8,CCVC
soba,68.8,CVCV
sobi,68.8,CVCV
sobo,68.8,CVCV
sobu,68.8,CVCV
soko,68.8,CVCV
soku,68.8,CVCV
sova,68.8,CVCV
sovi,68.8,CVCV
sovo,68.8,CVCV
sowa,68.8,CVCV
sowe,68.8,CVCV
sowi,68.8,CVCV
sowo,68.8,CVCV
sube,68.8,CVCV
suma,68.8,CVCV
suof,68.8,CVVC
taji,68.8,CVCV
taya,68.8,CVCV
taye,68.8,CVCV
tayo,68.8,CVCV
teaq,68.8,CVVC
teax,68.8,CVVC
teaz,68.8,CVVC
tube,68.8,CVCV
tuma,68.8,CVCV
tuof,68.8,CVVC
uant,68.8,VVCC
uata,68.8,VVCV
ucto,68.8,VCCV
uern,68.8,VVCC
uers,68.8,VVCC
ufto,68.8,VCCV
ulem,68.8,VCVC
ulet,68.8,VCVC
unse,68.8,VCCV
uona,68.8,VVCV
uqar,68.8,VCVC
uril,68.8,VCVC
urim,68.8,VCVC
urir,68.8,VCVC
vaar,68.8,CVVC
vada,68.8,CVCV
vadi,68.8,CVCV
vasm,68.8,CVCC
vasn,68.8,CVCC
vels,68.8,CVCC
veza,68.8,CVCV
veze,68.8,CVCV
vezi,68.8,CVCV
vezo,68.8,CVCV
vida,68.8,CVCV
vidi,68.8,CVCV
vilo,68.8,CVCV
vish,68.8,CVCC
voda,68.8,CVCV
vodi,68.8,CVCV
volo,68.8,CVCV
voso,68.8,CVCV
vube,68.8,CVCV
vuma,68.8,CVCV
vuof,68.8,CVVC
waar,68.8,CVVC
wada,68.8,CVCV
wadi,68.8,CVCV
wasm,68.8,CVCC
wasn,68.8,CVCC
wida,68.8,CVCV
widi,68.8,CVCV
wilo,68.8,CVCV
wish,68.8,CVCC
woda,68.8,CVCV
wodi,68.8,CVCV
wolo,68.8,CVCV
woso,68.8,CVCV
wube,68.8,CVCV
wuma,68.8,CVCV
wuof,68.8,CVVC
xasa,68.8,CVCV
xico,68.8,CVCV
yaal,68.8,CVVC
yeta,68.8,CVCV
yied,68.8,CVVC
yola,68.8,CVCV
yota,68.8,CVCV
yuca,68.8,CVCV
yued,68.8,CVVC
yuru,68.8,CVCV
zear,68.8,CVVC
aede,68.6,VVCV
aeru,68.6,VVCV
aoni,68.6,VVCV
aoro,68.6,VVCV
apto,68.6,VCCV
asna,68.6,VCCV
aspa,68.6,VCCV
atuq,68.6,VCVC
atux,68.6,VCVC
atuz,68.6,VCVC
bado,68.6,CVCV
bafo,68.6,CVCV
bami,68.6,CVCV
bamo,68.6,CVCV
bapa,68.6,CVCV
bido,68.6,CVCV
bifo,68.6,CVCV
bimi,68.6,CVCV
bimo,68.6,CVCV
bipa,68.6,CVCV
bodo,68.6,CVCV
bopa,68.6,CVCV
borb,68.6,CVCC
borc,68.6,CVCC
borf,68.6,CVCC
borg,68.6,CVCC
borp,68.6,CVCC
borv,68.6,CVCC
bosa,68.6,CVCV
btor,68.6,CCVC
budo,68.6,CVCV
bufo,68.6,CVCV
bumi,68.6,CVCV
bumo,68.6,CVCV
buni,68.6,CVCV
bupa,68.6,CVCV
busa,68.6,CVCV
calk,68.6,CVCC
card,68.6,CVCC
chou,68.6,CCVV
ciit,68.6,CVVC
cusi,68.6,CVCV
daja,68.6,CVCV
daje,68.6,CVCV
dajo,68.6,CVCV
daju,68.6,CVCV
deom,68.6,CVVC
deur,68.6,CVVC
dija,68.6,CVCV
dije,68.6,CVCV
dijo,68.6,CVCV
diju,68.6,CVCV
disw,68.6,CVCC
doba,68.6,CVCV
dobi,68.6,CVCV
dobo,68.6,CVCV
dobu,68.6,CVCV
doko,68.6,CVCV
doku,68.6,CVCV
dova,68.6,CVCV
dovi,68.6,CVCV
dovo,68.6,CVCV
dowa,68.6,CVCV
dowe,68.6,CVCV
dowi,68.6,CVCV
dowo,68.6,CVCV
dtor,68.6,CCVC
dusi,68.6,CVCV
eero,68.6,VVCV
elom,68.6,VCVC
eoni,68.6,VVCV
eoro,68.6,VVCV
epto,68.6,VCCV
esaq,68.6,VCVC
esax,68.6,VCVC
esaz,68.6,VCVC
fafu,68.6,CVCV
faga,68.6,CVCV
fagi,68.6,CVCV
fago,68.6,CVCV
faka,68.6,CVCV
fake,68.6,CVCV
faki,68.6,CVCV
fann,68.6,CVCC
fanx,68.6,CVCC
fefu,68.6,CVCV
fega,68.6,CVCV
fegi,68.6,CVCV
fego,68.6,CVCV
feka,68.6,CVCV
feke,68.6,CVCV
feki,68.6,CVCV
fifu,68.6,CVCV
figa,68.6,CVCV
figi,68.6,CVCV
figo,68.6,CVCV
fika,68.6,CVCV
fike,68.6,CVCV
fiki,68.6,CVCV
foba,68.6,CVCV
fobi,68.6,CVCV
fobo,68.6,CVCV
fobu,68.6,CVCV
foko,68.6,CVCV
foku,68.6,CVCV
fova,68.6,CVCV
fovi,68.6,CVCV
fovo,68.6,CVCV
fowa,68.6,CVCV
fowe,68.6,CVCV
fowi,68.6,CVCV
fowo,68.6,CVCV
fufa,68.6,CVCV
fufe,68.6,CVCV
fufi,68.6,CVCV
gafa,68.6,CVCV
gafe,68.6,CVCV
gafi,68.6,CVCV
geji,68.6,CVCV
geya,68.6,CVCV
geye,68.6,CVCV
geyo,68.6,CVCV
gifa,68.6,CVCV
gife,68.6,CVCV
gifi,68.6,CVCV
gtor,68.6,CCVC
gusi,68.6,CVCV
haji,68.6,CVCV
haya,68.6,CVCV
haye,68.6,CVCV
hayo,68.6,CVCV
hicl,68.6,CVCC
hoji,68.6,CVCV
hoya,68.6,CVCV
hoye,68.6,CVCV
hoyo,68.6,CVCV
htor,68.6,CCVC
husi,68.6,CVCV
iede,68.6,VVCV
ieru,68.6,VVCV
iine,68.6,VVCV
iito,68.6,VVCV
inni,68.6,VCCV
ipto,68.6,VCCV
issa,68.6,VCCV
itub,68.6,VCVC
ituc,68.6,VCVC
itud,68.6,VCVC
ituf,68.6,VCVC
itug,68.6,VCVC
ituh,68.6,VCVC
ituj,68.6,VCVC
ituk,68.6,VCVC
itup,68.6,VCVC
ituv,68.6,VCVC
ituw,68.6,VCVC
ituy,68.6,VCVC
jaar,68.6,CVVC
jada,68.6,CVCV
jadi,68.6,CVCV
jasm,68.6,CVCC
jasn,68.6,CVCC
jige,68.6,CVCV
jiha,68.6,CVCV
jiho,68.6,CVCV
jinn,68.6,CVCC
jinx,68.6,CVCC
jipe,68.6,CVCV
jiss,68.6,CVCC
joda,68.6,CVCV
jodi,68.6,CVCV
jolo,68.6,CVCV
joso,68.6,CVCV
jtor,68.6,CCVC
juda,68.6,CVCV
judi,68.6,CVCV
julo,68.6,CVCV
juna,68.6,CVCV
juso,68.6,CVCV
kafa,68.6,CVCV
kafe,68.6,CVCV
kafi,68.6,CVCV
kefa,68.6,CVCV
kefe,68.6,CVCV
kefi,68.6,CVCV
kifa,68.6,CVCV
kife,68.6,CVCV
kifi,68.6,CVCV
kned,68.6,CCVC
kodo,68.6,CVCV
kopa,68.6,CVCV
korb,68.6,CVCC
korc,68.6,CVCC
korf,68.6,CVCC
korg,68.6,CVCC
korp,68.6,CVCC
korv,68.6,CVCC
kosa,68.6,CVCV
ktor,68.6,CCVC
kudo,68.6,CVCV
kufo,68.6,CVCV
kumi,68.6,CVCV
kumo,68.6,CVCV
kuni,68.6,CVCV
kupa,68.6,CVCV
kusa,68.6,CVCV
lald,68.6,CVCC
layi,68.6,CVCV
layu,68.6,CVCV
lcit,68.6,CCVC
llat,68.6,CCVC
llon,68.6,CCVC
lmas,68.6,CCVC
lned,68.6,CCVC
loja,68.6,CVCV
loje,68.6,CVCV
lojo,68.6,CVCV
loju,68.6,CVCV
lpit,68.6,CCVC
lusi,68.6,CVCV
miba,68.6,CVCV
mibi,68.6,CVCV
mibo,68.6,CVCV
mibu,68.6,CVCV
miko,68.6,CVCV
miku,68.6,CVCV
misc,68.6,CVCC
misk,68.6,CVCC
misp,68.6,CVCC
miva,68.6,CVCV
mivi,68.6,CVCV
mivo,68.6,CVCV
miwa,68.6,CVCV
miwe,68.6,CVCV
miwi,68.6,CVCV
miwo,68.6,CVCV
moba,68.6,CVCV
mobi,68.6,CVCV
mobo,68.6,CVCV
mobu,68.6,CVCV
moko,68.6,CVCV
moku,68.6,CVCV
mova,68.6,CVCV
movi,68.6,CVCV
movo,68.6,CVCV
mowa,68.6,CVCV
mowe,68.6,CVCV
mowi,68.6,CVCV
mowo,68.6,CVCV
mtor,68.6,CCVC
musi,68.6,CVCV
naja,68.6,CVCV
naje,68.6,CVCV
najo,68.6,CVCV
naju,68.6,CVCV
ncit,68.6,CCVC
ngur,68.6,CCVC
niba,68.6,CVCV
nibi,68.6,CVCV
nibo,68.6,CVCV
nibu,68.6,CVCV
niko,68.6,CVCV
niku,68.6,CVCV
nisc,68.6,CVCC
nisk,68.6,CVCC
nisp,68.6,CVCC
niva,68.6,CVCV
nivi,68.6,CVCV
nivo,68.6,CVCV
niwa,68.6,CVCV
niwe,68.6,CVCV
niwi,68.6,CVCV
niwo,68.6,CVCV
noji,68.6,CVCV
noya,68.6,CVCV
noye,68.6,CVCV
noyo,68.6,CVCV
nsas,68.6,CCVC
nsof,68.6,CCVC
ntol,68.6,CCVC
ntos,68.6,CCVC
ntot,68.6,CCVC
nusi,68.6,CVCV
oede,68.6,VVCV
oeru,68.6,VVCV
onne,68.6,VCCV
opto,68.6,VCCV
outo,68.6,VVCV
paba,68.6,CVCV
pabi,68.6,CVCV
pabo,68.6,CVCV
pabu,68.6,CVCV
pako,68.6,CVCV
paku,68.6,CVCV
pava,68.6,CVCV
pavi,68.6,CVCV
pavo,68.6,CVCV
pawa,68.6,CVCV
pawe,68.6,CVCV
pawi,68.6,CVCV
pawo,68.6,CVCV
peji,68.6,CVCV
peya,68.6,CVCV
peye,68.6,CVCV
peyo,68.6,CVCV
piit,68.6,CVVC
posi,68.6,CVCV
poul,68.6,CVVC
poum,68.6,CVVC
poun,68.6,CVVC
pous,68.6,CVVC
pout,68.6,CVVC
pusi,68.6,CVCV
qasa,68.6,CVCV
qico,68.6,CVCV
raas,68.6,CVVC
rcit,68.6,CCVC
rpit,68.6,CCVC
rtas,68.6,CCVC
rusi,68.6,CVCV
saba,68.6,CVCV
sabi,68.6,CVCV
sabo,68.6,CVCV
sabu,68.6,CVCV
sako,68.6,CVCV
saku,68.6,CVCV
sava,68.6,CVCV
savi,68.6,CVCV
savo,68.6,CVCV
sawa,68.6,CVCV
sawe,68.6,CVCV
sawi,68.6,CVCV
sawo,68.6,CVCV
sced,68.6,CCVC
sect,68.6,CVCC
seft,68.6,CVCC
shof,68.6,CCVC
sidu,68.6,CVCV
sigu,68.6,CVCV
sihu,68.6,CVCV
silu,68.6,CVCV
simu,68.6,CVCV
sipi,68.6,CVCV
sipo,68.6,CVCV
sipu,68.6,CVCV
siru,68.6,CVCV
sivu,68.6,CVCV
siwu,68.6,CVCV
smas,68.6,CCVC
soja,68.6,CVCV
soje,68.6,CVCV
sojo,68.6,CVCV
soju,68.6,CVCV
sqat,68.6,CCVC
ssis,68.6,CCVC
stae,68.6,CCVV
stai,68.6,CCVV
stao,68.6,CCVV
stau,68.6,CCVV
susi,68.6,CVCV
tald,68.6,CVCC
tayi,68.6,CVCV
tayu,68.6,CVCV
teck,68.6,CVCC
tted,68.6,CCVC
ttio,68.6,CCVV
tusi,68.6,CVCV
uede,68.6,VVCV
ueru,68.6,VVCV
uoni,68.6,VVCV
uoro,68.6,VVCV
upto,68.6,VCCV
vado,68.6,CVCV
vafo,68.6,CVCV
vami,68.6,CVCV
vamo,68.6,CVCV
vapa,68.6,CVCV
velm,68.6,CVCC
venl,68.6,CVCC
venm,68.6,CVCC
venr,68.6,CVCC
vexa,68.6,CVCV
vexe,68.6,CVCV
vexi,68.6,CVCV
vexo,68.6,CVCV
vexu,68.6,CVCV
vido,68.6,CVCV
vifo,68.6,CVCV
vimi,68.6,CVCV
vimo,68.6,CVCV
vipa,68.6,CVCV
vodo,68.6,CVCV
vopa,68.6,CVCV
vorb,68.6,CVCC
vorc,68.6,CVCC
vorf,68.6,CVCC
vorg,68.6,CVCC
vorp,68.6,CVCC
vorv,68.6,CVCC
vosa,68.6,CVCV
vtor,68.6,CCVC
vusi,68.6,CVCV
wado,68.6,CVCV
wafo,68.6,CVCV
wami,68.6,CVCV
wamo,68.6,CVCV
wapa,68.6,CVCV
wefo,68.6,CVCV
wemi,68.6,CVCV
wemo,68.6,CVCV
wepa,68.6,CVCV
werr,68.6,CVCC
wido,68.6,CVCV
wifo,68.6,CVCV
wimi,68.6,CVCV
wimo,68.6,CVCV
wipa,68.6,CVCV
wodo,68.6,CVCV
wopa,68.6,CVCV
worb,68.6,CVCC
worc,68.6,CVCC
worf,68.6,CVCC
worg,68.6,CVCC
worp,68.6,CVCC
worv,68.6,CVCC
wosa,68.6,CVCV
wtor,68.6,CCVC
wusi,68.6,CVCV
xear,68.6,CVVC
yage,68.6,CVCV
yaha,68.6,CVCV
yaho,68.6,CVCV
yape,68.6,CVCV
yasl,68.6,CVCC
yege,68.6,CVCV
yeha,68.6,CVCV
yeho,68.6,CVCV
yepe,68.6,CVCV
yila,68.6,CVCV
yiol,68.6,CVVC
yios,68.6,CVVC
yiot,68.6,CVVC
yoge,68.6,CVCV
yoha,68.6,CVCV
yoho,68.6,CVCV
yope,68.6,CVCV
ytor,68.6,CCVC
yula,68.6,CVCV
yuta,68.6,CVCV
zele,68.6,CVCV
asmi,68.4,VCCV
asmo,68.4,VCCV
asni,68.4,VCCV
atle,68.4,VCCV
avem,68.4,VCVC
avet,68.4,VCVC
axti,68.4,VCCV
bafa,68.4,CVCV
bafe,68.4,CVCV
bafi,68.4,CVCV
bber,68.4,CCVC
bifa,68.4,CVCV
bife,68.4,CVCV
bifi,68.4,CVCV
blas,68.4,CCVC
bufa,68.4,CVCV
bufe,68.4,CVCV
bufi,68.4,CVCV
caci,68.4,CVCV
cacu,68.4,CVCV
cadu,68.4,CVCV
cagu,68.4,CVCV
cahu,68.4,CVCV
calf,68.4,CVCC
camu,68.4,CVCV
capi,68.4,CVCV
capo,68.4,CVCV
capu,68.4,CVCV
cark,68.4,CVCC
cavu,68.4,CVCV
cawu,68.4,CVCV
cenn,68.4,CVCC
cenx,68.4,CVCC
cied,68.4,CVVC
clas,68.4,CCVC
coza,68.4,CVCV
coze,68.4,CVCV
cozi,68.4,CVCV
cozo,68.4,CVCV
cuca,68.4,CVCV
cued,68.4,CVVC
curu,68.4,CVCV
daji,68.4,CVCV
daya,68.4,CVCV
daye,68.4,CVCV
dayo,68.4,CVCV
dden,68.4,CCVC
diji,68.4,CVCV
diya,68.4,CVCV
diye,68.4,CVCV
diyo,68.4,CVCV
doja,68.4,CVCV
doje,68.4,CVCV
dojo,68.4,CVCV
doju,68.4,CVCV
duca,68.4,CVCV
dued,68.4,CVVC
duru,68.4,CVCV
edto,68.4,VCCV
erhi,68.4,VCCV
esea,68.4,VCVV
evem,68.4,VCVC
evet,68.4,VCVC
exti,68.4,VCCV
faba,68.4,CVCV
fabi,68.4,CVCV
fabo,68.4,CVCV
fabu,68.4,CVCV
fako,68.4,CVCV
faku,68.4,CVCV
fava,68.4,CVCV
favi,68.4,CVCV
favo,68.4,CVCV
fawa,68.4,CVCV
fawe,68.4,CVCV
fawi,68.4,CVCV
fawo,68.4,CVCV
feba,68.4,CVCV
febi,68.4,CVCV
febo,68.4,CVCV
febu,68.4,CVCV
feko,68.4,CVCV
feku,68.4,CVCV
feva,68.4,CVCV
fevi,68.4,CVCV
fevo,68.4,CVCV
fewa,68.4,CVCV
fewe,68.4,CVCV
fewi,68.4,CVCV
fewo,68.4,CVCV
fiba,68.4,CVCV
fibi,68.4,CVCV
fibo,68.4,CVCV
fibu,68.4,CVCV
fiko,68.4,CVCV
fiku,68.4,CVCV
fisc,68.4,CVCC
fisk,68.4,CVCC
fisp,68.4,CVCC
fiva,68.4,CVCV
fivi,68.4,CVCV
fivo,68.4,CVCV
fiwa,68.4,CVCV
fiwe,68.4,CVCV
fiwi,68.4,CVCV
fiwo,68.4,CVCV
flas,68.4,CCVC
foja,68.4,CVCV
foje,68.4,CVCV
fojo,68.4,CVCV
foju,68.4,CVCV
fufu,68.4,CVCV
fuga,68.4,CVCV
fugi,68.4,CVCV
fugo,68.4,CVCV
fuka,68.4,CVCV
fuke,68.4,CVCV
fuki,68.4,CVCV
gafu,68.4,CVCV
gaga,68.4,CVCV
gagi,68.4,CVCV
gago,68.4,CVCV
gaka,68.4,CVCV
gake,68.4,CVCV
gaki,68.4,CVCV
gann,68.4,CVCC
ganx,68.4,CVCC
gedw,68.4,CVCC
geyi,68.4,CVCV
geyu,68.4,CVCV
gifu,68.4,CVCV
giga,68.4,CVCV
gigi,68.4,CVCV
gigo,68.4,CVCV
gika,68.4,CVCV
gike,68.4,CVCV
giki,68.4,CVCV
goga,68.4,CVCV
gogi,68.4,CVCV
gogo,68.4,CVCV
goka,68.4,CVCV
goke,68.4,CVCV
goki,68.4,CVCV
guca,68.4,CVCV
gued,68.4,CVVC
guru,68.4,CVCV
hald,68.4,CVCC
hayi,68.4,CVCV
hayu,68.4,CVCV
helr,68.4,CVCC
hoyi,68.4,CVCV
hoyu,68.4,CVCV
huca,68.4,CVCV
hued,68.4,CVVC
huru,68.4,CVCV
iast,68.4,VVCC
iist,68.4,VVCC
inri,68.4,VCCV
irom,68.4,VCVC
ivem,68.4,VCVC
ivet,68.4,VCVC
ixti,68.4,VCCV
jado,68.4,CVCV
jafo,68.4,CVCV
jami,68.4,CVCV
jamo,68.4,CVCV
japa,68.4,CVCV
jefo,68.4,CVCV
jemi,68.4,CVCV
jemo,68.4,CVCV
jepa,68.4,CVCV
jerr,68.4,CVCC
jida,68.4,CVCV
jidi,68.4,CVCV
jilo,68.4,CVCV
jish,68.4,CVCC
jodo,68.4,CVCV
jopa,68.4,CVCV
jorb,68.4,CVCC
jorc,68.4,CVCC
jorf,68.4,CVCC
jorg,68.4,CVCC
jorp,68.4,CVCC
jorv,68.4,CVCC
josa,68.4,CVCV
judo,68.4,CVCV
jufo,68.4,CVCV
jumi,68.4,CVCV
jumo,68.4,CVCV
juni,68.4,CVCV
jupa,68.4,CVCV
jusa,68.4,CVCV
kafu,68.4,CVCV
kaga,68.4,CVCV
kagi,68.4,CVCV
kago,68.4,CVCV
kaka,68.4,CVCV
kake,68.4,CVCV
kaki,68.4,CVCV
kann,68.4,CVCC
kanx,68.4,CVCC
kefu,68.4,CVCV
kega,68.4,CVCV
kegi,68.4,CVCV
kego,68.4,CVCV
keka,68.4,CVCV
keke,68.4,CVCV
keki,68.4,CVCV
kifu,68.4,CVCV
kiga,68.4,CVCV
kigi,68.4,CVCV
kigo,68.4,CVCV
kika,68.4,CVCV
kike,68.4,CVCV
kiki,68.4,CVCV
kufa,68.4,CVCV
kufe,68.4,CVCV
kufi,68.4,CVCV
lalk,68.4,CVCC
lard,68.4,CVCC
loji,68.4,CVCV
loya,68.4,CVCV
loye,68.4,CVCV
loyo,68.4,CVCV
ltas,68.4,CCVC
luca,68.4,CVCV
lued,68.4,CVVC
luru,68.4,CVCV
matt,68.4,CVCC
mija,68.4,CVCV
mije,68.4,CVCV
mijo,68.4,CVCV
miju,68.4,CVCV
misw,68.4,CVCC
moja,68.4,CVCV
moje,68.4,CVCV
mojo,68.4,CVCV
moju,68.4,CVCV
muca,68.4,CVCV
mued,68.4,CVVC
muru,68.4,CVCV
naji,68.4,CVCV
naya,68.4,CVCV
naye,68.4,CVCV
nayo,68.4,CVCV
ndas,68.4,CCVC
nija,68.4,CVCV
nije,68.4,CVCV
nijo,68.4,CVCV
niju,68.4,CVCV
nisw,68.4,CVCC
noyi,68.4,CVCV
noyu,68.4,CVCV
nuca,68.4,CVCV
nued,68.4,CVVC
nuru,68.4,CVCV
nxen,68.4,CCVC
oast,68.4,VVCC
omom,68.4,VCVC
onve,68.4,VCCV
ostu,68.4,VCCV
ovem,68.4,VCVC
ovet,68.4,VCVC
oxti,68.4,VCCV
paja,68.4,CVCV
paje,68.4,CVCV
pajo,68.4,CVCV
paju,68.4,CVCV
pedw,68.4,CVCC
peyi,68.4,CVCV
peyu,68.4,CVCV
pied,68.4,CVVC
plas,68.4,CCVC
poca,68.4,CVCV
poed,68.4,CVVC
pomu,68.4,CVCV
puca,68.4,CVCV
pued,68.4,CVVC
puru,68.4,CVCV
qear,68.4,CVVC
rarb,68.4,CVCC
rarc,68.4,CVCC
rarf,68.4,CVCC
rarg,68.4,CVCC
rarp,68.4,CVCC
rarv,68.4,CVCC
ricr,68.4,CVCC
rtol,68.4,CCVC
rtos,68.4,CCVC
rtot,68.4,CCVC
ruca,68.4,CVCV
rued,68.4,CVVC
ruru,68.4,CVCV
saja,68.4,CVCV
saje,68.4,CVCV
sajo,68.4,CVCV
saju,68.4,CVCV
scas,68.4,CCVC
seab,68.4,CVVC
seac,68.4,CVVC
sead,68.4,CVVC
seaf,68.4,CVVC
seag,68.4,CVVC
seah,68.4,CVVC
seaj,68.4,CVVC
seak,68.4,CVVC
seap,68.4,CVVC
seav,68.4,CVVC
seaw,68.4,CVVC
seay,68.4,CVVC
seic,68.4,CVVC
sekn,68.4,CVCC
sept,68.4,CVCC
serh,68.4,CVCC
serj,68.4,CVCC
serw,68.4,CVCC
sery,68.4,CVCC
sewr,68.4,CVCC
soji,68.4,CVCV
soya,68.4,CVCV
soye,68.4,CVCV
soyo,68.4,CVCV
stoq,68.4,CCVC
stox,68.4,CCVC
stoz,68.4,CCVC
suca,68.4,CVCV
sued,68.4,CVVC
suru,68.4,CVCV
talk,68.4,CVCC
tard,68.4,CVCC
tell,68.4,CVCC
temp,68.4,CVCC
tidw,68.4,CVCC
tigh,68.4,CVCC
tilb,68.4,CVCC
tilc,68.4,CVCC
tilp,68.4,CVCC
timb,68.4,CVCC
tirb,68.4,CVCC
tirc,68.4,CVCC
tirf,68.4,CVCC
tirg,68.4,CVCC
tirp,68.4,CVCC
tirv,68.4,CVCC
tisb,68.4,CVCC
tisd,68.4,CVCC
tisf,68.4,CVCC
tisg,68.4,CVCC
tisj,68.4,CVCC
tisv,68.4,CVCC
tisy,68.4,CVCC
tsea,68.4,CCVV
tuca,68.4,CVCV
tued,68.4,CVVC
turu,68.4,CVCV
uast,68.4,VVCC
unga,68.4,VCCV
ungi,68.4,VCCV
ungo,68.4,VCCV
urol,68.4,VCVC
uros,68.4,VCVC
urot,68.4,VCVC
ustu,68.4,VCCV
uvem,68.4,VCVC
uvet,68.4,VCVC
uxti,68.4,VCCV
vafa,68.4,CVCV
vafe,68.4,CVCV
vafi,68.4,CVCV
veln,68.4,CVCC
veqa,68.4,CVCV
veqe,68.4,CVCV
veqi,68.4,CVCV
veqo,68.4,CVCV
vequ,68.4,CVCV
vezu,68.4,CVCV
vifa,68.4,CVCV
vife,68.4,CVCV
vifi,68.4,CVCV
vuca,68.4,CVCV
vued,68.4,CVVC
vuru,68.4,CVCV
vves,68.4,CCVC
wafa,68.4,CVCV
wafe,68.4,CVCV
wafi,68.4,CVCV
wefa,68.4,CVCV
wefe,68.4,CVCV
wefi,68.4,CVCV
wifa,68.4,CVCV
wife,68.4,CVCV
wifi,68.4,CVCV
wuca,68.4,CVCV
wued,68.4,CVVC
wuru,68.4,CVCV
xele,68.4,CVCV
yaar,68.4,CVVC
yada,68.4,CVCV
yadi,68.4,CVCV
yasm,68.4,CVCC
yasn,68.4,CVCC
yige,68.4,CVCV
yiha,68.4,CVCV
yiho,68.4,CVCV
yinn,68.4,CVCC
yinx,68.4,CVCC
yipe,68.4,CVCV
yiss,68.4,CVCC
yoda,68.4,CVCV
yodi,68.4,CVCV
yolo,68.4,CVCV
yoso,68.4,CVCV
yuge,68.4,CVCV
yuha,68.4,CVCV
yuho,68.4,CVCV
yuno,68.4,CVCV
yupe,68.4,CVCV
zaes,68.4,CVVC
zies,68.4,CVVC
ziin,68.4,CVVC
zoes,68.4,CVVC
aeno,68.2,VVCV
alub,68.2,VCVC
aluc,68.2,VCVC
alud,68.2,VCVC
aluf,68.2,VCVC
alug,68.2,VCVC
aluh,68.2,VCVC
aluj,68.2,VCVC
aluk,68.2,VCVC
alup,68.2,VCVC
aluv,68.2,VCVC
aluw,68.2,VCVC
aluy,68.2,VCVC
anno,68.2,VCCV
aora,68.2,VVCV
ariq,68.2,VCVC
arix,68.2,VCVC
ariz,68.2,VCVC
aska,68.2,VCCV
aske,68.2,VCCV
aski,68.2,VCCV
bafu,68.2,CVCV
baga,68.2,CVCV
bagi,68.2,CVCV
bago,68.2,CVCV
baka,68.2,CVCV
bake,68.2,CVCV
baki,68.2,CVCV
bann,68.2,CVCC
banx,68.2,CVCC
bifu,68.2,CVCV
biga,68.2,CVCV
bigi,68.2,CVCV
bigo,68.2,CVCV
bika,68.2,CVCV
bike,68.2,CVCV
biki,68.2,CVCV
bmer,68.2,CCVC
boga,68.2,CVCV
bogi,68.2,CVCV
bogo,68.2,CVCV
boka,68.2,CVCV
boke,68.2,CVCV
boki,68.2,CVCV
bufu,68.2,CVCV
buga,68.2,CVCV
bugi,68.2,CVCV
bugo,68.2,CVCV
buka,68.2,CVCV
buke,68.2,CVCV
buki,68.2,CVCV
cila,68.2,CVCV
ciol,68.2,CVVC
cios,68.2,CVVC
ciot,68.2,CVVC
cmer,68.2,CCVC
coxa,68.2,CVCV
coxe,68.2,CVCV
coxi,68.2,CVCV
coxo,68.2,CVCV
coxu,68.2,CVCV
cula,68.2,CVCV
cuta,68.2,CVCV
dald,68.2,CVCC
dayi,68.2,CVCV
dayu,68.2,CVCV
ditw,68.2,CVCC
diyi,68.2,CVCV
diyu,68.2,CVCV
dmer,68.2,CCVC
doji,68.2,CVCV
doya,68.2,CVCV
doye,68.2,CVCV
doyo,68.2,CVCV
dula,68.2,CVCV
duta,68.2,CVCV
eera,68.2,VVCV
enuq,68.2,VCVC
enux,68.2,VCVC
enuz,68.2,VCVC
eora,68.2,VVCV
faja,68.2,CVCV
faje,68.2,CVCV
fajo,68.2,CVCV
faju,68.2,CVCV
feja,68.2,CVCV
feje,68.2,CVCV
fejo,68.2,CVCV
feju,68.2,CVCV
fija,68.2,CVCV
fije,68.2,CVCV
fijo,68.2,CVCV
fiju,68.2,CVCV
fisw,68.2,CVCC
fmer,68.2,CCVC
foji,68.2,CVCV
foya,68.2,CVCV
foye,68.2,CVCV
foyo,68.2,CVCV
fuba,68.2,CVCV
fubi,68.2,CVCV
fubo,68.2,CVCV
fubu,68.2,CVCV
fuko,68.2,CVCV
fuku,68.2,CVCV
fuva,68.2,CVCV
fuvi,68.2,CVCV
fuvo,68.2,CVCV
fuwa,68.2,CVCV
fuwe,68.2,CVCV
fuwi,68.2,CVCV
fuwo,68.2,CVCV
gaba,68.2,CVCV
gabi,68.2,CVCV
gabo,68.2,CVCV
gabu,68.2,CVCV
gako,68.2,CVCV
gaku,68.2,CVCV
gava,68.2,CVCV
gavi,68.2,CVCV
gavo,68.2,CVCV
gawa,68.2,CVCV
gawe,68.2,CVCV
gawi,68.2,CVCV
gawo,68.2,CVCV
giba,68.2,CVCV
gibi,68.2,CVCV
gibo,68.2,CVCV
gibu,68.2,CVCV
giko,68.2,CVCV
giku,68.2,CVCV
gisc,68.2,CVCC
gisk,68.2,CVCC
gisp,68.2,CVCC
giva,68.2,CVCV
givi,68.2,CVCV
givo,68.2,CVCV
giwa,68.2,CVCV
giwe,68.2,CVCV
giwi,68.2,CVCV
giwo,68.2,CVCV
glas,68.2,CCVC
gmer,68.2,CCVC
goba,68.2,CVCV
gobi,68.2,CVCV
gobo,68.2,CVCV
gobu,68.2,CVCV
goko,68.2,CVCV
goku,68.2,CVCV
gova,68.2,CVCV
govi,68.2,CVCV
govo,68.2,CVCV
gowa,68.2,CVCV
gowe,68.2,CVCV
gowi,68.2,CVCV
gowo,68.2,CVCV
gula,68.2,CVCV
guta,68.2,CVCV
halk,68.2,CVCC
hard,68.2,CVCC
hict,68.2,CVCC
hiel,68.2,CVVC
hiur,68.2,CVVC
hmer,68.2,CCVC
hula,68.2,CVCV
huta,68.2,CVCV
ianu,68.2,VVCV
ieno,68.2,VVCV
iing,68.2,VVCC
ionc,68.2,VVCC
ioto,68.2,VVCV
jafa,68.2,CVCV
jafe,68.2,CVCV
jafi,68.2,CVCV
jefa,68.2,CVCV
jefe,68.2,CVCV
jefi,68.2,CVCV
jido,68.2,CVCV
jifo,68.2,CVCV
jimi,68.2,CVCV
jimo,68.2,CVCV
jipa,68.2,CVCV
jmer,68.2,CCVC
jufa,68.2,CVCV
jufe,68.2,CVCV
jufi,68.2,CVCV
kaba,68.2,CVCV
kabi,68.2,CVCV
kabo,68.2,CVCV
kabu,68.2,CVCV
kako,68.2,CVCV
kaku,68.2,CVCV
kava,68.2,CVCV
kavi,68.2,CVCV
kavo,68.2,CVCV
kawa,68.2,CVCV
kawe,68.2,CVCV
kawi,68.2,CVCV
kawo,68.2,CVCV
keba,68.2,CVCV
kebi,68.2,CVCV
kebo,68.2,CVCV
kebu,68.2,CVCV
keko,68.2,CVCV
keku,68.2,CVCV
keva,68.2,CVCV
kevi,68.2,CVCV
kevo,68.2,CVCV
kewa,68.2,CVCV
kewe,68.2,CVCV
kewi,68.2,CVCV
kewo,68.2,CVCV
kiba,68.2,CVCV
kibi,68.2,CVCV
kibo,68.2,CVCV
kibu,68.2,CVCV
kiko,68.2,CVCV
kiku,68.2,CVCV
kisc,68.2,CVCC
kisk,68.2,CVCC
kisp,68.2,CVCC
kiva,68.2,CVCV
kivi,68.2,CVCV
kivo,68.2,CVCV
kiwa,68.2,CVCV
kiwe,68.2,CVCV
kiwi,68.2,CVCV
kiwo,68.2,CVCV
kmer,68.2,CCVC
koga,68.2,CVCV
kogi,68.2,CVCV
kogo,68.2,CVCV
koka,68.2,CVCV
koke,68.2,CVCV
koki,68.2,CVCV
kufu,68.2,CVCV
kuga,68.2,CVCV
kugi,68.2,CVCV
kugo,68.2,CVCV
kuka,68.2,CVCV
kuke,68.2,CVCV
kuki,68.2,CVCV
laci,68.2,CVCV
lacu,68.2,CVCV
ladu,68.2,CVCV
lagu,68.2,CVCV
lahu,68.2,CVCV
lalf,68.2,CVCC
lamu,68.2,CVCV
lapi,68.2,CVCV
lapo,68.2,CVCV
lapu,68.2,CVCV
lark,68.2,CVCC
lavu,68.2,CVCV
lawu,68.2,CVCV
linl,68.2,CVCC
linm,68.2,CVCC
linr,68.2,CVCC
loyi,68.2,CVCV
loyu,68.2,CVCV
ltol,68.2,CCVC
ltos,68.2,CCVC
ltot,68.2,CCVC
lula,68.2,CVCV
luta,68.2,CVCV
melt,68.2,CVCC
miji,68.2,CVCV
miya,68.2,CVCV
miye,68.2,CVCV
miyo,68.2,CVCV
moji,68.2,CVCV
moya,68.2,CVCV
moye,68.2,CVCV
moyo,68.2,CVCV
mula,68.2,CVCV
muta,68.2,CVCV
nald,68.2,CVCC
nayi,68.2,CVCV
nayu,68.2,CVCV
neam,68.2,CVVC
ngem,68.2,CCVC
nget,68.2,CCVC
niji,68.2,CVCV
niya,68.2,CVCV
niye,68.2,CVCV
niyo,68.2,CVCV
nmer,68.2,CCVC
nula,68.2,CVCV
nuta,68.2,CVCV
oanu,68.2,VVCV
oeno,68.2,VVCV
paji,68.2,CVCV
paya,68.2,CVCV
paye,68.2,CVCV
payo,68.2,CVCV
pila,68.2,CVCV
piol,68.2,CVVC
pios,68.2,CVVC
piot,68.2,CVVC
pmer,68.2,CCVC
pola,68.2,CVCV
pota,68.2,CVCV
pula,68.2,CVCV
puta,68.2,CVCV
qele,68.2,CVCV
rdas,68.2,CCVC
ricl,68.2,CVCC
rula,68.2,CVCV
ruta,68.2,CVCV
saji,68.2,CVCV
saya,68.2,CVCV
saye,68.2,CVCV
sayo,68.2,CVCV
sedl,68.2,CVCC
sedm,68.2,CVCC
sedn,68.2,CVCC
seds,68.2,CVCC
sedt,68.2,CVCC
seel,68.2,CVVC
slas,68.2,CCVC
soyi,68.2,CVCV
soyu,68.2,CVCV
sqen,68.2,CCVC
ssit,68.2,CCVC
sula,68.2,CVCV
suta,68.2,CVCV
taci,68.2,CVCV
tacu,68.2,CVCV
tadu,68.2,CVCV
tagu,68.2,CVCV
tahu,68.2,CVCV
talf,68.2,CVCC
tamu,68.2,CVCV
tapi,68.2,CVCV
tapo,68.2,CVCV
tapu,68.2,CVCV
tark,68.2,CVCC
tavu,68.2,CVCV
tawu,68.2,CVCV
teph,68.2,CVCC
tewh,68.2,CVCC
text,68.2,CVCC
tmer,68.2,CCVC
tsel,68.2,CCVC
tula,68.2,CVCV
tuta,68.2,CVCV
uanu,68.2,VVCV
ueno,68.2,VVCV
uora,68.2,VVCV
urre,68.2,VCCV
vafu,68.2,CVCV
vaga,68.2,CVCV
vagi,68.2,CVCV
vago,68.2,CVCV
vaka,68.2,CVCV
vake,68.2,CVCV
vaki,68.2,CVCV
vann,68.2,CVCC
vanx,68.2,CVCC
vifu,68.2,CVCV
viga,68.2,CVCV
vigi,68.2,CVCV
vigo,68.2,CVCV
vika,68.2,CVCV
vike,68.2,CVCV
viki,68.2,CVCV
vmer,68.2,CCVC
voga,68.2,CVCV
vogi,68.2,CVCV
vogo,68.2,CVCV
voka,68.2,CVCV
voke,68.2,CVCV
voki,68.2,CVCV
vula,68.2,CVCV
vuta,68.2,CVCV
wafu,68.2,CVCV
waga,68.2,CVCV
wagi,68.2,CVCV
wago,68.2,CVCV
waka,68.2,CVCV
wake,68.2,CVCV
waki,68.2,CVCV
wann,68.2,CVCC
wanx,68.2,CVCC
wefu,68.2,CVCV
wega,68.2,CVCV
wegi,68.2,CVCV
wego,68.2,CVCV
weka,68.2,CVCV
weke,68.2,CVCV
weki,68.2,CVCV
wifu,68.2,CVCV
wiga,68.2,CVCV
wigi,68.2,CVCV
wigo,68.2,CVCV
wika,68.2,CVCV
wike,68.2,CVCV
wiki,68.2,CVCV
wmer,68.2,CCVC
woga,68.2,CVCV
wogi,68.2,CVCV
wogo,68.2,CVCV
woka,68.2,CVCV
woke,68.2,CVCV
woki,68.2,CVCV
wrio,68.2,CCVV
wrou,68.2,CCVV
wula,68.2,CVCV
wuta,68.2,CVCV
xaes,68.2,CVVC
xies,68.2,CVVC
xiin,68.2,CVVC
xoes,68.2,CVVC
xues,68.2,CVVC
yado,68.2,CVCV
yafo,68.2,CVCV
yami,68.2,CVCV
yamo,68.2,CVCV
yapa,68.2,CVCV
yefo,68.2,CVCV
yemi,68.2,CVCV
yemo,68.2,CVCV
yepa,68.2,CVCV
yerr,68.2,CVCC
yida,68.2,CVCV
yidi,68.2,CVCV
yilo,68.2,CVCV
yish,68.2,CVCC
ymer,68.2,CCVC
yodo,68.2,CVCV
yopa,68.2,CVCV
yorb,68.2,CVCC
yorc,68.2,CVCC
yorf,68.2,CVCC
yorg,68.2,CVCC
yorp,68.2,CVCC
yorv,68.2,CVCC
yosa,68.2,CVCV
yuda,68.2,CVCV
yudi,68.2,CVCV
yulo,68.2,CVCV
yuna,68.2,CVCV
yuso,68.2,CVCV
zose,68.2,CVCV
acol,68.0,VCVC
acos,68.0,VCVC
acot,68.0,VCVC
aena,68.0,VVCV
ahhe,68.0,VCCV
anhi,68.0,VCCV
anio,68.0,VCVV
anna,68.0,VCCV
aons,68.0,VVCC
asko,68.0,VCCV
asku,68.0,VCCV
atii,68.0,VCVV
atve,68.0,VCCV
baba,68.0,CVCV
babi,68.0,CVCV
babo,68.0,CVCV
babu,68.0,CVCV
bako,68.0,CVCV
baku,68.0,CVCV
bava,68.0,CVCV
bavi,68.0,CVCV
bavo,68.0,CVCV
bawa,68.0,CVCV
bawe,68.0,CVCV
bawi,68.0,CVCV
bawo,68.0,CVCV
benn,68.0,CVCC
benx,68.0,CVCC
biba,68.0,CVCV
bibi,68.0,CVCV
bibo,68.0,CVCV
bibu,68.0,CVCV
biko,68.0,CVCV
biku,68.0,CVCV
bisc,68.0,CVCC
bisk,68.0,CVCC
bisp,68.0,CVCC
biva,68.0,CVCV
bivi,68.0,CVCV
bivo,68.0,CVCV
biwa,68.0,CVCV
biwe,68.0,CVCV
biwi,68.0,CVCV
biwo,68.0,CVCV
boba,68.0,CVCV
bobi,68.0,CVCV
bobo,68.0,CVCV
bobu,68.0,CVCV
boko,68.0,CVCV
boku,68.0,CVCV
bova,68.0,CVCV
bovi,68.0,CVCV
bovo,68.0,CVCV
bowa,68.0,CVCV
bowe,68.0,CVCV
bowi,68.0,CVCV
bowo,68.0,CVCV
buba,68.0,CVCV
bubi,68.0,CVCV
bubo,68.0,CVCV
bubu,68.0,CVCV
buko,68.0,CVCV
buku,68.0,CVCV
buva,68.0,CVCV
buvi,68.0,CVCV
buvo,68.0,CVCV
buwa,68.0,CVCV
buwe,68.0,CVCV
buwi,68.0,CVCV
buwo,68.0,CVCV
catt,68.0,CVCC
cige,68.0,CVCV
ciha,68.0,CVCV
ciho,68.0,CVCV
cinn,68.0,CVCC
cinx,68.0,CVCC
cipe,68.0,CVCV
ciss,68.0,CVCC
coqa,68.0,CVCV
coqe,68.0,CVCV
coqi,68.0,CVCV
coqo,68.0,CVCV
coqu,68.0,CVCV
cozu,68.0,CVCV
ctas,68.0,CCVC
cuge,68.0,CVCV
cuha,68.0,CVCV
cuho,68.0,CVCV
cuno,68.0,CVCV
cupe,68.0,CVCV
dalk,68.0,CVCC
dard,68.0,CVCC
doyi,68.0,CVCV
doyu,68.0,CVCV
duge,68.0,CVCV
duha,68.0,CVCV
duho,68.0,CVCV
duno,68.0,CVCV
dupe,68.0,CVCV
eala,68.0,VVCV
ecol,68.0,VCVC
ecos,68.0,VCVC
ecot,68.0,VCVC
ehhe,68.0,VCCV
enle,68.0,VCCV
eons,68.0,VVCC
eree,68.0,VCVV
esqa,68.0,VCCV
esqe,68.0,VCCV
esqi,68.0,VCCV
esqo,68.0,VCCV
esqu,68.0,VCCV
faji,68.0,CVCV
faya,68.0,CVCV
faye,68.0,CVCV
fayo,68.0,CVCV
feji,68.0,CVCV
feya,68.0,CVCV
feye,68.0,CVCV
feyo,68.0,CVCV
fiji,68.0,CVCV
fiya,68.0,CVCV
fiye,68.0,CVCV
fiyo,68.0,CVCV
foyi,68.0,CVCV
foyu,68.0,CVCV
ftas,68.0,CCVC
fuja,68.0,CVCV
fuje,68.0,CVCV
fujo,68.0,CVCV
fuju,68.0,CVCV
gaja,68.0,CVCV
gaje,68.0,CVCV
gajo,68.0,CVCV
gaju,68.0,CVCV
geci,68.0,CVCV
gecu,68.0,CVCV
gegu,68.0,CVCV
gehu,68.0,CVCV
gemu,68.0,CVCV
gepi,68.0,CVCV
gepo,68.0,CVCV
gepu,68.0,CVCV
getu,68.0,CVCV
gevu,68.0,CVCV
gewu,68.0,CVCV
ghio,68.0,CCVV
gija,68.0,CVCV
gije,68.0,CVCV
gijo,68.0,CVCV
giju,68.0,CVCV
gisw,68.0,CVCC
goja,68.0,CVCV
goje,68.0,CVCV
gojo,68.0,CVCV
goju,68.0,CVCV
guge,68.0,CVCV
guha,68.0,CVCV
guho,68.0,CVCV
guno,68.0,CVCV
gupe,68.0,CVCV
haci,68.0,CVCV
hacu,68.0,CVCV
hadu,68.0,CVCV
hagu,68.0,CVCV
hahu,68.0,CVCV
half,68.0,CVCC
hamu,68.0,CVCV
hapi,68.0,CVCV
hapo,68.0,CVCV
hapu,68.0,CVCV
hark,68.0,CVCC
havu,68.0,CVCV
hawu,68.0,CVCV
hedq,68.0,CVCC
hedx,68.0,CVCC
hedz,68.0,CVCC
henq,68.0,CVCC
henz,68.0,CVCC
herq,68.0,CVCC
herx,68.0,CVCC
herz,68.0,CVCC
hesx,68.0,CVCC
hesz,68.0,CVCC
hiob,68.0,CVVC
hioc,68.0,CVVC
hiod,68.0,CVVC
hiog,68.0,CVVC
hioh,68.0,CVVC
hioj,68.0,CVVC
hiok,68.0,CVVC
hiop,68.0,CVVC
hiov,68.0,CVVC
hiow,68.0,CVVC
hioy,68.0,CVVC
hoci,68.0,CVCV
hocu,68.0,CVCV
hodu,68.0,CVCV
hogu,68.0,CVCV
hohu,68.0,CVCV
holu,68.0,CVCV
honn,68.0,CVCC
honx,68.0,CVCC
hopi,68.0,CVCV
hopo,68.0,CVCV
hopu,68.0,CVCV
hosu,68.0,CVCV
hotu,68.0,CVCV
hovu,68.0,CVCV
howu,68.0,CVCV
huge,68.0,CVCV
huha,68.0,CVCV
huho,68.0,CVCV
huno,68.0,CVCV
hupe,68.0,CVCV
icam,68.0,VCVC
icur,68.0,VCVC
iena,68.0,VVCV
ihhe,68.0,VCCV
inro,68.0,VCCV
irse,68.0,VCCV
itia,68.0,VCVV
itie,68.0,VCVV
itiu,68.0,VCVV
jafu,68.0,CVCV
jaga,68.0,CVCV
jagi,68.0,CVCV
jago,68.0,CVCV
jaka,68.0,CVCV
jake,68.0,CVCV
jaki,68.0,CVCV
jann,68.0,CVCC
janx,68.0,CVCC
jefu,68.0,CVCV
jega,68.0,CVCV
jegi,68.0,CVCV
jego,68.0,CVCV
jeka,68.0,CVCV
jeke,68.0,CVCV
jeki,68.0,CVCV
jifa,68.0,CVCV
jife,68.0,CVCV
jifi,68.0,CVCV
joga,68.0,CVCV
jogi,68.0,CVCV
jogo,68.0,CVCV
joka,68.0,CVCV
joke,68.0,CVCV
joki,68.0,CVCV
jufu,68.0,CVCV
juga,68.0,CVCV
jugi,68.0,CVCV
jugo,68.0,CVCV
juka,68.0,CVCV
juke,68.0,CVCV
juki,68.0,CVCV
kaja,68.0,CVCV
kaje,68.0,CVCV
kajo,68.0,CVCV
kaju,68.0,CVCV
keja,68.0,CVCV
keje,68.0,CVCV
kejo,68.0,CVCV
keju,68.0,CVCV
kija,68.0,CVCV
kije,68.0,CVCV
kijo,68.0,CVCV
kiju,68.0,CVCV
kisw,68.0,CVCC
koba,68.0,CVCV
kobi,68.0,CVCV
kobo,68.0,CVCV
kobu,68.0,CVCV
koko,68.0,CVCV
koku,68.0,CVCV
kova,68.0,CVCV
kovi,68.0,CVCV
kovo,68.0,CVCV
kowa,68.0,CVCV
kowe,68.0,CVCV
kowi,68.0,CVCV
kowo,68.0,CVCV
kuba,68.0,CVCV
kubi,68.0,CVCV
kubo,68.0,CVCV
kubu,68.0,CVCV
kuko,68.0,CVCV
kuku,68.0,CVCV
kuva,68.0,CVCV
kuvi,68.0,CVCV
kuvo,68.0,CVCV
kuwa,68.0,CVCV
kuwe,68.0,CVCV
kuwi,68.0,CVCV
kuwo,68.0,CVCV
ldas,68.0,CCVC
luge,68.0,CVCV
luha,68.0,CVCV
luho,68.0,CVCV
luno,68.0,CVCV
lupe,68.0,CVCV
malb,68.0,CVCC
malc,68.0,CVCC
malp,68.0,CVCC
mels,68.0,CVCC
meza,68.0,CVCV
meze,68.0,CVCV
mezi,68.0,CVCV
mezo,68.0,CVCV
mitw,68.0,CVCC
miyi,68.0,CVCV
miyu,68.0,CVCV
mman,68.0,CCVC
moyi,68.0,CVCV
moyu,68.0,CVCV
muge,68.0,CVCV
muha,68.0,CVCV
muho,68.0,CVCV
muno,68.0,CVCV
mupe,68.0,CVCV
nalk,68.0,CVCC
nard,68.0,CVCC
ndof,68.0,CCVC
need,68.0,CVVC
nitw,68.0,CVCC
niyi,68.0,CVCV
niyu,68.0,CVCV
noci,68.0,CVCV
nocu,68.0,CVCV
nodu,68.0,CVCV
nogu,68.0,CVCV
nohu,68.0,CVCV
nolu,68.0,CVCV
nonn,68.0,CVCC
nonx,68.0,CVCC
nopi,68.0,CVCV
nopo,68.0,CVCV
nopu,68.0,CVCV
nosu,68.0,CVCV
notu,68.0,CVCV
novu,68.0,CVCV
nowu,68.0,CVCV
ntib,68.0,CCVC
ntid,68.0,CCVC
ntif,68.0,CCVC
ntig,68.0,CCVC
ntih,68.0,CCVC
ntii,68.0,CCVV
ntij,68.0,CCVC
ntik,68.0,CCVC
ntip,68.0,CCVC
ntiv,68.0,CCVC
ntiw,68.0,CCVC
ntiy,68.0,CCVC
nuge,68.0,CVCV
nuha,68.0,CVCV
nuho,68.0,CVCV
nuno,68.0,CVCV
nupe,68.0,CVCV
ocol,68.0,VCVC
ocos,68.0,VCVC
ocot,68.0,VCVC
oena,68.0,VVCV
ohhe,68.0,VCCV
oree,68.0,VCVV
oust,68.0,VVCC
pald,68.0,CVCC
payi,68.0,CVCV
payu,68.0,CVCV
peci,68.0,CVCV
pecu,68.0,CVCV
pegu,68.0,CVCV
pehu,68.0,CVCV
pemu,68.0,CVCV
pepi,68.0,CVCV
pepo,68.0,CVCV
pepu,68.0,CVCV
petu,68.0,CVCV
pevu,68.0,CVCV
pewu,68.0,CVCV
phas,68.0,CCVC
pheq,68.0,CCVC
phex,68.0,CCVC
phez,68.0,CCVC
pige,68.0,CVCV
piha,68.0,CVCV
piho,68.0,CVCV
pinn,68.0,CVCC
pinx,68.0,CVCC
pipe,68.0,CVCV
piss,68.0,CVCC
poge,68.0,CVCV
poha,68.0,CVCV
poho,68.0,CVCV
pope,68.0,CVCV
puge,68.0,CVCV
puha,68.0,CVCV
puho,68.0,CVCV
puno,68.0,CVCV
pupe,68.0,CVCV
qaes,68.0,CVVC
qhen,68.0,CCVC
qher,68.0,CCVC
qhes,68.0,CCVC
qies,68.0,CVVC
qiin,68.0,CVVC
qoes,68.0,CVVC
qren,68.0,CCVC
qrer,68.0,CCVC
qres,68.0,CCVC
qter,68.0,CCVC
qtin,68.0,CCVC
ques,68.0,CVVC
renq,68.0,CVCC
renz,68.0,CVCC
rerq,68.0,CVCC
rerx,68.0,CVCC
rerz,68.0,CVCC
resx,68.0,CVCC
resz,68.0,CVCC
rnas,68.0,CCVC
rnof,68.0,CCVC
rron,68.0,CCVC
ruge,68.0,CVCV
ruha,68.0,CVCV
ruho,68.0,CVCV
runo,68.0,CVCV
rupe,68.0,CVCV
sald,68.0,CVCC
sayi,68.0,CVCV
sayu,68.0,CVCV
suge,68.0,CVCV
suha,68.0,CVCV
suho,68.0,CVCV
suno,68.0,CVCV
supe,68.0,CVCV
terq,68.0,CVCC
terx,68.0,CVCC
terz,68.0,CVCC
tetw,68.0,CVCC
thuq,68.0,CCVC
thux,68.0,CCVC
thuz,68.0,CCVC
tinq,68.0,CVCC
tinz,68.0,CVCC
titb,68.0,CVCC
titc,68.0,CVCC
titd,68.0,CVCC
titf,68.0,CVCC
titg,68.0,CVCC
titj,68.0,CVCC
titk,68.0,CVCC
titp,68.0,CVCC
titv,68.0,CVCC
tity,68.0,CVCC
tonb,68.0,CVCC
tonf,68.0,CVCC
tonh,68.0,CVCC
tonj,68.0,CVCC
tonp,68.0,CVCC
tonv,68.0,CVCC
tonw,68.0,CVCC
tony,68.0,CVCC
tuge,68.0,CVCV
tuha,68.0,CVCV
tuho,68.0,CVCV
tuno,68.0,CVCV
tupe,68.0,CVCV
ucol,68.0,VCVC
ucos,68.0,VCVC
ucot,68.0,VCVC
uena,68.0,VVCV
uhhe,68.0,VCCV
unel,68.0,VCVC
uons,68.0,VVCC
uram,68.0,VCVC
vaba,68.0,CVCV
vabi,68.0,CVCV
vabo,68.0,CVCV
vabu,68.0,CVCV
vako,68.0,CVCV
vaku,68.0,CVCV
vava,68.0,CVCV
vavi,68.0,CVCV
vavo,68.0,CVCV
vawa,68.0,CVCV
vawe,68.0,CVCV
vawi,68.0,CVCV
vawo,68.0,CVCV
viba,68.0,CVCV
vibi,68.0,CVCV
vibo,68.0,CVCV
vibu,68.0,CVCV
viko,68.0,CVCV
viku,68.0,CVCV
visc,68.0,CVCC
visk,68.0,CVCC
visp,68.0,CVCC
viva,68.0,CVCV
vivi,68.0,CVCV
vivo,68.0,CVCV
viwa,68.0,CVCV
viwe,68.0,CVCV
viwi,68.0,CVCV
viwo,68.0,CVCV
voba,68.0,CVCV
vobi,68.0,CVCV
vobo,68.0,CVCV
vobu,68.0,CVCV
voko,68.0,CVCV
voku,68.0,CVCV
vova,68.0,CVCV
vovi,68.0,CVCV
vovo,68.0,CVCV
vowa,68.0,CVCV
vowe,68.0,CVCV
vowi,68.0,CVCV
vowo,68.0,CVCV
vuge,68.0,CVCV
vuha,68.0,CVCV
vuho,68.0,CVCV
vuno,68.0,CVCV
vupe,68.0,CVCV
waba,68.0,CVCV
wabi,68.0,CVCV
wabo,68.0,CVCV
wabu,68.0,CVCV
wako,68.0,CVCV
waku,68.0,CVCV
wava,68.0,CVCV
wavi,68.0,CVCV
wavo,68.0,CVCV
wawa,68.0,CVCV
wawe,68.0,CVCV
wawi,68.0,CVCV
wawo,68.0,CVCV
weba,68.0,CVCV
webi,68.0,CVCV
webo,68.0,CVCV
webu,68.0,CVCV
weko,68.0,CVCV
weku,68.0,CVCV
weva,68.0,CVCV
wevi,68.0,CVCV
wevo,68.0,CVCV
wewa,68.0,CVCV
wewe,68.0,CVCV
wewi,68.0,CVCV
wewo,68.0,CVCV
whas,68.0,CCVC
wheq,68.0,CCVC
whex,68.0,CCVC
whez,68.0,CCVC
wiba,68.0,CVCV
wibi,68.0,CVCV
wibo,68.0,CVCV
wibu,68.0,CVCV
wiko,68.0,CVCV
wiku,68.0,CVCV
wisc,68.0,CVCC
wisk,68.0,CVCC
wisp,68.0,CVCC
wiva,68.0,CVCV
wivi,68.0,CVCV
wivo,68.0,CVCV
wiwa,68.0,CVCV
wiwe,68.0,CVCV
wiwi,68.0,CVCV
wiwo,68.0,CVCV
woba,68.0,CVCV
wobi,68.0,CVCV
wobo,68.0,CVCV
wobu,68.0,CVCV
woko,68.0,CVCV
woku,68.0,CVCV
wova,68.0,CVCV
wovi,68.0,CVCV
wovo,68.0,CVCV
wowa,68.0,CVCV
wowe,68.0,CVCV
wowi,68.0,CVCV
wowo,68.0,CVCV
wuge,68.0,CVCV
wuha,68.0,CVCV
wuho,68.0,CVCV
wuno,68.0,CVCV
wupe,68.0,CVCV
xhen,68.0,CCVC
xher,68.0,CCVC
xhes,68.0,CCVC
xose,68.0,CVCV
xren,68.0,CCVC
xrer,68.0,CCVC
xres,68.0,CCVC
xuse,68.0,CVCV
yafa,68.0,CVCV
yafe,68.0,CVCV
yafi,68.0,CVCV
yefa,68.0,CVCV
yefe,68.0,CVCV
yefi,68.0,CVCV
yido,68.0,CVCV
yifo,68.0,CVCV
yimi,68.0,CVCV
yimo,68.0,CVCV
yipa,68.0,CVCV
yudo,68.0,CVCV
yufo,68.0,CVCV
yumi,68.0,CVCV
yumo,68.0,CVCV
yuni,68.0,CVCV
yupa,68.0,CVCV
yusa,68.0,CVCV
zaor,68.0,CVVC
zats,68.0,CVCC
zeer,68.0,CVVC
zeor,68.0,CVVC
zhen,68.0,CCVC
zher,68.0,CCVC
zhes,68.0,CCVC
zren,68.0,CCVC
zrer,68.0,CCVC
zres,68.0,CCVC
zter,68.0,CCVC
ztin,68.0,CCVC
zues,68.0,CVVC
aane,67.8,VVCV
aeni,67.8,VVCV
aire,67.8,VVCV
anni,67.8,VCCV
aroq,67.8,VCVC
arox,67.8,VCVC
aroz,67.8,VCVC
arub,67.8,VCVC
aruc,67.8,VCVC
arud,67.8,VCVC
aruf,67.8,VCVC
arug,67.8,VCVC
aruh,67.8,VCVC
aruj,67.8,VCVC
aruk,67.8,VCVC
arup,67.8,VCVC
aruv,67.8,VCVC
aruw,67.8,VCVC
aruy,67.8,VCVC
ashu,67.8,VCCV
aswa,67.8,VCCV
aswe,67.8,VCCV
aswi,67.8,VCCV
aswo,67.8,VCCV
baja,67.8,CVCV
baje,67.8,CVCV
bajo,67.8,CVCV
baju,67.8,CVCV
bder,67.8,CCVC
bhin,67.8,CCVC
bija,67.8,CVCV
bije,67.8,CVCV
bijo,67.8,CVCV
biju,67.8,CVCV
bisw,67.8,CVCC
blof,67.8,CCVC
boja,67.8,CVCV
boje,67.8,CVCV
bojo,67.8,CVCV
boju,67.8,CVCV
bses,67.8,CCVC
buja,67.8,CVCV
buje,67.8,CVCV
bujo,67.8,CVCV
buju,67.8,CVCV
cder,67.8,CCVC
ceam,67.8,CVVC
cida,67.8,CVCV
cidi,67.8,CVCV
cilo,67.8,CVCV
cish,67.8,CVCC
clof,67.8,CCVC
cses,67.8,CCVC
ctol,67.8,CCVC
ctos,67.8,CCVC
ctot,67.8,CCVC
cuda,67.8,CVCV
cudi,67.8,CVCV
culo,67.8,CVCV
cuna,67.8,CVCV
cuso,67.8,CVCV
daci,67.8,CVCV
dacu,67.8,CVCV
dadu,67.8,CVCV
dagu,67.8,CVCV
dahu,67.8,CVCV
dalf,67.8,CVCC
damu,67.8,CVCV
dapi,67.8,CVCV
dapo,67.8,CVCV
dapu,67.8,CVCV
dark,67.8,CVCC
davu,67.8,CVCV
dawu,67.8,CVCV
ddin,67.8,CCVC
delt,67.8,CVCC
dhin,67.8,CCVC
didu,67.8,CVCV
digu,67.8,CVCV
dihu,67.8,CVCV
dilu,67.8,CVCV
dimu,67.8,CVCV
dipi,67.8,CVCV
dipo,67.8,CVCV
dipu,67.8,CVCV
diru,67.8,CVCV
divu,67.8,CVCV
diwu,67.8,CVCV
dses,67.8,CCVC
duda,67.8,CVCV
dudi,67.8,CVCV
dulo,67.8,CVCV
duna,67.8,CVCV
duso,67.8,CVCV
eire,67.8,VVCV
enne,67.8,VCCV
fald,67.8,CVCC
fayi,67.8,CVCV
fayu,67.8,CVCV
fder,67.8,CCVC
fedw,67.8,CVCC
feyi,67.8,CVCV
feyu,67.8,CVCV
fhin,67.8,CCVC
fitw,67.8,CVCC
fiyi,67.8,CVCV
fiyu,67.8,CVCV
flof,67.8,CCVC
fses,67.8,CCVC
ftol,67.8,CCVC
ftos,67.8,CCVC
ftot,67.8,CCVC
fuji,67.8,CVCV
fuya,67.8,CVCV
fuye,67.8,CVCV
fuyo,67.8,CVCV
gaji,67.8,CVCV
gaya,67.8,CVCV
gaye,67.8,CVCV
gayo,67.8,CVCV
gder,67.8,CCVC
giji,67.8,CVCV
giya,67.8,CVCV
giye,67.8,CVCV
giyo,67.8,CVCV
goji,67.8,CVCV
goya,67.8,CVCV
goye,67.8,CVCV
goyo,67.8,CVCV
gses,67.8,CCVC
guda,67.8,CVCV
gudi,67.8,CVCV
gulo,67.8,CVCV
guna,67.8,CVCV
guso,67.8,CVCV
hder,67.8,CCVC
hses,67.8,CCVC
huda,67.8,CVCV
hudi,67.8,CVCV
hulo,67.8,CVCV
huna,67.8,CVCV
huso,67.8,CVCV
iase,67.8,VVCV
ieni,67.8,VVCV
iise,67.8,VVCV
ilse,67.8,VCCV
jaba,67.8,CVCV
jabi,67.8,CVCV
jabo,67.8,CVCV
jabu,67.8,CVCV
jako,67.8,CVCV
jaku,67.8,CVCV
java,67.8,CVCV
javi,67.8,CVCV
javo,67.8,CVCV
jawa,67.8,CVCV
jawe,67.8,CVCV
jawi,67.8,CVCV
jawo,67.8,CVCV
jder,67.8,CCVC
jeba,67.8,CVCV
jebi,67.8,CVCV
jebo,67.8,CVCV
jebu,67.8,CVCV
jeko,67.8,CVCV
jeku,67.8,CVCV
jeva,67.8,CVCV
jevi,67.8,CVCV
jevo,67.8,CVCV
jewa,67.8,CVCV
jewe,67.8,CVCV
jewi,67.8,CVCV
jewo,67.8,CVCV
jhin,67.8,CCVC
jifu,67.8,CVCV
jiga,67.8,CVCV
jigi,67.8,CVCV
jigo,67.8,CVCV
jika,67.8,CVCV
jike,67.8,CVCV
jiki,67.8,CVCV
joba,67.8,CVCV
jobi,67.8,CVCV
jobo,67.8,CVCV
jobu,67.8,CVCV
joko,67.8,CVCV
joku,67.8,CVCV
jova,67.8,CVCV
jovi,67.8,CVCV
jovo,67.8,CVCV
jowa,67.8,CVCV
jowe,67.8,CVCV
jowi,67.8,CVCV
jowo,67.8,CVCV
jses,67.8,CCVC
juba,67.8,CVCV
jubi,67.8,CVCV
jubo,67.8,CVCV
jubu,67.8,CVCV
juko,67.8,CVCV
juku,67.8,CVCV
juva,67.8,CVCV
juvi,67.8,CVCV
juvo,67.8,CVCV
juwa,67.8,CVCV
juwe,67.8,CVCV
juwi,67.8,CVCV
juwo,67.8,CVCV
kaji,67.8,CVCV
kaya,67.8,CVCV
kaye,67.8,CVCV
kayo,67.8,CVCV
kder,67.8,CCVC
keji,67.8,CVCV
keya,67.8,CVCV
keye,67.8,CVCV
keyo,67.8,CVCV
khin,67.8,CCVC
kiji,67.8,CVCV
kiya,67.8,CVCV
kiye,67.8,CVCV
kiyo,67.8,CVCV
koja,67.8,CVCV
koje,67.8,CVCV
kojo,67.8,CVCV
koju,67.8,CVCV
kses,67.8,CCVC
kuja,67.8,CVCV
kuje,67.8,CVCV
kujo,67.8,CVCV
kuju,67.8,CVCV
latt,67.8,CVCC
leil,67.8,CVVC
leim,67.8,CVVC
leir,67.8,CVVC
leol,67.8,CVVC
leos,67.8,CVVC
leot,67.8,CVVC
lesr,67.8,CVCC
leul,67.8,CVVC
leum,67.8,CVVC
leun,67.8,CVVC
leus,67.8,CVVC
leut,67.8,CVVC
lhin,67.8,CCVC
loci,67.8,CVCV
locu,67.8,CVCV
lodu,67.8,CVCV
logu,67.8,CVCV
lohu,67.8,CVCV
lolu,67.8,CVCV
lonn,67.8,CVCC
lonx,67.8,CVCC
lopi,67.8,CVCV
lopo,67.8,CVCV
lopu,67.8,CVCV
losu,67.8,CVCV
lotu,67.8,CVCV
lovu,67.8,CVCV
lowu,67.8,CVCV
luda,67.8,CVCV
ludi,67.8,CVCV
lulo,67.8,CVCV
luna,67.8,CVCV
luso,67.8,CVCV
maas,67.8,CVVC
mder,67.8,CCVC
melm,67.8,CVCC
menl,67.8,CVCC
menm,67.8,CVCC
menr,67.8,CVCC
mexa,67.8,CVCV
mexe,67.8,CVCV
mexi,67.8,CVCV
mexo,67.8,CVCV
mexu,67.8,CVCV
mhin,67.8,CCVC
mpas,67.8,CCVC
mses,67.8,CCVC
muda,67.8,CVCV
mudi,67.8,CVCV
mulo,67.8,CVCV
muna,67.8,CVCV
muso,67.8,CVCV
naci,67.8,CVCV
nacu,67.8,CVCV
nadu,67.8,CVCV
nagu,67.8,CVCV
nahu,67.8,CVCV
nalf,67.8,CVCC
namu,67.8,CVCV
napi,67.8,CVCV
napo,67.8,CVCV
napu,67.8,CVCV
nark,67.8,CVCC
navu,67.8,CVCV
nawu,67.8,CVCV
nhin,67.8,CCVC
nsem,67.8,CCVC
nset,67.8,CCVC
nsio,67.8,CCVV
nuda,67.8,CVCV
nudi,67.8,CVCV
nulo,67.8,CVCV
nuna,67.8,CVCV
nuso,67.8,CVCV
oase,67.8,VVCV
oeni,67.8,VVCV
oire,67.8,VVCV
olse,67.8,VCCV
palk,67.8,CVCC
pard,67.8,CVCC
pder,67.8,CCVC
phof,67.8,CCVC
pida,67.8,CVCV
pidi,67.8,CVCV
pilo,67.8,CVCV
pish,67.8,CVCC
plof,67.8,CCVC
poda,67.8,CVCV
podi,67.8,CVCV
polo,67.8,CVCV
poso,67.8,CVCV
pses,67.8,CCVC
ptas,67.8,CCVC
puda,67.8,CVCV
pudi,67.8,CVCV
pulo,67.8,CVCV
puna,67.8,CVCV
puso,67.8,CVCV
qose,67.8,CVCV
quse,67.8,CVCV
ranl,67.8,CVCC
ranm,67.8,CVCC
ranr,67.8,CVCC
rdof,67.8,CCVC
rhin,67.8,CCVC
rict,67.8,CVCC
riel,67.8,CVVC
riur,67.8,CVVC
rmas,67.8,CCVC
rsas,67.8,CCVC
rsof,67.8,CCVC
rtib,67.8,CCVC
rtid,67.8,CCVC
rtif,67.8,CCVC
rtig,67.8,CCVC
rtih,67.8,CCVC
rtii,67.8,CCVV
rtij,67.8,CCVC
rtik,67.8,CCVC
rtip,67.8,CCVC
rtiv,67.8,CCVC
rtiw,67.8,CCVC
rtiy,67.8,CCVC
ruda,67.8,CVCV
rudi,67.8,CVCV
rulo,67.8,CVCV
runa,67.8,CVCV
ruso,67.8,CVCV
salk,67.8,CVCC
sard,67.8,CVCC
sder,67.8,CCVC
sets,67.8,CVCC
soci,67.8,CVCV
socu,67.8,CVCV
sodu,67.8,CVCV
sogu,67.8,CVCV
sohu,67.8,CVCV
solu,67.8,CVCV
sonn,67.8,CVCC
sonx,67.8,CVCC
sopi,67.8,CVCV
sopo,67.8,CVCV
sopu,67.8,CVCV
sosu,67.8,CVCV
sotu,67.8,CVCV
sovu,67.8,CVCV
sowu,67.8,CVCV
suda,67.8,CVCV
sudi,67.8,CVCV
sulo,67.8,CVCV
suna,67.8,CVCV
suso,67.8,CVCV
tatt,67.8,CVCC
tder,67.8,CCVC
toff,67.8,CVCC
tuda,67.8,CVCV
tudi,67.8,CVCV
tulo,67.8,CVCV
tuna,67.8,CVCV
tuso,67.8,CVCV
uase,67.8,VVCV
ueni,67.8,VVCV
uire,67.8,VVCV
ulse,67.8,VCCV
vaja,67.8,CVCV
vaje,67.8,CVCV
vajo,67.8,CVCV
vaju,67.8,CVCV
vder,67.8,CCVC
vhin,67.8,CCVC
vija,67.8,CVCV
vije,67.8,CVCV
vijo,67.8,CVCV
viju,67.8,CVCV
visw,67.8,CVCC
voja,67.8,CVCV
voje,67.8,CVCV
vojo,67.8,CVCV
voju,67.8,CVCV
vses,67.8,CCVC
vuda,67.8,CVCV
vudi,67.8,CVCV
vulo,67.8,CVCV
vuna,67.8,CVCV
vuso,67.8,CVCV
waja,67.8,CVCV
waje,67.8,CVCV
wajo,67.8,CVCV
waju,67.8,CVCV
wder,67.8,CCVC
weja,67.8,CVCV
weje,67.8,CVCV
wejo,67.8,CVCV
weju,67.8,CVCV
whof,67.8,CCVC
wija,67.8,CVCV
wije,67.8,CVCV
wijo,67.8,CVCV
wiju,67.8,CVCV
wisw,67.8,CVCC
woja,67.8,CVCV
woje,67.8,CVCV
wojo,67.8,CVCV
woju,67.8,CVCV
wses,67.8,CCVC
wuda,67.8,CVCV
wudi,67.8,CVCV
wulo,67.8,CVCV
wuna,67.8,CVCV
wuso,67.8,CVCV
xaor,67.8,CVVC
xats,67.8,CVCC
xeer,67.8,CVVC
xeor,67.8,CVVC
xtat,67.8,CCVC
xtof,67.8,CCVC
xuor,67.8,CVVC
yafu,67.8,CVCV
yaga,67.8,CVCV
yagi,67.8,CVCV
yago,67.8,CVCV
yaka,67.8,CVCV
yake,67.8,CVCV
yaki,67.8,CVCV
yann,67.8,CVCC
yanx,67.8,CVCC
yder,67.8,CCVC
yefu,67.8,CVCV
yega,67.8,CVCV
yegi,67.8,CVCV
yego,67.8,CVCV
yeka,67.8,CVCV
yeke,67.8,CVCV
yeki,67.8,CVCV
yhin,67.8,CCVC
yifa,67.8,CVCV
yife,67.8,CVCV
yifi,67.8,CVCV
yoga,67.8,CVCV
yogi,67.8,CVCV
yogo,67.8,CVCV
yoka,67.8,CVCV
yoke,67.8,CVCV
yoki,67.8,CVCV
yses,67.8,CCVC
yufa,67.8,CVCV
yufe,67.8,CVCV
yufi,67.8,CVCV
zuse,67.8,CVCV
acel,67.6,VCVC
aerl,67.6,VVCC
aerm,67.6,VVCC
aesi,67.6,VVCV
amem,67.6,VCVC
amet,67.6,VCVC
anri,67.6,VCCV
aont,67.6,VVCC
asib,67.6,VCVC
asid,67.6,VCVC
asif,67.6,VCVC
asig,67.6,VCVC
asih,67.6,VCVC
asij,67.6,VCVC
asik,67.6,VCVC
asip,67.6,VCVC
asiv,67.6,VCVC
asiw,67.6,VCVC
asiy,67.6,VCVC
atco,67.6,VCCV
atoa,67.6,VCVV
atoe,67.6,VCVV
atoi,67.6,VCVV
baji,67.6,CVCV
baya,67.6,CVCV
baye,67.6,CVCV
bayo,67.6,CVCV
biji,67.6,CVCV
biya,67.6,CVCV
biye,67.6,CVCV
biyo,67.6,CVCV
blea,67.6,CCVV
blio,67.6,CCVV
boji,67.6,CVCV
boya,67.6,CVCV
boye,67.6,CVCV
boyo,67.6,CVCV
buji,67.6,CVCV
buya,67.6,CVCV
buye,67.6,CVCV
buyo,67.6,CVCV
calb,67.6,CVCC
calc,67.6,CVCC
calp,67.6,CVCC
ccan,67.6,CCVC
ccor,67.6,CCVC
ceed,67.6,CVVC
cido,67.6,CVCV
cifo,67.6,CVCV
cimi,67.6,CVCV
cimo,67.6,CVCV
cipa,67.6,CVCV
ckas,67.6,CCVC
clea,67.6,CCVV
clio,67.6,CCVV
cudo,67.6,CVCV
cufo,67.6,CVCV
cumi,67.6,CVCV
cumo,67.6,CVCV
cuni,67.6,CVCV
cupa,67.6,CVCV
cusa,67.6,CVCV
dels,67.6,CVCC
deza,67.6,CVCV
deze,67.6,CVCV
dezi,67.6,CVCV
dezo,67.6,CVCV
doci,67.6,CVCV
docu,67.6,CVCV
dodu,67.6,CVCV
dogu,67.6,CVCV
dohu,67.6,CVCV
dolu,67.6,CVCV
donn,67.6,CVCC
donx,67.6,CVCC
dopi,67.6,CVCV
dopo,67.6,CVCV
dopu,67.6,CVCV
dosu,67.6,CVCV
dotu,67.6,CVCV
dovu,67.6,CVCV
dowu,67.6,CVCV
dudo,67.6,CVCV
dufo,67.6,CVCV
dumi,67.6,CVCV
dumo,67.6,CVCV
duni,67.6,CVCV
dupa,67.6,CVCV
dusa,67.6,CVCV
ealo,67.6,VVCV
ecel,67.6,VCVC
elil,67.6,VCVC
elim,67.6,VCVC
elir,67.6,VCVC
emem,67.6,VCVC
emet,67.6,VCVC
enve,67.6,VCCV
eont,67.6,VVCC
falk,67.6,CVCC
fard,67.6,CVCC
flea,67.6,CCVV
flio,67.6,CCVV
foci,67.6,CVCV
focu,67.6,CVCV
fodu,67.6,CVCV
fogu,67.6,CVCV
fohu,67.6,CVCV
folu,67.6,CVCV
fonn,67.6,CVCC
fonx,67.6,CVCC
fopi,67.6,CVCV
fopo,67.6,CVCV
fopu,67.6,CVCV
fosu,67.6,CVCV
fotu,67.6,CVCV
fovu,67.6,CVCV
fowu,67.6,CVCV
fuyi,67.6,CVCV
fuyu,67.6,CVCV
gald,67.6,CVCC
gayi,67.6,CVCV
gayu,67.6,CVCV
gger,67.6,CCVC
gitw,67.6,CVCC
giyi,67.6,CVCV
giyu,67.6,CVCV
glof,67.6,CCVC
goyi,67.6,CVCV
goyu,67.6,CVCV
gudo,67.6,CVCV
gufo,67.6,CVCV
gumi,67.6,CVCV
gumo,67.6,CVCV
guni,67.6,CVCV
gupa,67.6,CVCV
gusa,67.6,CVCV
hatt,67.6,CVCC
hudo,67.6,CVCV
hufo,67.6,CVCV
humi,67.6,CVCV
humo,67.6,CVCV
huni,67.6,CVCV
hupa,67.6,CVCV
husa,67.6,CVCV
ierl,67.6,VVCC
ierm,67.6,VVCC
iesi,67.6,VVCV
imem,67.6,VCVC
imet,67.6,VCVC
inra,67.6,VCCV
iost,67.6,VVCC
isiq,67.6,VCVC
isix,67.6,VCVC
isiz,67.6,VCVC
jaja,67.6,CVCV
jaje,67.6,CVCV
jajo,67.6,CVCV
jaju,67.6,CVCV
jeja,67.6,CVCV
jeje,67.6,CVCV
jejo,67.6,CVCV
jeju,67.6,CVCV
jiba,67.6,CVCV
jibi,67.6,CVCV
jibo,67.6,CVCV
jibu,67.6,CVCV
jiko,67.6,CVCV
jiku,67.6,CVCV
jisc,67.6,CVCC
jisk,67.6,CVCC
jisp,67.6,CVCC
jiva,67.6,CVCV
jivi,67.6,CVCV
jivo,67.6,CVCV
jiwa,67.6,CVCV
jiwe,67.6,CVCV
jiwi,67.6,CVCV
jiwo,67.6,CVCV
joja,67.6,CVCV
joje,67.6,CVCV
jojo,67.6,CVCV
joju,67.6,CVCV
juja,67.6,CVCV
juje,67.6,CVCV
jujo,67.6,CVCV
juju,67.6,CVCV
kald,67.6,CVCC
kayi,67.6,CVCV
kayu,67.6,CVCV
kedw,67.6,CVCC
keyi,67.6,CVCV
keyu,67.6,CVCV
kitw,67.6,CVCC
kiyi,67.6,CVCV
kiyu,67.6,CVCV
koji,67.6,CVCV
koya,67.6,CVCV
koye,67.6,CVCV
koyo,67.6,CVCV
kuji,67.6,CVCV
kuya,67.6,CVCV
kuye,67.6,CVCV
kuyo,67.6,CVCV
lced,67.6,CCVC
ldof,67.6,CCVC
lsas,67.6,CCVC
lsof,67.6,CCVC
ltib,67.6,CCVC
ltid,67.6,CCVC
ltif,67.6,CCVC
ltig,67.6,CCVC
ltih,67.6,CCVC
ltii,67.6,CCVV
ltij,67.6,CCVC
ltik,67.6,CCVC
ltip,67.6,CCVC
ltiv,67.6,CCVC
ltiw,67.6,CCVC
ltiy,67.6,CCVC
ludo,67.6,CVCV
lufo,67.6,CVCV
lumi,67.6,CVCV
lumo,67.6,CVCV
luni,67.6,CVCV
lupa,67.6,CVCV
lusa,67.6,CVCV
marb,67.6,CVCC
marc,67.6,CVCC
marf,67.6,CVCC
marg,67.6,CVCC
marp,67.6,CVCC
marv,67.6,CVCC
meln,67.6,CVCC
meqa,67.6,CVCV
meqe,67.6,CVCV
meqi,67.6,CVCV
meqo,67.6,CVCV
mequ,67.6,CVCV
mezu,67.6,CVCV
midu,67.6,CVCV
migu,67.6,CVCV
mihu,67.6,CVCV
milu,67.6,CVCV
mimu,67.6,CVCV
mipi,67.6,CVCV
mipo,67.6,CVCV
mipu,67.6,CVCV
miru,67.6,CVCV
mivu,67.6,CVCV
miwu,67.6,CVCV
mmes,67.6,CCVC
mmin,67.6,CCVC
moci,67.6,CVCV
mocu,67.6,CVCV
modu,67.6,CVCV
mogu,67.6,CVCV
mohu,67.6,CVCV
molu,67.6,CVCV
monn,67.6,CVCC
monx,67.6,CVCC
mopi,67.6,CVCV
mopo,67.6,CVCV
mopu,67.6,CVCV
mosu,67.6,CVCV
motu,67.6,CVCV
movu,67.6,CVCV
mowu,67.6,CVCV
mped,67.6,CCVC
mudo,67.6,CVCV
mufo,67.6,CVCV
mumi,67.6,CVCV
mumo,67.6,CVCV
muni,67.6,CVCV
mupa,67.6,CVCV
musa,67.6,CVCV
nced,67.6,CCVC
nesq,67.6,CVCC
nidu,67.6,CVCV
nigu,67.6,CVCV
nihu,67.6,CVCV
nilu,67.6,CVCV
nimu,67.6,CVCV
nipi,67.6,CVCV
nipo,67.6,CVCV
nipu,67.6,CVCV
niru,67.6,CVCV
nivu,67.6,CVCV
niwu,67.6,CVCV
nnin,67.6,CCVC
ntoa,67.6,CCVV
ntoe,67.6,CCVV
ntoi,67.6,CCVV
nudo,67.6,CVCV
nufo,67.6,CVCV
numi,67.6,CVCV
numo,67.6,CVCV
nuni,67.6,CVCV
nupa,67.6,CVCV
nusa,67.6,CVCV
ocel,67.6,VCVC
oerl,67.6,VVCC
oerm,67.6,VVCC
oesi,67.6,VVCV
ofse,67.6,VCCV
onme,67.6,VCCV
onou,67.6,VCVV
paci,67.6,CVCV
pacu,67.6,CVCV
padu,67.6,CVCV
pagu,67.6,CVCV
pahu,67.6,CVCV
palf,67.6,CVCC
pamu,67.6,CVCV
papi,67.6,CVCV
papo,67.6,CVCV
papu,67.6,CVCV
park,67.6,CVCC
pavu,67.6,CVCV
pawu,67.6,CVCV
pido,67.6,CVCV
pifo,67.6,CVCV
pimi,67.6,CVCV
pimo,67.6,CVCV
pipa,67.6,CVCV
plea,67.6,CCVV
plio,67.6,CCVV
podo,67.6,CVCV
popa,67.6,CVCV
porb,67.6,CVCC
porc,67.6,CVCC
porf,67.6,CVCC
porg,67.6,CVCC
porp,67.6,CVCC
porv,67.6,CVCC
posa,67.6,CVCV
pper,67.6,CCVC
ptol,67.6,CCVC
ptos,67.6,CCVC
ptot,67.6,CCVC
pudo,67.6,CVCV
pufo,67.6,CVCV
pumi,67.6,CVCV
pumo,67.6,CVCV
puni,67.6,CVCV
pupa,67.6,CVCV
pusa,67.6,CVCV
qaor,67.6,CVVC
qats,67.6,CVCC
qeer,67.6,CVVC
qeor,67.6,CVVC
quor,67.6,CVVC
rall,67.6,CVCC
rass,67.6,CVCC
rced,67.6,CCVC
riob,67.6,CVVC
rioc,67.6,CVVC
riod,67.6,CVVC
riog,67.6,CVVC
rioh,67.6,CVVC
rioj,67.6,CVVC
riok,67.6,CVVC
riop,67.6,CVVC
riov,67.6,CVVC
riow,67.6,CVVC
rioy,67.6,CVVC
rorr,67.6,CVCC
roub,67.6,CVVC
rouc,67.6,CVVC
roud,67.6,CVVC
rouf,67.6,CVVC
roug,67.6,CVVC
rouh,67.6,CVVC
rouj,67.6,CVVC
rouk,67.6,CVVC
roup,67.6,CVVC
rouv,67.6,CVVC
rouw,67.6,CVVC
rouy,67.6,CVVC
rudo,67.6,CVCV
rufo,67.6,CVCV
rumi,67.6,CVCV
rumo,67.6,CVCV
runi,67.6,CVCV
rupa,67.6,CVCV
rusa,67.6,CVCV
saci,67.6,CVCV
sacu,67.6,CVCV
sadu,67.6,CVCV
sagu,67.6,CVCV
sahu,67.6,CVCV
salf,67.6,CVCC
samu,67.6,CVCV
sapi,67.6,CVCV
sapo,67.6,CVCV
sapu,67.6,CVCV
sark,67.6,CVCC
savu,67.6,CVCV
sawu,67.6,CVCV
sinl,67.6,CVCC
sinm,67.6,CVCC
sinr,67.6,CVCC
slof,67.6,CCVC
snas,67.6,CCVC
snof,67.6,CCVC
spas,67.6,CCVC
sudo,67.6,CVCV
sufo,67.6,CVCV
sumi,67.6,CVCV
sumo,67.6,CVCV
suni,67.6,CVCV
supa,67.6,CVCV
susa,67.6,CVCV
tedb,67.6,CVCC
tedc,67.6,CVCC
tedf,67.6,CVCC
tedg,67.6,CVCC
tedh,67.6,CVCC
tedj,67.6,CVCC
tedk,67.6,CVCC
tedp,67.6,CVCC
tedv,67.6,CVCC
tedy,67.6,CVCC
tomp,67.6,CVCC
tudo,67.6,CVCV
tufo,67.6,CVCV
tumi,67.6,CVCV
tumo,67.6,CVCV
tuni,67.6,CVCV
tupa,67.6,CVCV
tusa,67.6,CVCV
ucel,67.6,VCVC
uerl,67.6,VVCC
uerm,67.6,VVCC
uesi,67.6,VVCV
umem,67.6,VCVC
umet,67.6,VCVC
uont,67.6,VVCC
vaji,67.6,CVCV
vaya,67.6,CVCV
vaye,67.6,CVCV
vayo,67.6,CVCV
viji,67.6,CVCV
viya,67.6,CVCV
viye,67.6,CVCV
viyo,67.6,CVCV
voji,67.6,CVCV
voya,67.6,CVCV
voye,67.6,CVCV
voyo,67.6,CVCV
vudo,67.6,CVCV
vufo,67.6,CVCV
vumi,67.6,CVCV
vumo,67.6,CVCV
vuni,67.6,CVCV
vupa,67.6,CVCV
vusa,67.6,CVCV
waji,67.6,CVCV
waya,67.6,CVCV
waye,67.6,CVCV
wayo,67.6,CVCV
weji,67.6,CVCV
weya,67.6,CVCV
weye,67.6,CVCV
weyo,67.6,CVCV
wiji,67.6,CVCV
wiya,67.6,CVCV
wiye,67.6,CVCV
wiyo,67.6,CVCV
woji,67.6,CVCV
woya,67.6,CVCV
woye,67.6,CVCV
woyo,67.6,CVCV
wudo,67.6,CVCV
wufo,67.6,CVCV
wumi,67.6,CVCV
wumo,67.6,CVCV
wuni,67.6,CVCV
wupa,67.6,CVCV
wusa,67.6,CVCV
yaba,67.6,CVCV
yabi,67.6,CVCV
yabo,67.6,CVCV
yabu,67.6,CVCV
yako,67.6,CVCV
yaku,67.6,CVCV
yava,67.6,CVCV
yavi,67.6,CVCV
yavo,67.6,CVCV
yawa,67.6,CVCV
yawe,67.6,CVCV
yawi,67.6,CVCV
yawo,67.6,CVCV
yeba,67.6,CVCV
yebi,67.6,CVCV
yebo,67.6,CVCV
yebu,67.6,CVCV
yeko,67.6,CVCV
yeku,67.6,CVCV
yeva,67.6,CVCV
yevi,67.6,CVCV
yevo,67.6,CVCV
yewa,67.6,CVCV
yewe,67.6,CVCV
yewi,67.6,CVCV
yewo,67.6,CVCV
yifu,67.6,CVCV
yiga,67.6,CVCV
yigi,67.6,CVCV
yigo,67.6,CVCV
yika,67.6,CVCV
yike,67.6,CVCV
yiki,67.6,CVCV
yoba,67.6,CVCV
yobi,67.6,CVCV
yobo,67.6,CVCV
yobu,67.6,CVCV
yoko,67.6,CVCV
yoku,67.6,CVCV
yova,67.6,CVCV
yovi,67.6,CVCV
yovo,67.6,CVCV
yowa,67.6,CVCV
yowe,67.6,CVCV
yowi,67.6,CVCV
yowo,67.6,CVCV
yufu,67.6,CVCV
yuga,67.6,CVCV
yugi,67.6,CVCV
yugo,67.6,CVCV
yuka,67.6,CVCV
yuke,67.6,CVCV
yuki,67.6,CVCV
zaan,67.6,CVVC
zuor,67.6,CVVC
aang,67.4,VVCC
aliq,67.4,VCVC
alix,67.4,VCVC
aliz,67.4,VCVC
araq,67.4,VCVC
arax,67.4,VCVC
araz,67.4,VCVC
bald,67.4,CVCC
bayi,67.4,CVCV
bayu,67.4,CVCV
beam,67.4,CVVC
bitw,67.4,CVCC
biyi,67.4,CVCV
biyu,67.4,CVCV
blel,67.4,CCVC
boyi,67.4,CVCV
boyu,67.4,CVCV
buyi,67.4,CVCV
buyu,67.4,CVCV
caas,67.4,CVVC
cifa,67.4,CVCV
cife,67.4,CVCV
cifi,67.4,CVCV
clel,67.4,CCVC
cufa,67.4,CVCV
cufe,67.4,CVCV
cufi,67.4,CVCV
datt,67.4,CVCC
delm,67.4,CVCC
denl,67.4,CVCC
denm,67.4,CVCC
denr,67.4,CVCC
dexa,67.4,CVCV
dexe,67.4,CVCV
dexi,67.4,CVCV
dexo,67.4,CVCV
dexu,67.4,CVCV
dufa,67.4,CVCV
dufe,67.4,CVCV
dufi,67.4,CVCV
eand,67.4,VVCC
elhe,67.4,VCCV
etiq,67.4,VCVC
etix,67.4,VCVC
etiz,67.4,VCVC
faci,67.4,CVCV
facu,67.4,CVCV
fadu,67.4,CVCV
fagu,67.4,CVCV
fahu,67.4,CVCV
falf,67.4,CVCC
famu,67.4,CVCV
fapi,67.4,CVCV
fapo,67.4,CVCV
fapu,67.4,CVCV
fark,67.4,CVCC
favu,67.4,CVCV
fawu,67.4,CVCV
feci,67.4,CVCV
fecu,67.4,CVCV
fegu,67.4,CVCV
fehu,67.4,CVCV
femu,67.4,CVCV
fepi,67.4,CVCV
fepo,67.4,CVCV
fepu,67.4,CVCV
fetu,67.4,CVCV
fevu,67.4,CVCV
fewu,67.4,CVCV
ffin,67.4,CCVC
fidu,67.4,CVCV
figu,67.4,CVCV
fihu,67.4,CVCV
filu,67.4,CVCV
fimu,67.4,CVCV
fipi,67.4,CVCV
fipo,67.4,CVCV
fipu,67.4,CVCV
firu,67.4,CVCV
fivu,67.4,CVCV
fiwu,67.4,CVCV
flel,67.4,CCVC
galk,67.4,CVCC
gard,67.4,CVCC
glea,67.4,CCVV
glio,67.4,CCVV
gufa,67.4,CVCV
gufe,67.4,CVCV
gufi,67.4,CVCV
hrin,67.4,CCVC
hufa,67.4,CVCV
hufe,67.4,CVCV
hufi,67.4,CVCV
icri,67.4,VCCV
jaji,67.4,CVCV
jaya,67.4,CVCV
jaye,67.4,CVCV
jayo,67.4,CVCV
jeji,67.4,CVCV
jeya,67.4,CVCV
jeye,67.4,CVCV
jeyo,67.4,CVCV
jija,67.4,CVCV
jije,67.4,CVCV
jijo,67.4,CVCV
jiju,67.4,CVCV
jisw,67.4,CVCC
joji,67.4,CVCV
joya,67.4,CVCV
joye,67.4,CVCV
joyo,67.4,CVCV
jrin,67.4,CCVC
juji,67.4,CVCV
juya,67.4,CVCV
juye,67.4,CVCV
juyo,67.4,CVCV
kalk,67.4,CVCC
kard,67.4,CVCC
knas,67.4,CCVC
knof,67.4,CCVC
koyi,67.4,CVCV
koyu,67.4,CVCV
krin,67.4,CCVC
kuyi,67.4,CVCV
kuyu,67.4,CVCV
lalb,67.4,CVCC
lalc,67.4,CVCC
lalp,67.4,CVCC
lcas,67.4,CCVC
lebr,67.4,CVCC
letr,67.4,CVCC
lnas,67.4,CCVC
lnof,67.4,CCVC
lrin,67.4,CCVC
lufa,67.4,CVCV
lufe,67.4,CVCV
lufi,67.4,CVCV
mrin,67.4,CCVC
mufa,67.4,CVCV
mufe,67.4,CVCV
mufi,67.4,CVCV
natt,67.4,CVCC
ncas,67.4,CCVC
ngam,67.4,CCVC
ngil,67.4,CCVC
ngim,67.4,CCVC
ngir,67.4,CCVC
ngol,67.4,CCVC
ngos,67.4,CCVC
ngot,67.4,CCVC
nrin,67.4,CCVC
nsou,67.4,CCVV
nufa,67.4,CVCV
nufe,67.4,CVCV
nufi,67.4,CVCV
ofoq,67.4,VCVC
ofox,67.4,VCVC
ofoz,67.4,VCVC
omhe,67.4,VCCV
otiq,67.4,VCVC
otix,67.4,VCVC
otiz,67.4,VCVC
ouse,67.4,VVCV
pifa,67.4,CVCV
pife,67.4,CVCV
pifi,67.4,CVCV
plel,67.4,CCVC
pufa,67.4,CVCV
pufe,67.4,CVCV
pufi,67.4,CVCV
rash,67.4,CVCC
rcas,67.4,CCVC
rkas,67.4,CCVC
roel,67.4,CVVC
rrea,67.4,CCVV
rtoa,67.4,CCVV
rtoe,67.4,CCVV
rtoi,67.4,CCVV
rufa,67.4,CVCV
rufe,67.4,CVCV
rufi,67.4,CVCV
shou,67.4,CCVV
slea,67.4,CCVV
slio,67.4,CCVV
sped,67.4,CCVC
srin,67.4,CCVC
stul,67.4,CCVC
stum,67.4,CCVC
stun,67.4,CCVC
stus,67.4,CCVC
stut,67.4,CCVC
sufa,67.4,CVCV
sufe,67.4,CVCV
sufi,67.4,CVCV
talb,67.4,CVCC
talc,67.4,CVCC
talp,67.4,CVCC
ttan,67.4,CCVC
tufa,67.4,CVCV
tufe,67.4,CVCV
tufi,67.4,CVCV
urhe,67.4,VCCV
uric,67.4,VCVC
utiq,67.4,VCVC
utix,67.4,VCVC
utiz,67.4,VCVC
vald,67.4,CVCC
vayi,67.4,CVCV
vayu,67.4,CVCV
veil,67.4,CVVC
veim,67.4,CVVC
veir,67.4,CVVC
veol,67.4,CVVC
veos,67.4,CVVC
veot,67.4,CVVC
vesr,67.4,CVCC
veul,67.4,CVVC
veum,67.4,CVVC
veun,67.4,CVVC
veus,67.4,CVVC
veut,67.4,CVVC
vitw,67.4,CVCC
viyi,67.4,CVCV
viyu,67.4,CVCV
voyi,67.4,CVCV
voyu,67.4,CVCV
vrin,67.4,CCVC
vufa,67.4,CVCV
vufe,67.4,CVCV
vufi,67.4,CVCV
wald,67.4,CVCC
wayi,67.4,CVCV
wayu,67.4,CVCV
wedw,67.4,CVCC
weyi,67.4,CVCV
weyu,67.4,CVCV
witw,67.4,CVCC
wiyi,67.4,CVCV
wiyu,67.4,CVCV
woyi,67.4,CVCV
woyu,67.4,CVCV
wufa,67.4,CVCV
wufe,67.4,CVCV
wufi,67.4,CVCV
xaan,67.4,CVVC
yaja,67.4,CVCV
yaje,67.4,CVCV
yajo,67.4,CVCV
yaju,67.4,CVCV
yeja,67.4,CVCV
yeje,67.4,CVCV
yejo,67.4,CVCV
yeju,67.4,CVCV
yiba,67.4,CVCV
yibi,67.4,CVCV
yibo,67.4,CVCV
yibu,67.4,CVCV
yiko,67.4,CVCV
yiku,67.4,CVCV
yisc,67.4,CVCC
yisk,67.4,CVCC
yisp,67.4,CVCC
yiva,67.4,CVCV
yivi,67.4,CVCV
yivo,67.4,CVCV
yiwa,67.4,CVCV
yiwe,67.4,CVCV
yiwi,67.4,CVCV
yiwo,67.4,CVCV
yoja,67.4,CVCV
yoje,67.4,CVCV
yojo,67.4,CVCV
yoju,67.4,CVCV
yrin,67.4,CCVC
yuba,67.4,CVCV
yubi,67.4,CVCV
yubo,67.4,CVCV
yubu,67.4,CVCV
yuko,67.4,CVCV
yuku,67.4,CVCV
yuva,67.4,CVCV
yuvi,67.4,CVCV
yuvo,67.4,CVCV
yuwa,67.4,CVCV
yuwe,67.4,CVCV
yuwi,67.4,CVCV
yuwo,67.4,CVCV
zasu,67.4,CVCV
zesl,67.4,CVCC
zeth,67.4,CVCC
zome,67.4,CVCV
zort,67.4,CVCC
zoth,67.4,CVCC
abel,67.2,VCVC
adem,67.2,VCVC
adet,67.2,VCVC
aens,67.2,VVCC
anro,67.2,VCCV
atme,67.2,VCCV
axte,67.2,VCCV
balk,67.2,CVCC
bard,67.2,CVCC
beed,67.2,CVVC
carb,67.2,CVCC
carc,67.2,CVCC
carf,67.2,CVCC
carg,67.2,CVCC
carp,67.2,CVCC
carv,67.2,CVCC
cesq,67.2,CVCC
cifu,67.2,CVCV
ciga,67.2,CVCV
cigi,67.2,CVCV
cigo,67.2,CVCV
cika,67.2,CVCV
cike,67.2,CVCV
ciki,67.2,CVCV
ckof,67.2,CCVC
ctib,67.2,CCVC
ctid,67.2,CCVC
ctif,67.2,CCVC
ctig,67.2,CCVC
ctih,67.2,CCVC
ctii,67.2,CCVV
ctij,67.2,CCVC
ctik,67.2,CCVC
ctip,67.2,CCVC
ctiv,67.2,CCVC
ctiw,67.2,CCVC
ctiy,67.2,CCVC
cufu,67.2,CVCV
cuga,67.2,CVCV
cugi,67.2,CVCV
cugo,67.2,CVCV
cuka,67.2,CVCV
cuke,67.2,CVCV
cuki,67.2,CVCV
ddes,67.2,CCVC
deln,67.2,CVCC
deqa,67.2,CVCV
deqe,67.2,CVCV
deqi,67.2,CVCV
deqo,67.2,CVCV
dequ,67.2,CVCV
dezu,67.2,CVCV
dufu,67.2,CVCV
duga,67.2,CVCV
dugi,67.2,CVCV
dugo,67.2,CVCV
duka,67.2,CVCV
duke,67.2,CVCV
duki,67.2,CVCV
ebel,67.2,VCVC
edaq,67.2,VCVC
edax,67.2,VCVC
edaz,67.2,VCVC
ediq,67.2,VCVC
edix,67.2,VCVC
ediz,67.2,VCVC
edse,67.2,VCCV
exte,67.2,VCCV
ftib,67.2,CCVC
ftid,67.2,CCVC
ftif,67.2,CCVC
ftig,67.2,CCVC
ftih,67.2,CCVC
ftii,67.2,CCVV
ftij,67.2,CCVC
ftik,67.2,CCVC
ftip,67.2,CCVC
ftiv,67.2,CCVC
ftiw,67.2,CCVC
ftiy,67.2,CCVC
fuci,67.2,CVCV
fucu,67.2,CVCV
fudu,67.2,CVCV
fugu,67.2,CVCV
fuhu,67.2,CVCV
fulu,67.2,CVCV
fumu,67.2,CVCV
funu,67.2,CVCV
fupi,67.2,CVCV
fupo,67.2,CVCV
fupu,67.2,CVCV
fusu,67.2,CVCV
futu,67.2,CVCV
fuvu,67.2,CVCV
fuwu,67.2,CVCV
gaci,67.2,CVCV
gacu,67.2,CVCV
gadu,67.2,CVCV
gagu,67.2,CVCV
gahu,67.2,CVCV
galf,67.2,CVCC
gamu,67.2,CVCV
gapi,67.2,CVCV
gapo,67.2,CVCV
gapu,67.2,CVCV
gark,67.2,CVCC
gavu,67.2,CVCV
gawu,67.2,CVCV
genn,67.2,CVCC
genx,67.2,CVCC
ggin,67.2,CCVC
gidu,67.2,CVCV
gigu,67.2,CVCV
gihu,67.2,CVCV
gilu,67.2,CVCV
gimu,67.2,CVCV
gipi,67.2,CVCV
gipo,67.2,CVCV
gipu,67.2,CVCV
giru,67.2,CVCV
givu,67.2,CVCV
giwu,67.2,CVCV
glel,67.2,CCVC
goci,67.2,CVCV
gocu,67.2,CVCV
godu,67.2,CVCV
gogu,67.2,CVCV
gohu,67.2,CVCV
golu,67.2,CVCV
gonn,67.2,CVCC
gonx,67.2,CVCC
gopi,67.2,CVCV
gopo,67.2,CVCV
gopu,67.2,CVCV
gosu,67.2,CVCV
gotu,67.2,CVCV
govu,67.2,CVCV
gowu,67.2,CVCV
gufu,67.2,CVCV
guga,67.2,CVCV
gugi,67.2,CVCV
gugo,67.2,CVCV
guka,67.2,CVCV
guke,67.2,CVCV
guki,67.2,CVCV
halb,67.2,CVCC
halc,67.2,CVCC
halp,67.2,CVCC
hhan,67.2,CCVC
hiza,67.2,CVCV
hize,67.2,CVCV
hizi,67.2,CVCV
hizo,67.2,CVCV
hufu,67.2,CVCV
huga,67.2,CVCV
hugi,67.2,CVCV
hugo,67.2,CVCV
huka,67.2,CVCV
huke,67.2,CVCV
huki,67.2,CVCV
iatr,67.2,VVCC
ibel,67.2,VCVC
idem,67.2,VCVC
idet,67.2,VCVC
iens,67.2,VVCC
inea,67.2,VCVV
inli,67.2,VCCV
iord,67.2,VVCC
ixte,67.2,VCCV
jald,67.2,CVCC
jayi,67.2,CVCV
jayu,67.2,CVCV
jedw,67.2,CVCC
jeyi,67.2,CVCV
jeyu,67.2,CVCV
jiji,67.2,CVCV
jiya,67.2,CVCV
jiye,67.2,CVCV
jiyo,67.2,CVCV
joyi,67.2,CVCV
joyu,67.2,CVCV
juyi,67.2,CVCV
juyu,67.2,CVCV
kaci,67.2,CVCV
kacu,67.2,CVCV
kadu,67.2,CVCV
kagu,67.2,CVCV
kahu,67.2,CVCV
kalf,67.2,CVCC
kamu,67.2,CVCV
kapi,67.2,CVCV
kapo,67.2,CVCV
kapu,67.2,CVCV
kark,67.2,CVCC
kavu,67.2,CVCV
kawu,67.2,CVCV
keci,67.2,CVCV
kecu,67.2,CVCV
kegu,67.2,CVCV
kehu,67.2,CVCV
kemu,67.2,CVCV
kepi,67.2,CVCV
kepo,67.2,CVCV
kepu,67.2,CVCV
ketu,67.2,CVCV
kevu,67.2,CVCV
kewu,67.2,CVCV
kidu,67.2,CVCV
kigu,67.2,CVCV
kihu,67.2,CVCV
kilu,67.2,CVCV
kimu,67.2,CVCV
kipi,67.2,CVCV
kipo,67.2,CVCV
kipu,67.2,CVCV
kiru,67.2,CVCV
kivu,67.2,CVCV
kiwu,67.2,CVCV
kkin,67.2,CCVC
laas,67.2,CVVC
lbed,67.2,CCVC
lecr,67.2,CVCC
lefr,67.2,CVCC
legr,67.2,CVCC
lepr,67.2,CVCC
lfas,67.2,CCVC
lfof,67.2,CCVC
licr,67.2,CVCC
lkas,67.2,CCVC
lmof,67.2,CCVC
ltoa,67.2,CCVV
ltoe,67.2,CCVV
ltoi,67.2,CCVV
lufu,67.2,CVCV
luga,67.2,CVCV
lugi,67.2,CVCV
lugo,67.2,CVCV
luka,67.2,CVCV
luke,67.2,CVCV
luki,67.2,CVCV
mbed,67.2,CCVC
mufu,67.2,CVCV
muga,67.2,CVCV
mugi,67.2,CVCV
mugo,67.2,CVCV
muka,67.2,CVCV
muke,67.2,CVCV
muki,67.2,CVCV
ngei,67.2,CCVV
ngeo,67.2,CCVV
ngeu,67.2,CCVV
nkas,67.2,CCVC
nufu,67.2,CVCV
nuga,67.2,CVCV
nugi,67.2,CVCV
nugo,67.2,CVCV
nuka,67.2,CVCV
nuke,67.2,CVCV
nuki,67.2,CVCV
nxes,67.2,CCVC
oatr,67.2,VVCC
obel,67.2,VCVC
odem,67.2,VCVC
odet,67.2,VCVC
oens,67.2,VVCC
ofaq,67.2,VCVC
ofax,67.2,VCVC
ofaz,67.2,VCVC
ofeq,67.2,VCVC
ofex,67.2,VCVC
ofez,67.2,VCVC
ofiq,67.2,VCVC
ofix,67.2,VCVC
ofiz,67.2,VCVC
omam,67.2,VCVC
orio,67.2,VCVV
orou,67.2,VCVV
oxte,67.2,VCCV
patt,67.2,CVCC
penn,67.2,CVCC
penx,67.2,CVCC
pifu,67.2,CVCV
piga,67.2,CVCV
pigi,67.2,CVCV
pigo,67.2,CVCV
pika,67.2,CVCV
pike,67.2,CVCV
piki,67.2,CVCV
poga,67.2,CVCV
pogi,67.2,CVCV
pogo,67.2,CVCV
poka,67.2,CVCV
poke,67.2,CVCV
poki,67.2,CVCV
pufu,67.2,CVCV
puga,67.2,CVCV
pugi,67.2,CVCV
pugo,67.2,CVCV
puka,67.2,CVCV
puke,67.2,CVCV
puki,67.2,CVCV
qaan,67.2,CVVC
rbed,67.2,CCVC
rlas,67.2,CCVC
rrat,67.2,CCVC
rrel,67.2,CCVC
rufu,67.2,CVCV
ruga,67.2,CVCV
rugi,67.2,CVCV
rugo,67.2,CVCV
ruka,67.2,CVCV
ruke,67.2,CVCV
ruki,67.2,CVCV
satt,67.2,CVCC
skas,67.2,CCVC
slel,67.2,CCVC
smof,67.2,CCVC
sufu,67.2,CVCV
suga,67.2,CVCV
sugi,67.2,CVCV
sugo,67.2,CVCV
suka,67.2,CVCV
suke,67.2,CVCV
suki,67.2,CVCV
taas,67.2,CVVC
tegh,67.2,CVCC
temb,67.2,CVCC
till,67.2,CVCC
tufu,67.2,CVCV
tuga,67.2,CVCV
tugi,67.2,CVCV
tugo,67.2,CVCV
tuka,67.2,CVCV
tuke,67.2,CVCV
tuki,67.2,CVCV
uatr,67.2,VVCC
ubel,67.2,VCVC
udem,67.2,VCVC
udet,67.2,VCVC
uens,67.2,VVCC
ungu,67.2,VCCV
urle,67.2,VCCV
uxte,67.2,VCCV
valk,67.2,CVCC
vard,67.2,CVCC
vufu,67.2,CVCV
vuga,67.2,CVCV
vugi,67.2,CVCV
vugo,67.2,CVCV
vuka,67.2,CVCV
vuke,67.2,CVCV
vuki,67.2,CVCV
walk,67.2,CVCC
ward,67.2,CVCC
wufu,67.2,CVCV
wuga,67.2,CVCV
wugi,67.2,CVCV
wugo,67.2,CVCV
wuka,67.2,CVCV
wuke,67.2,CVCV
wuki,67.2,CVCV
xasu,67.2,CVCV
xesl,67.2,CVCC
xeth,67.2,CVCC
xome,67.2,CVCV
xort,67.2,CVCC
xoth,67.2,CVCC
xuth,67.2,CVCC
yaji,67.2,CVCV
yaya,67.2,CVCV
yaye,67.2,CVCV
yayo,67.2,CVCV
yeji,67.2,CVCV
yeya,67.2,CVCV
yeye,67.2,CVCV
yeyo,67.2,CVCV
yija,67.2,CVCV
yije,67.2,CVCV
yijo,67.2,CVCV
yiju,67.2,CVCV
yisw,67.2,CVCC
yoji,67.2,CVCV
yoya,67.2,CVCV
yoye,67.2,CVCV
yoyo,67.2,CVCV
yuja,67.2,CVCV
yuje,67.2,CVCV
yujo,67.2,CVCV
yuju,67.2,CVCV
zesm,67.2,CVCC
zesn,67.2,CVCC
zorn,67.2,CVCC
zors,67.2,CVCC
redq,67.2,CVCC
redx,67.2,CVCC
redz,67.2,CVCC
tiou,67.2,CVVV
aonu,67.0,VVCV
asci,67.0,VCCV
ascu,67.0,VCCV
aslu,67.0,VCCV
aspi,67.0,VCCV
aspo,67.0,VCCV
aspu,67.0,VCCV
baci,67.0,CVCV
bacu,67.0,CVCV
badu,67.0,CVCV
bagu,67.0,CVCV
bahu,67.0,CVCV
balf,67.0,CVCC
bamu,67.0,CVCV
bapi,67.0,CVCV
bapo,67.0,CVCV
bapu,67.0,CVCV
bark,67.0,CVCC
bavu,67.0,CVCV
bawu,67.0,CVCV
bbin,67.0,CCVC
bcon,67.0,CCVC
bidu,67.0,CVCV
bigu,67.0,CVCV
bihu,67.0,CVCV
bilu,67.0,CVCV
bimu,67.0,CVCV
bipi,67.0,CVCV
bipo,67.0,CVCV
bipu,67.0,CVCV
biru,67.0,CVCV
bivu,67.0,CVCV
biwu,67.0,CVCV
boci,67.0,CVCV
bocu,67.0,CVCV
bodu,67.0,CVCV
bogu,67.0,CVCV
bohu,67.0,CVCV
bolu,67.0,CVCV
bonn,67.0,CVCC
bonx,67.0,CVCC
bopi,67.0,CVCV
bopo,67.0,CVCV
bopu,67.0,CVCV
bosu,67.0,CVCV
botu,67.0,CVCV
bovu,67.0,CVCV
bowu,67.0,CVCV
buci,67.0,CVCV
bucu,67.0,CVCV
budu,67.0,CVCV
bugu,67.0,CVCV
buhu,67.0,CVCV
bulu,67.0,CVCV
bumu,67.0,CVCV
bunu,67.0,CVCV
bupi,67.0,CVCV
bupo,67.0,CVCV
bupu,67.0,CVCV
busu,67.0,CVCV
butu,67.0,CVCV
buvu,67.0,CVCV
buwu,67.0,CVCV
ciba,67.0,CVCV
cibi,67.0,CVCV
cibo,67.0,CVCV
cibu,67.0,CVCV
ciko,67.0,CVCV
ciku,67.0,CVCV
cisc,67.0,CVCC
cisk,67.0,CVCC
cisp,67.0,CVCC
civa,67.0,CVCV
civi,67.0,CVCV
civo,67.0,CVCV
ciwa,67.0,CVCV
ciwe,67.0,CVCV
ciwi,67.0,CVCV
ciwo,67.0,CVCV
cked,67.0,CCVC
coam,67.0,CVVC
coem,67.0,CVVC
coet,67.0,CVVC
coil,67.0,CVVC
coim,67.0,CVVC
coir,67.0,CVVC
cuba,67.0,CVCV
cubi,67.0,CVCV
cubo,67.0,CVCV
cubu,67.0,CVCV
cuko,67.0,CVCV
cuku,67.0,CVCV
cuva,67.0,CVCV
cuvi,67.0,CVCV
cuvo,67.0,CVCV
cuwa,67.0,CVCV
cuwe,67.0,CVCV
cuwi,67.0,CVCV
cuwo,67.0,CVCV
dalb,67.0,CVCC
dalc,67.0,CVCC
dalp,67.0,CVCC
dcon,67.0,CCVC
ddan,67.0,CCVC
dlen,67.0,CCVC
duba,67.0,CVCV
dubi,67.0,CVCV
dubo,67.0,CVCV
dubu,67.0,CVCV
duko,67.0,CVCV
duku,67.0,CVCV
duva,67.0,CVCV
duvi,67.0,CVCV
duvo,67.0,CVCV
duwa,67.0,CVCV
duwe,67.0,CVCV
duwi,67.0,CVCV
duwo,67.0,CVCV
edoq,67.0,VCVC
edox,67.0,VCVC
edoz,67.0,VCVC
eonu,67.0,VVCV
esuq,67.0,VCVC
esux,67.0,VCVC
esuz,67.0,VCVC
etob,67.0,VCVC
etoc,67.0,VCVC
etod,67.0,VCVC
etog,67.0,VCVC
etoh,67.0,VCVC
etoj,67.0,VCVC
etok,67.0,VCVC
etop,67.0,VCVC
etov,67.0,VCVC
etow,67.0,VCVC
etoy,67.0,VCVC
fatt,67.0,CVCC
fcon,67.0,CCVC
ffer,67.0,CCVC
gcon,67.0,CCVC
ghas,67.0,CCVC
gheq,67.0,CCVC
ghex,67.0,CCVC
ghez,67.0,CCVC
guba,67.0,CVCV
gubi,67.0,CVCV
gubo,67.0,CVCV
gubu,67.0,CVCV
guko,67.0,CVCV
guku,67.0,CVCV
guva,67.0,CVCV
guvi,67.0,CVCV
guvo,67.0,CVCV
guwa,67.0,CVCV
guwe,67.0,CVCV
guwi,67.0,CVCV
guwo,67.0,CVCV
haas,67.0,CVVC
hcon,67.0,CCVC
heeq,67.0,CVVC
heex,67.0,CVVC
heez,67.0,CVVC
hhem,67.0,CCVC
hhet,67.0,CCVC
hixa,67.0,CVCV
hixe,67.0,CVCV
hixi,67.0,CVCV
hixo,67.0,CVCV
hixu,67.0,CVCV
hlen,67.0,CCVC
huba,67.0,CVCV
hubi,67.0,CVCV
hubo,67.0,CVCV
hubu,67.0,CVCV
huko,67.0,CVCV
huku,67.0,CVCV
huva,67.0,CVCV
huvi,67.0,CVCV
huvo,67.0,CVCV
huwa,67.0,CVCV
huwe,67.0,CVCV
huwi,67.0,CVCV
huwo,67.0,CVCV
icro,67.0,VCCV
iino,67.0,VVCV
innu,67.0,VCCV
iork,67.0,VVCC
iose,67.0,VVCV
issu,67.0,VCCV
jalk,67.0,CVCC
jard,67.0,CVCC
jcon,67.0,CCVC
jitw,67.0,CVCC
jiyi,67.0,CVCV
jiyu,67.0,CVCV
jlen,67.0,CCVC
kcon,67.0,CCVC
klen,67.0,CCVC
koci,67.0,CVCV
kocu,67.0,CVCV
kodu,67.0,CVCV
kogu,67.0,CVCV
kohu,67.0,CVCV
kolu,67.0,CVCV
konn,67.0,CVCC
konx,67.0,CVCC
kopi,67.0,CVCV
kopo,67.0,CVCV
kopu,67.0,CVCV
kosu,67.0,CVCV
kotu,67.0,CVCV
kovu,67.0,CVCV
kowu,67.0,CVCV
kuci,67.0,CVCV
kucu,67.0,CVCV
kudu,67.0,CVCV
kugu,67.0,CVCV
kuhu,67.0,CVCV
kulu,67.0,CVCV
kumu,67.0,CVCV
kunu,67.0,CVCV
kupi,67.0,CVCV
kupo,67.0,CVCV
kupu,67.0,CVCV
kusu,67.0,CVCV
kutu,67.0,CVCV
kuvu,67.0,CVCV
kuwu,67.0,CVCV
larb,67.0,CVCC
larc,67.0,CVCC
larf,67.0,CVCC
larg,67.0,CVCC
larp,67.0,CVCC
larv,67.0,CVCC
lebl,67.0,CVCC
lecl,67.0,CVCC
lefl,67.0,CVCC
lepl,67.0,CVCC
licl,67.0,CVCC
luba,67.0,CVCV
lubi,67.0,CVCV
lubo,67.0,CVCV
lubu,67.0,CVCV
luko,67.0,CVCV
luku,67.0,CVCV
luva,67.0,CVCV
luvi,67.0,CVCV
luvo,67.0,CVCV
luwa,67.0,CVCV
luwe,67.0,CVCV
luwi,67.0,CVCV
luwo,67.0,CVCV
manl,67.0,CVCC
manm,67.0,CVCC
manr,67.0,CVCC
mcon,67.0,CCVC
mlen,67.0,CCVC
muba,67.0,CVCV
mubi,67.0,CVCV
mubo,67.0,CVCV
mubu,67.0,CVCV
muko,67.0,CVCV
muku,67.0,CVCV
muva,67.0,CVCV
muvi,67.0,CVCV
muvo,67.0,CVCV
muwa,67.0,CVCV
muwe,67.0,CVCV
muwi,67.0,CVCV
muwo,67.0,CVCV
nalb,67.0,CVCC
nalc,67.0,CVCC
nalp,67.0,CVCC
neom,67.0,CVVC
neur,67.0,CVVC
nlen,67.0,CCVC
nnan,67.0,CCVC
nuba,67.0,CVCV
nubi,67.0,CVCV
nubo,67.0,CVCV
nubu,67.0,CVCV
nuko,67.0,CVCV
nuku,67.0,CVCV
nuva,67.0,CVCV
nuvi,67.0,CVCV
nuvo,67.0,CVCV
nuwa,67.0,CVCV
nuwe,67.0,CVCV
nuwi,67.0,CVCV
nuwo,67.0,CVCV
ofuq,67.0,VCVC
ofux,67.0,VCVC
ofuz,67.0,VCVC
onno,67.0,VCCV
orri,67.0,VCCV
otob,67.0,VCVC
otoc,67.0,VCVC
otod,67.0,VCVC
otog,67.0,VCVC
otoh,67.0,VCVC
otoj,67.0,VCVC
otok,67.0,VCVC
otop,67.0,VCVC
otov,67.0,VCVC
otow,67.0,VCVC
otoy,67.0,VCVC
pcon,67.0,CCVC
piba,67.0,CVCV
pibi,67.0,CVCV
pibo,67.0,CVCV
pibu,67.0,CVCV
piko,67.0,CVCV
piku,67.0,CVCV
pisc,67.0,CVCC
pisk,67.0,CVCC
pisp,67.0,CVCC
piva,67.0,CVCV
pivi,67.0,CVCV
pivo,67.0,CVCV
piwa,67.0,CVCV
piwe,67.0,CVCV
piwi,67.0,CVCV
piwo,67.0,CVCV
poba,67.0,CVCV
pobi,67.0,CVCV
pobo,67.0,CVCV
pobu,67.0,CVCV
poko,67.0,CVCV
poku,67.0,CVCV
pova,67.0,CVCV
povi,67.0,CVCV
povo,67.0,CVCV
powa,67.0,CVCV
powe,67.0,CVCV
powi,67.0,CVCV
powo,67.0,CVCV
ptib,67.0,CCVC
ptid,67.0,CCVC
ptif,67.0,CCVC
ptig,67.0,CCVC
ptih,67.0,CCVC
ptii,67.0,CCVV
ptij,67.0,CCVC
ptik,67.0,CCVC
ptip,67.0,CCVC
ptiv,67.0,CCVC
ptiw,67.0,CCVC
ptiy,67.0,CCVC
puba,67.0,CVCV
pubi,67.0,CVCV
pubo,67.0,CVCV
pubu,67.0,CVCV
puko,67.0,CVCV
puku,67.0,CVCV
puva,67.0,CVCV
puvi,67.0,CVCV
puvo,67.0,CVCV
puwa,67.0,CVCV
puwe,67.0,CVCV
puwi,67.0,CVCV
puwo,67.0,CVCV
qasu,67.0,CVCV
qesl,67.0,CVCC
qeth,67.0,CVCC
qome,67.0,CVCV
qort,67.0,CVCC
qoth,67.0,CVCC
quth,67.0,CVCC
rael,67.0,CVVC
raom,67.0,CVVC
raur,67.0,CVVC
rkof,67.0,CCVC
ronl,67.0,CVCC
ronm,67.0,CVCC
ronr,67.0,CVCC
rsem,67.0,CCVC
rset,67.0,CCVC
rsio,67.0,CCVV
ruba,67.0,CVCV
rubi,67.0,CVCV
rubo,67.0,CVCV
rubu,67.0,CVCV
ruko,67.0,CVCV
ruku,67.0,CVCV
ruva,67.0,CVCV
ruvi,67.0,CVCV
ruvo,67.0,CVCV
ruwa,67.0,CVCV
ruwe,67.0,CVCV
ruwi,67.0,CVCV
ruwo,67.0,CVCV
sqes,67.0,CCVC
suba,67.0,CVCV
subi,67.0,CVCV
subo,67.0,CVCV
subu,67.0,CVCV
suko,67.0,CVCV
suku,67.0,CVCV
suva,67.0,CVCV
suvi,67.0,CVCV
suvo,67.0,CVCV
suwa,67.0,CVCV
suwe,67.0,CVCV
suwi,67.0,CVCV
suwo,67.0,CVCV
tarb,67.0,CVCC
tarc,67.0,CVCC
tarf,67.0,CVCC
targ,67.0,CVCC
tarp,67.0,CVCC
tarv,67.0,CVCC
tcon,67.0,CCVC
tlen,67.0,CCVC
toch,67.0,CVCC
tool,67.0,CVVC
toos,67.0,CVVC
toot,67.0,CVVC
tuba,67.0,CVCV
tubi,67.0,CVCV
tubo,67.0,CVCV
tubu,67.0,CVCV
tuko,67.0,CVCV
tuku,67.0,CVCV
tuva,67.0,CVCV
tuvi,67.0,CVCV
tuvo,67.0,CVCV
tuwa,67.0,CVCV
tuwe,67.0,CVCV
tuwi,67.0,CVCV
tuwo,67.0,CVCV
uonu,67.0,VVCV
urde,67.0,VCCV
utob,67.0,VCVC
utoc,67.0,VCVC
utod,67.0,VCVC
utog,67.0,VCVC
utoh,67.0,VCVC
utoj,67.0,VCVC
utok,67.0,VCVC
utop,67.0,VCVC
utov,67.0,VCVC
utow,67.0,VCVC
utoy,67.0,VCVC
vaci,67.0,CVCV
vacu,67.0,CVCV
vadu,67.0,CVCV
vagu,67.0,CVCV
vahu,67.0,CVCV
valf,67.0,CVCC
vamu,67.0,CVCV
vapi,67.0,CVCV
vapo,67.0,CVCV
vapu,67.0,CVCV
vark,67.0,CVCC
vavu,67.0,CVCV
vawu,67.0,CVCV
vcon,67.0,CCVC
vebr,67.0,CVCC
vetr,67.0,CVCC
vidu,67.0,CVCV
vigu,67.0,CVCV
vihu,67.0,CVCV
vilu,67.0,CVCV
vimu,67.0,CVCV
vipi,67.0,CVCV
vipo,67.0,CVCV
vipu,67.0,CVCV
viru,67.0,CVCV
vivu,67.0,CVCV
viwu,67.0,CVCV
vlen,67.0,CCVC
voci,67.0,CVCV
vocu,67.0,CVCV
vodu,67.0,CVCV
vogu,67.0,CVCV
vohu,67.0,CVCV
volu,67.0,CVCV
vonn,67.0,CVCC
vonx,67.0,CVCC
vopi,67.0,CVCV
vopo,67.0,CVCV
vopu,67.0,CVCV
vosu,67.0,CVCV
votu,67.0,CVCV
vovu,67.0,CVCV
vowu,67.0,CVCV
vuba,67.0,CVCV
vubi,67.0,CVCV
vubo,67.0,CVCV
vubu,67.0,CVCV
vuko,67.0,CVCV
vuku,67.0,CVCV
vuva,67.0,CVCV
vuvi,67.0,CVCV
vuvo,67.0,CVCV
vuwa,67.0,CVCV
vuwe,67.0,CVCV
vuwi,67.0,CVCV
vuwo,67.0,CVCV
vvin,67.0,CCVC
waci,67.0,CVCV
wacu,67.0,CVCV
wadu,67.0,CVCV
wagu,67.0,CVCV
wahu,67.0,CVCV
walf,67.0,CVCC
wamu,67.0,CVCV
wapi,67.0,CVCV
wapo,67.0,CVCV
wapu,67.0,CVCV
wark,67.0,CVCC
wavu,67.0,CVCV
wawu,67.0,CVCV
wcon,67.0,CCVC
weci,67.0,CVCV
wecu,67.0,CVCV
wegu,67.0,CVCV
wehu,67.0,CVCV
wemu,67.0,CVCV
wepi,67.0,CVCV
wepo,67.0,CVCV
wepu,67.0,CVCV
wetu,67.0,CVCV
wevu,67.0,CVCV
wewu,67.0,CVCV
widu,67.0,CVCV
wigu,67.0,CVCV
wihu,67.0,CVCV
wilu,67.0,CVCV
wimu,67.0,CVCV
wipi,67.0,CVCV
wipo,67.0,CVCV
wipu,67.0,CVCV
wiru,67.0,CVCV
wivu,67.0,CVCV
wiwu,67.0,CVCV
wlen,67.0,CCVC
woci,67.0,CVCV
wocu,67.0,CVCV
wodu,67.0,CVCV
wogu,67.0,CVCV
wohu,67.0,CVCV
wolu,67.0,CVCV
wonn,67.0,CVCC
wonx,67.0,CVCC
wopi,67.0,CVCV
wopo,67.0,CVCV
wopu,67.0,CVCV
wosu,67.0,CVCV
wotu,67.0,CVCV
wovu,67.0,CVCV
wowu,67.0,CVCV
wuba,67.0,CVCV
wubi,67.0,CVCV
wubo,67.0,CVCV
wubu,67.0,CVCV
wuko,67.0,CVCV
wuku,67.0,CVCV
wuva,67.0,CVCV
wuvi,67.0,CVCV
wuvo,67.0,CVCV
wuwa,67.0,CVCV
wuwe,67.0,CVCV
wuwi,67.0,CVCV
wuwo,67.0,CVCV
wwin,67.0,CCVC
xesm,67.0,CVCC
xesn,67.0,CVCC
xorn,67.0,CVCC
xors,67.0,CVCC
yald,67.0,CVCC
yayi,67.0,CVCV
yayu,67.0,CVCV
ycon,67.0,CCVC
yedw,67.0,CVCC
yeyi,67.0,CVCV
yeyu,67.0,CVCV
yiji,67.0,CVCV
yiya,67.0,CVCV
yiye,67.0,CVCV
yiyo,67.0,CVCV
ylen,67.0,CCVC
yoyi,67.0,CVCV
yoyu,67.0,CVCV
yuji,67.0,CVCV
yuya,67.0,CVCV
yuye,67.0,CVCV
yuyo,67.0,CVCV
zind,67.0,CVCC
zuth,67.0,CVCC
aent,66.8,VVCC
aeso,66.8,VVCV
ahil,66.8,VCVC
ahim,66.8,VCVC
ahir,66.8,VCVC
anra,66.8,VCCV
asmu,66.8,VCCV
asnu,66.8,VCCV
asob,66.8,VCVC
asoc,66.8,VCVC
asod,66.8,VCVC
asog,66.8,VCVC
asoh,66.8,VCVC
asoj,66.8,VCVC
asok,66.8,VCVC
asop,66.8,VCVC
asov,66.8,VCVC
asow,66.8,VCVC
asoy,66.8,VCVC
aswu,66.8,VCCV
atde,66.8,VCCV
atee,66.8,VCVV
atta,66.8,VCCV
besq,66.8,CVCC
cija,66.8,CVCV
cije,66.8,CVCV
cijo,66.8,CVCV
ciju,66.8,CVCV
cisw,66.8,CVCC
ctoa,66.8,CCVV
ctoe,66.8,CCVV
ctoi,66.8,CCVV
cuja,66.8,CVCV
cuje,66.8,CVCV
cujo,66.8,CVCV
cuju,66.8,CVCV
daas,66.8,CVVC
dinl,66.8,CVCC
dinm,66.8,CVCC
dinr,66.8,CVCC
duja,66.8,CVCV
duje,66.8,CVCV
dujo,66.8,CVCV
duju,66.8,CVCV
eank,66.8,VVCC
ehil,66.8,VCVC
ehim,66.8,VCVC
ehir,66.8,VCVC
elde,66.8,VCCV
elme,66.8,VCCV
elur,66.8,VCVC
enme,66.8,VCCV
enou,66.8,VCVV
etse,66.8,VCCV
ftoa,66.8,CCVV
ftoe,66.8,CCVV
ftoi,66.8,CCVV
gatt,66.8,CVCC
ghof,66.8,CCVC
guja,66.8,CVCV
guje,66.8,CVCV
gujo,66.8,CVCV
guju,66.8,CVCV
harb,66.8,CVCC
harc,66.8,CVCC
harf,66.8,CVCC
harg,66.8,CVCC
harp,66.8,CVCC
harv,66.8,CVCC
hiqa,66.8,CVCV
hiqe,66.8,CVCV
hiqi,66.8,CVCV
hiqo,66.8,CVCV
hiqu,66.8,CVCV
hisq,66.8,CVCC
hizu,66.8,CVCV
hoof,66.8,CVVC
huja,66.8,CVCV
huje,66.8,CVCV
hujo,66.8,CVCV
huju,66.8,CVCV
ient,66.8,VVCC
ieso,66.8,VVCV
ihil,66.8,VCVC
ihim,66.8,VCVC
ihir,66.8,VCVC
iina,66.8,VVCV
inbe,66.8,VCCV
inma,66.8,VCCV
isoq,66.8,VCVC
isox,66.8,VCVC
isoz,66.8,VCVC
itaq,66.8,VCVC
itax,66.8,VCVC
itaz,66.8,VCVC
itei,66.8,VCVV
iteo,66.8,VCVV
iteu,66.8,VCVV
jaci,66.8,CVCV
jacu,66.8,CVCV
jadu,66.8,CVCV
jagu,66.8,CVCV
jahu,66.8,CVCV
jalf,66.8,CVCC
jamu,66.8,CVCV
japi,66.8,CVCV
japo,66.8,CVCV
japu,66.8,CVCV
jark,66.8,CVCC
javu,66.8,CVCV
jawu,66.8,CVCV
jeci,66.8,CVCV
jecu,66.8,CVCV
jegu,66.8,CVCV
jehu,66.8,CVCV
jemu,66.8,CVCV
jepi,66.8,CVCV
jepo,66.8,CVCV
jepu,66.8,CVCV
jetu,66.8,CVCV
jevu,66.8,CVCV
jewu,66.8,CVCV
joci,66.8,CVCV
jocu,66.8,CVCV
jodu,66.8,CVCV
jogu,66.8,CVCV
johu,66.8,CVCV
jolu,66.8,CVCV
jonn,66.8,CVCC
jonx,66.8,CVCC
jopi,66.8,CVCV
jopo,66.8,CVCV
jopu,66.8,CVCV
josu,66.8,CVCV
jotu,66.8,CVCV
jovu,66.8,CVCV
jowu,66.8,CVCV
juci,66.8,CVCV
jucu,66.8,CVCV
judu,66.8,CVCV
jugu,66.8,CVCV
juhu,66.8,CVCV
julu,66.8,CVCV
jumu,66.8,CVCV
junu,66.8,CVCV
jupi,66.8,CVCV
jupo,66.8,CVCV
jupu,66.8,CVCV
jusu,66.8,CVCV
jutu,66.8,CVCV
juvu,66.8,CVCV
juwu,66.8,CVCV
katt,66.8,CVCC
kker,66.8,CCVC
legl,66.8,CVCC
lkof,66.8,CCVC
lsem,66.8,CCVC
lset,66.8,CCVC
lsio,66.8,CCVV
luja,66.8,CVCV
luje,66.8,CVCV
lujo,66.8,CVCV
luju,66.8,CVCV
mall,66.8,CVCC
mass,66.8,CVCC
muja,66.8,CVCV
muje,66.8,CVCV
mujo,66.8,CVCV
muju,66.8,CVCV
naas,66.8,CVVC
ndou,66.8,CCVV
nkof,66.8,CCVC
nnen,66.8,CCVC
noof,66.8,CVVC
nsei,66.8,CCVV
nseo,66.8,CCVV
nseu,66.8,CCVV
nteb,66.8,CCVC
ntec,66.8,CCVC
ntee,66.8,CCVV
ntef,66.8,CCVC
nteg,66.8,CCVC
nteh,66.8,CCVC
ntej,66.8,CCVC
ntek,66.8,CCVC
ntep,66.8,CCVC
ntev,66.8,CCVC
ntew,66.8,CCVC
ntey,66.8,CCVC
nuja,66.8,CVCV
nuje,66.8,CVCV
nujo,66.8,CVCV
nuju,66.8,CVCV
nxor,66.8,CCVC
oent,66.8,VVCC
oeso,66.8,VVCV
ohil,66.8,VCVC
ohim,66.8,VCVC
ohir,66.8,VCVC
omur,66.8,VCVC
onhi,66.8,VCCV
onio,66.8,VCVV
onna,66.8,VCCV
otse,66.8,VCCV
palb,66.8,CVCC
palc,66.8,CVCC
palp,66.8,CVCC
pija,66.8,CVCV
pije,66.8,CVCV
pijo,66.8,CVCV
piju,66.8,CVCV
pisw,66.8,CVCC
poja,66.8,CVCV
poje,66.8,CVCV
pojo,66.8,CVCV
poju,66.8,CVCV
ppan,66.8,CCVC
puja,66.8,CVCV
puje,66.8,CVCV
pujo,66.8,CVCV
puju,66.8,CVCV
qesm,66.8,CVCC
qesn,66.8,CVCC
qorn,66.8,CVCC
qors,66.8,CVCC
remm,66.8,CVCC
rett,66.8,CVCC
riza,66.8,CVCV
rize,66.8,CVCV
rizi,66.8,CVCV
rizo,66.8,CVCV
rked,66.8,CCVC
rnou,66.8,CCVV
ruja,66.8,CVCV
ruje,66.8,CVCV
rujo,66.8,CVCV
ruju,66.8,CVCV
salb,66.8,CVCC
salc,66.8,CVCC
salp,66.8,CVCC
skof,66.8,CCVC
ssal,66.8,CCVC
suja,66.8,CVCV
suje,66.8,CVCV
sujo,66.8,CVCV
suju,66.8,CVCV
swas,66.8,CCVC
tuja,66.8,CVCV
tuje,66.8,CVCV
tujo,66.8,CVCV
tuju,66.8,CVCV
twas,66.8,CCVC
uent,66.8,VVCC
ueso,66.8,VVCV
uhil,66.8,VCVC
uhim,66.8,VCVC
uhir,66.8,VCVC
urur,66.8,VCVC
urve,66.8,VCCV
utse,66.8,VCCV
vecr,66.8,CVCC
vefr,66.8,CVCC
vegr,66.8,CVCC
vepr,66.8,CVCC
vuja,66.8,CVCV
vuje,66.8,CVCV
vujo,66.8,CVCV
vuju,66.8,CVCV
wuja,66.8,CVCV
wuje,66.8,CVCV
wujo,66.8,CVCV
wuju,66.8,CVCV
xind,66.8,CVCC
yalk,66.8,CVCC
yard,66.8,CVCC
yitw,66.8,CVCC
yiyi,66.8,CVCV
yiyu,66.8,CVCV
yuyi,66.8,CVCV
yuyu,66.8,CVCV
aesa,66.6,VVCV
asab,66.6,VCVC
asac,66.6,VCVC
asad,66.6,VCVC
asaf,66.6,VCVC
asag,66.6,VCVC
asah,66.6,VCVC
asaj,66.6,VCVC
asak,66.6,VCVC
asap,66.6,VCVC
asav,66.6,VCVC
asaw,66.6,VCVC
asay,66.6,VCVC
batt,66.6,CVCC
bhea,66.6,CCVV
blou,66.6,CCVV
bven,66.6,CCVC
canl,66.6,CVCC
canm,66.6,CVCC
canr,66.6,CVCC
ceom,66.6,CVVC
ceur,66.6,CVVC
ciji,66.6,CVCV
ciya,66.6,CVCV
ciye,66.6,CVCV
ciyo,66.6,CVCV
clou,66.6,CCVV
cobr,66.6,CVCC
cotr,66.6,CVCC
cuji,66.6,CVCV
cuya,66.6,CVCV
cuye,66.6,CVCV
cuyo,66.6,CVCV
cven,66.6,CCVC
darb,66.6,CVCC
darc,66.6,CVCC
darf,66.6,CVCC
darg,66.6,CVCC
darp,66.6,CVCC
darv,66.6,CVCC
dhea,66.6,CCVV
duji,66.6,CVCV
duya,66.6,CVCV
duye,66.6,CVCV
duyo,66.6,CVCV
dven,66.6,CCVC
edde,66.6,VCCV
elam,66.6,VCVC
erru,66.6,VCCV
falb,66.6,CVCC
falc,66.6,CVCC
falp,66.6,CVCC
fenn,66.6,CVCC
fenx,66.6,CVCC
ffan,66.6,CCVC
fhea,66.6,CCVV
flou,66.6,CCVV
fven,66.6,CCVC
geam,66.6,CVVC
guji,66.6,CVCV
guya,66.6,CVCV
guye,66.6,CVCV
guyo,66.6,CVCV
gven,66.6,CCVC
huji,66.6,CVCV
huya,66.6,CVCV
huye,66.6,CVCV
huyo,66.6,CVCV
hven,66.6,CCVC
iatu,66.6,VVCV
icha,66.6,VCCV
icho,66.6,VCCV
icob,66.6,VCVC
icoc,66.6,VCVC
icod,66.6,VCVC
icog,66.6,VCVC
icoh,66.6,VCVC
icoj,66.6,VCVC
icok,66.6,VCVC
icop,66.6,VCVC
icov,66.6,VCVC
icow,66.6,VCVC
icoy,66.6,VCVC
icra,66.6,VCCV
iesa,66.6,VVCV
iini,66.6,VVCV
isaq,66.6,VCVC
isax,66.6,VCVC
isaz,66.6,VCVC
jhea,66.6,CCVV
jidu,66.6,CVCV
jigu,66.6,CVCV
jihu,66.6,CVCV
jilu,66.6,CVCV
jimu,66.6,CVCV
jipi,66.6,CVCV
jipo,66.6,CVCV
jipu,66.6,CVCV
jiru,66.6,CVCV
jivu,66.6,CVCV
jiwu,66.6,CVCV
jjin,66.6,CCVC
jven,66.6,CCVC
khea,66.6,CCVV
kven,66.6,CCVC
lect,66.6,CVCC
left,66.6,CVCC
lfed,66.6,CCVC
lhea,66.6,CCVV
lict,66.6,CVCC
liel,66.6,CVVC
liur,66.6,CVVC
lked,66.6,CCVC
loof,66.6,CVVC
lpas,66.6,CCVC
luji,66.6,CVCV
luya,66.6,CVCV
luye,66.6,CVCV
luyo,66.6,CVCV
lven,66.6,CCVC
mash,66.6,CVCC
meil,66.6,CVVC
meim,66.6,CVVC
meir,66.6,CVVC
meol,66.6,CVVC
meos,66.6,CVVC
meot,66.6,CVVC
mesr,66.6,CVCC
meul,66.6,CVVC
meum,66.6,CVVC
meun,66.6,CVVC
meus,66.6,CVVC
meut,66.6,CVVC
mhea,66.6,CCVV
minl,66.6,CVCC
minm,66.6,CVCC
minr,66.6,CVCC
muji,66.6,CVCV
muya,66.6,CVCV
muye,66.6,CVCV
muyo,66.6,CVCV
mven,66.6,CCVC
narb,66.6,CVCC
narc,66.6,CVCC
narf,66.6,CVCC
narg,66.6,CVCC
narp,66.6,CVCC
narv,66.6,CVCC
ndio,66.6,CCVV
nhea,66.6,CCVV
ninl,66.6,CVCC
ninm,66.6,CVCC
ninr,66.6,CVCC
nked,66.6,CCVC
nuji,66.6,CVCV
nuya,66.6,CVCV
nuye,66.6,CVCV
nuyo,66.6,CVCV
nven,66.6,CCVC
oatu,66.6,VVCV
oesa,66.6,VVCV
onni,66.6,VCCV
oone,66.6,VVCV
orro,66.6,VCCV
oruq,66.6,VCVC
orux,66.6,VCVC
oruz,66.6,VCVC
paas,66.6,CVVC
peam,66.6,CVVC
phou,66.6,CCVV
piji,66.6,CVCV
piya,66.6,CVCV
piye,66.6,CVCV
piyo,66.6,CVCV
plou,66.6,CCVV
poji,66.6,CVCV
poya,66.6,CVCV
poye,66.6,CVCV
poyo,66.6,CVCV
ptoa,66.6,CCVV
ptoe,66.6,CCVV
ptoi,66.6,CCVV
puji,66.6,CVCV
puya,66.6,CVCV
puye,66.6,CVCV
puyo,66.6,CVCV
pven,66.6,CCVC
qind,66.6,CVCC
rasc,66.6,CVCC
rask,66.6,CVCC
rasp,66.6,CVCC
rdou,66.6,CCVV
rhea,66.6,CCVV
rixa,66.6,CVCV
rixe,66.6,CVCV
rixi,66.6,CVCV
rixo,66.6,CVCV
rixu,66.6,CVCV
rlof,66.6,CCVC
rpas,66.6,CCVC
rsou,66.6,CCVV
rteb,66.6,CCVC
rtec,66.6,CCVC
rtee,66.6,CCVV
rtef,66.6,CCVC
rteg,66.6,CCVC
rteh,66.6,CCVC
rtej,66.6,CCVC
rtek,66.6,CCVC
rtep,66.6,CCVC
rtev,66.6,CCVC
rtew,66.6,CCVC
rtey,66.6,CCVC
ruji,66.6,CVCV
ruya,66.6,CVCV
ruye,66.6,CVCV
ruyo,66.6,CVCV
saas,66.6,CVVC
sicr,66.6,CVCC
sked,66.6,CCVC
soof,66.6,CVVC
sqor,66.6,CCVC
suji,66.6,CVCV
suya,66.6,CVCV
suye,66.6,CVCV
suyo,66.6,CVCV
sven,66.6,CCVC
swof,66.6,CCVC
tsas,66.6,CCVC
tsof,66.6,CCVC
tuji,66.6,CVCV
tuya,66.6,CVCV
tuye,66.6,CVCV
tuyo,66.6,CVCV
tven,66.6,CCVC
twof,66.6,CCVC
uatu,66.6,VVCV
uesa,66.6,VVCV
vatt,66.6,CVCC
vebl,66.6,CVCC
vecl,66.6,CVCC
vefl,66.6,CVCC
vepl,66.6,CVCC
vhea,66.6,CCVV
vuji,66.6,CVCV
vuya,66.6,CVCV
vuye,66.6,CVCV
vuyo,66.6,CVCV
watt,66.6,CVCC
whou,66.6,CCVV
wuji,66.6,CVCV
wuya,66.6,CVCV
wuye,66.6,CVCV
wuyo,66.6,CVCV
wven,66.6,CCVC
wwer,66.6,CCVC
xtou,66.6,CCVV
yaci,66.6,CVCV
yacu,66.6,CVCV
yadu,66.6,CVCV
yagu,66.6,CVCV
yahu,66.6,CVCV
yalf,66.6,CVCC
yamu,66.6,CVCV
yapi,66.6,CVCV
yapo,66.6,CVCV
yapu,66.6,CVCV
yark,66.6,CVCC
yavu,66.6,CVCV
yawu,66.6,CVCV
yeci,66.6,CVCV
yecu,66.6,CVCV
yegu,66.6,CVCV
yehu,66.6,CVCV
yemu,66.6,CVCV
yepi,66.6,CVCV
yepo,66.6,CVCV
yepu,66.6,CVCV
yetu,66.6,CVCV
yevu,66.6,CVCV
yewu,66.6,CVCV
yhea,66.6,CCVV
yoci,66.6,CVCV
yocu,66.6,CVCV
yodu,66.6,CVCV
yogu,66.6,CVCV
yohu,66.6,CVCV
yolu,66.6,CVCV
yonn,66.6,CVCC
yonx,66.6,CVCC
yopi,66.6,CVCV
yopo,66.6,CVCV
yopu,66.6,CVCV
yosu,66.6,CVCV
yotu,66.6,CVCV
yovu,66.6,CVCV
yowu,66.6,CVCV
yven,66.6,CCVC
zofr,66.6,CVCC
agel,66.4,VCVC
ahom,66.4,VCVC
alaq,66.4,VCVC
alax,66.4,VCVC
alaz,66.4,VCVC
anea,66.4,VCVV
anli,66.4,VCCV
apel,66.4,VCVC
azas,66.4,VCVC
bhel,66.4,CCVC
breq,66.4,CCVC
brex,66.4,CCVC
brez,66.4,CCVC
call,66.4,CVCC
cass,66.4,CVCC
ccen,66.4,CCVC
citw,66.4,CVCC
ciyi,66.4,CVCV
ciyu,66.4,CVCV
cocr,66.4,CVCC
codr,66.4,CVCC
cogr,66.4,CVCC
copr,66.4,CVCC
cuyi,66.4,CVCV
cuyu,66.4,CVCV
dhel,66.4,CCVC
doof,66.4,CVVC
duyi,66.4,CVCV
duyu,66.4,CVCV
egel,66.4,VCVC
ehom,66.4,VCVC
elco,66.4,VCCV
epel,66.4,VCVC
esve,66.4,VCCV
ezas,66.4,VCVC
faas,66.4,CVVC
fhel,66.4,CCVC
finl,66.4,CVCC
finm,66.4,CVCC
finr,66.4,CVCC
foof,66.4,CVVC
galb,66.4,CVCC
galc,66.4,CVCC
galp,66.4,CVCC
geed,66.4,CVVC
ggan,66.4,CCVC
glou,66.4,CCVV
guyi,66.4,CVCV
guyu,66.4,CVCV
hitt,66.4,CVCC
huyi,66.4,CVCV
huyu,66.4,CVCV
igel,66.4,VCVC
ihom,66.4,VCVC
ipel,66.4,VCVC
iril,66.4,VCVC
irim,66.4,VCVC
irir,66.4,VCVC
isea,66.4,VCVV
izas,66.4,VCVC
jatt,66.4,CVCC
jhel,66.4,CCVC
jjer,66.4,CCVC
kalb,66.4,CVCC
kalc,66.4,CVCC
kalp,66.4,CVCC
kenn,66.4,CVCC
kenx,66.4,CVCC
khel,66.4,CCVC
kkan,66.4,CCVC
lanl,66.4,CVCC
lanm,66.4,CVCC
lanr,66.4,CVCC
ldou,66.4,CCVV
leab,66.4,CVVC
leac,66.4,CVVC
lead,66.4,CVVC
leaf,66.4,CVVC
leag,66.4,CVVC
leah,66.4,CVVC
leaj,66.4,CVVC
leak,66.4,CVVC
leap,66.4,CVVC
leav,66.4,CVVC
leaw,66.4,CVVC
leay,66.4,CVVC
leic,66.4,CVVC
lekn,66.4,CVCC
lept,66.4,CVCC
lerh,66.4,CVCC
lerj,66.4,CVCC
lerw,66.4,CVCC
lery,66.4,CVCC
lewr,66.4,CVCC
lhel,66.4,CCVC
liob,66.4,CVVC
lioc,66.4,CVVC
liod,66.4,CVVC
liog,66.4,CVVC
lioh,66.4,CVVC
lioj,66.4,CVVC
liok,66.4,CVVC
liop,66.4,CVVC
liov,66.4,CVVC
liow,66.4,CVVC
lioy,66.4,CVVC
lped,66.4,CCVC
lsou,66.4,CCVV
lteb,66.4,CCVC
ltec,66.4,CCVC
ltee,66.4,CCVV
ltef,66.4,CCVC
lteg,66.4,CCVC
lteh,66.4,CCVC
ltej,66.4,CCVC
ltek,66.4,CCVC
ltep,66.4,CCVC
ltev,66.4,CCVC
ltew,66.4,CCVC
ltey,66.4,CCVC
luyi,66.4,CVCV
luyu,66.4,CVCV
mhel,66.4,CCVC
mmat,66.4,CCVC
moof,66.4,CVVC
muyi,66.4,CVCV
muyu,66.4,CVCV
ndea,66.4,CCVV
ngae,66.4,CCVV
ngai,66.4,CCVV
ngao,66.4,CCVV
ngau,66.4,CCVV
ngia,66.4,CCVV
ngie,66.4,CCVV
ngiu,66.4,CCVV
ngoa,66.4,CCVV
ngoe,66.4,CCVV
ngoi,66.4,CCVV
nhel,66.4,CCVC
nuyi,66.4,CVCV
nuyu,66.4,CVCV
ogel,66.4,VCVC
ohom,66.4,VCVC
onri,66.4,VCCV
opel,66.4,VCVC
ozas,66.4,VCVC
parb,66.4,CVCC
parc,66.4,CVCC
parf,66.4,CVCC
parg,66.4,CVCC
parp,66.4,CVCC
parv,66.4,CVCC
peed,66.4,CVVC
pitw,66.4,CVCC
piyi,66.4,CVCV
piyu,66.4,CVCV
poyi,66.4,CVCV
poyu,66.4,CVCV
puyi,66.4,CVCV
puyu,66.4,CVCV
qten,66.4,CCVC
rasw,66.4,CVCC
rdio,66.4,CCVV
rfas,66.4,CCVC
rfof,66.4,CCVC
rged,66.4,CCVC
rhel,66.4,CCVC
riqa,66.4,CVCV
riqe,66.4,CVCV
riqi,66.4,CVCV
riqo,66.4,CVCV
riqu,66.4,CVCV
risq,66.4,CVCC
rizu,66.4,CVCV
rlea,66.4,CCVV
rlio,66.4,CCVV
rmof,66.4,CCVC
roza,66.4,CVCV
roze,66.4,CVCV
rozi,66.4,CVCV
rozo,66.4,CVCV
rped,66.4,CCVC
ruyi,66.4,CVCV
ruyu,66.4,CVCV
sarb,66.4,CVCC
sarc,66.4,CVCC
sarf,66.4,CVCC
sarg,66.4,CVCC
sarp,66.4,CVCC
sarv,66.4,CVCC
scom,66.4,CCVC
seld,66.4,CVCC
sicl,66.4,CVCC
slou,66.4,CCVV
snou,66.4,CCVV
ssar,66.4,CCVC
stua,66.4,CCVV
stue,66.4,CCVV
stui,66.4,CCVV
stuo,66.4,CCVV
suyi,66.4,CVCV
suyu,66.4,CVCV
tanl,66.4,CVCC
tanm,66.4,CVCC
tanr,66.4,CVCC
tenq,66.4,CVCC
tenz,66.4,CVCC
tiaq,66.4,CVVC
tiax,66.4,CVVC
tiaz,66.4,CVVC
tieq,66.4,CVVC
tiex,66.4,CVVC
tiez,66.4,CVVC
tiib,66.4,CVVC
tiid,66.4,CVVC
tiif,66.4,CVVC
tiig,66.4,CVVC
tiih,66.4,CVVC
tiij,66.4,CVVC
tiik,66.4,CVVC
tiip,66.4,CVVC
tiiv,66.4,CVVC
tiiw,66.4,CVVC
tiiy,66.4,CVVC
tiuq,66.4,CVVC
tiux,66.4,CVVC
tiuz,66.4,CVVC
tomb,66.4,CVCC
treq,66.4,CCVC
trex,66.4,CCVC
trez,66.4,CCVC
tuyi,66.4,CVCV
tuyu,66.4,CVCV
ugel,66.4,VCVC
uhom,66.4,VCVC
unom,66.4,VCVC
upel,66.4,VCVC
urco,66.4,VCCV
uzas,66.4,VCVC
vegl,66.4,CVCC
vhel,66.4,CCVC
vuyi,66.4,CVCV
vuyu,66.4,CVCV
wuyi,66.4,CVCV
wuyu,66.4,CVCV
xofr,66.4,CVCC
yhel,66.4,CCVC
yidu,66.4,CVCV
yigu,66.4,CVCV
yihu,66.4,CVCV
yilu,66.4,CVCV
yimu,66.4,CVCV
yipi,66.4,CVCV
yipo,66.4,CVCV
yipu,66.4,CVCV
yiru,66.4,CVCV
yivu,66.4,CVCV
yiwu,66.4,CVCV
yuci,66.4,CVCV
yucu,66.4,CVCV
yudu,66.4,CVCV
yugu,66.4,CVCV
yuhu,66.4,CVCV
yulu,66.4,CVCV
yumu,66.4,CVCV
yunu,66.4,CVCV
yupi,66.4,CVCV
yupo,66.4,CVCV
yupu,66.4,CVCV
yusu,66.4,CVCV
yutu,66.4,CVCV
yuvu,66.4,CVCV
yuwu,66.4,CVCV
yyin,66.4,CCVC
zais,66.4,CVVC
zeis,66.4,CVVC
zerd,66.4,CVCC
zink,66.4,CVCC
zofl,66.4,CVCC
zois,66.4,CVVC
zoon,66.4,CVVC
zten,66.4,CCVC
aano,66.2,VVCV
aenu,66.2,VVCV
alli,66.2,VCCV
annu,66.2,VCCV
axas,66.2,VCVC
azof,66.2,VCVC
balb,66.2,CVCC
balc,66.2,CVCC
balp,66.2,CVCC
bban,66.2,CCVC
beom,66.2,CVVC
beur,66.2,CVVC
bner,66.2,CCVC
cash,66.2,CVCC
cner,66.2,CCVC
cobl,66.2,CVCC
cocl,66.2,CVCC
colt,66.2,CVCC
copl,66.2,CVCC
creq,66.2,CCVC
crex,66.2,CCVC
crez,66.2,CCVC
deil,66.2,CVVC
deim,66.2,CVVC
deir,66.2,CVVC
deol,66.2,CVVC
deos,66.2,CVVC
deot,66.2,CVVC
desr,66.2,CVCC
deul,66.2,CVVC
deum,66.2,CVVC
deun,66.2,CVVC
deus,66.2,CVVC
deut,66.2,CVVC
dlin,66.2,CCVC
dner,66.2,CCVC
dreq,66.2,CCVC
drex,66.2,CCVC
drez,66.2,CCVC
eleb,66.2,VCVC
elec,66.2,VCVC
elef,66.2,VCVC
eleg,66.2,VCVC
eleh,66.2,VCVC
elej,66.2,VCVC
elek,66.2,VCVC
elep,66.2,VCVC
elev,66.2,VCVC
elew,66.2,VCVC
eley,66.2,VCVC
elic,66.2,VCVC
elol,66.2,VCVC
elos,66.2,VCVC
elot,66.2,VCVC
enno,66.2,VCCV
eteq,66.2,VCVC
etex,66.2,VCVC
etez,66.2,VCVC
exas,66.2,VCVC
ezof,66.2,VCVC
farb,66.2,CVCC
farc,66.2,CVCC
farf,66.2,CVCC
farg,66.2,CVCC
farp,66.2,CVCC
farv,66.2,CVCC
fner,66.2,CCVC
freq,66.2,CCVC
frex,66.2,CCVC
frez,66.2,CCVC
gaas,66.2,CVVC
ginl,66.2,CVCC
ginm,66.2,CVCC
ginr,66.2,CVCC
gner,66.2,CCVC
greq,66.2,CCVC
grex,66.2,CCVC
grez,66.2,CCVC
hanl,66.2,CVCC
hanm,66.2,CVCC
hanr,66.2,CVCC
hlin,66.2,CCVC
hner,66.2,CCVC
iari,66.2,VVCV
ienu,66.2,VVCV
ilom,66.2,VCVC
inla,66.2,VCCV
iome,66.2,VVCV
ixas,66.2,VCVC
izof,66.2,VCVC
jlin,66.2,CCVC
jner,66.2,CCVC
kaas,66.2,CVVC
kinl,66.2,CVCC
kinm,66.2,CVCC
kinr,66.2,CVCC
klin,66.2,CCVC
knou,66.2,CCVV
lall,66.2,CVCC
lass,66.2,CVCC
ldio,66.2,CCVV
ledl,66.2,CVCC
ledm,66.2,CVCC
ledn,66.2,CVCC
leds,66.2,CVCC
ledt,66.2,CVCC
leel,66.2,CVVC
llor,66.2,CCVC
lnou,66.2,CCVV
mael,66.2,CVVC
maom,66.2,CVVC
maur,66.2,CVVC
mebr,66.2,CVCC
metr,66.2,CVCC
mlin,66.2,CCVC
mner,66.2,CCVC
ndel,66.2,CCVC
nelt,66.2,CVCC
ngul,66.2,CCVC
ngum,66.2,CCVC
ngun,66.2,CCVC
ngus,66.2,CCVC
ngut,66.2,CCVC
nlin,66.2,CCVC
oari,66.2,VVCV
oenu,66.2,VVCV
olom,66.2,VCVC
oong,66.2,VVCC
orra,66.2,VCCV
osom,66.2,VCVC
oteq,66.2,VCVC
otex,66.2,VCVC
otez,66.2,VCVC
oxas,66.2,VCVC
ozof,66.2,VCVC
pner,66.2,CCVC
preq,66.2,CCVC
prex,66.2,CCVC
prez,66.2,CCVC
qofr,66.2,CVCC
ratl,66.2,CVCC
ratm,66.2,CVCC
ratn,66.2,CVCC
rdea,66.2,CCVV
relr,66.2,CVCC
rgas,66.2,CCVC
rlel,66.2,CCVC
roxa,66.2,CVCV
roxe,66.2,CVCV
roxi,66.2,CVCV
roxo,66.2,CVCV
roxu,66.2,CVCV
sedd,66.2,CVCC
selk,66.2,CVCC
swed,66.2,CCVC
tall,66.2,CVCC
tass,66.2,CVCC
tlin,66.2,CCVC
tner,66.2,CCVC
twed,66.2,CCVC
uari,66.2,VVCV
uenu,66.2,VVCV
ulom,66.2,VCVC
usom,66.2,VCVC
uteq,66.2,VCVC
utex,66.2,VCVC
utez,66.2,VCVC
uure,66.2,VVCV
uxas,66.2,VCVC
uzof,66.2,VCVC
valb,66.2,CVCC
valc,66.2,CVCC
valp,66.2,CVCC
vect,66.2,CVCC
veft,66.2,CVCC
vlin,66.2,CCVC
vner,66.2,CCVC
vvan,66.2,CCVC
walb,66.2,CVCC
walc,66.2,CVCC
walp,66.2,CVCC
wenn,66.2,CVCC
wenx,66.2,CVCC
wlin,66.2,CCVC
wner,66.2,CCVC
wwan,66.2,CCVC
xais,66.2,CVVC
xeis,66.2,CVVC
xerd,66.2,CVCC
xink,66.2,CVCC
xofl,66.2,CVCC
xois,66.2,CVVC
xoon,66.2,CVVC
xuis,66.2,CVVC
yatt,66.2,CVCC
ylin,66.2,CCVC
yner,66.2,CCVC
yyer,66.2,CCVC
zand,66.2,CVCC
zedr,66.2,CVCC
zerk,66.2,CVCC
zice,66.2,CVCV
zile,66.2,CVCV
zole,66.2,CVCV
aahe,66.0,VVCV
aana,66.0,VVCV
able,66.0,VCCV
acle,66.0,VCCV
adom,66.0,VCVC
afle,66.0,VCCV
afom,66.0,VCVC
aloq,66.0,VCVC
alox,66.0,VCVC
aloz,66.0,VCVC
amom,66.0,VCVC
anbe,66.0,VCCV
anma,66.0,VCCV
aple,66.0,VCCV
aqas,66.0,VCVC
axof,66.0,VCVC
baas,66.0,CVVC
bben,66.0,CCVC
binl,66.0,CVCC
binm,66.0,CVCC
binr,66.0,CVCC
ccat,66.0,CCVC
ccin,66.0,CCVC
cidu,66.0,CVCV
cigu,66.0,CVCV
cihu,66.0,CVCV
cilu,66.0,CVCV
cimu,66.0,CVCV
cipi,66.0,CVCV
cipo,66.0,CVCV
cipu,66.0,CVCV
ciru,66.0,CVCV
civu,66.0,CVCV
ciwu,66.0,CVCV
ckou,66.0,CCVV
cogl,66.0,CVCC
cols,66.0,CVCC
cosl,66.0,CVCC
cteb,66.0,CCVC
ctec,66.0,CCVC
ctee,66.0,CCVV
ctef,66.0,CCVC
cteg,66.0,CCVC
cteh,66.0,CCVC
ctej,66.0,CCVC
ctek,66.0,CCVC
ctep,66.0,CCVC
ctev,66.0,CCVC
ctew,66.0,CCVC
ctey,66.0,CCVC
cuci,66.0,CVCV
cucu,66.0,CVCV
cudu,66.0,CVCV
cugu,66.0,CVCV
cuhu,66.0,CVCV
culu,66.0,CVCV
cumu,66.0,CVCV
cunu,66.0,CVCV
cupi,66.0,CVCV
cupo,66.0,CVCV
cupu,66.0,CVCV
cusu,66.0,CVCV
cutu,66.0,CVCV
cuvu,66.0,CVCV
cuwu,66.0,CVCV
danl,66.0,CVCC
danm,66.0,CVCC
danr,66.0,CVCC
duci,66.0,CVCV
ducu,66.0,CVCV
dudu,66.0,CVCV
dugu,66.0,CVCV
duhu,66.0,CVCV
dulu,66.0,CVCV
dumu,66.0,CVCV
dunu,66.0,CVCV
dupi,66.0,CVCV
dupo,66.0,CVCV
dupu,66.0,CVCV
dusu,66.0,CVCV
dutu,66.0,CVCV
duvu,66.0,CVCV
duwu,66.0,CVCV
dwas,66.0,CCVC
ealt,66.0,VVCC
eble,66.0,VCCV
ecle,66.0,VCCV
eehe,66.0,VVCV
efle,66.0,VCCV
efom,66.0,VCVC
emom,66.0,VCVC
enhi,66.0,VCCV
enio,66.0,VCVV
enna,66.0,VCCV
eple,66.0,VCCV
eqas,66.0,VCVC
exof,66.0,VCVC
feam,66.0,CVVC
fteb,66.0,CCVC
ftec,66.0,CCVC
ftee,66.0,CCVV
ftef,66.0,CCVC
fteg,66.0,CCVC
fteh,66.0,CCVC
ftej,66.0,CCVC
ftek,66.0,CCVC
ftep,66.0,CCVC
ftev,66.0,CCVC
ftew,66.0,CCVC
ftey,66.0,CCVC
garb,66.0,CVCC
garc,66.0,CVCC
garf,66.0,CVCC
garg,66.0,CVCC
garp,66.0,CVCC
garv,66.0,CVCC
gesq,66.0,CVCC
goof,66.0,CVVC
guci,66.0,CVCV
gucu,66.0,CVCV
gudu,66.0,CVCV
gugu,66.0,CVCV
guhu,66.0,CVCV
gulu,66.0,CVCV
gumu,66.0,CVCV
gunu,66.0,CVCV
gupi,66.0,CVCV
gupo,66.0,CVCV
gupu,66.0,CVCV
gusu,66.0,CVCV
gutu,66.0,CVCV
guvu,66.0,CVCV
guwu,66.0,CVCV
hall,66.0,CVCC
hass,66.0,CVCC
hebm,66.0,CVCC
hebn,66.0,CVCC
hebs,66.0,CVCC
hebt,66.0,CVCC
hecm,66.0,CVCC
hecn,66.0,CVCC
hecs,66.0,CVCC
hefm,66.0,CVCC
hefn,66.0,CVCC
hefs,66.0,CVCC
hegm,66.0,CVCC
hegn,66.0,CVCC
hegs,66.0,CVCC
hegt,66.0,CVCC
hehl,66.0,CVCC
hehm,66.0,CVCC
hehn,66.0,CVCC
hehr,66.0,CVCC
hehs,66.0,CVCC
heht,66.0,CVCC
hejl,66.0,CVCC
hejm,66.0,CVCC
hejn,66.0,CVCC
hejr,66.0,CVCC
hejs,66.0,CVCC
hejt,66.0,CVCC
hekl,66.0,CVCC
hekm,66.0,CVCC
hekr,66.0,CVCC
heks,66.0,CVCC
hekt,66.0,CVCC
heml,66.0,CVCC
hemn,66.0,CVCC
hemr,66.0,CVCC
hems,66.0,CVCC
hemt,66.0,CVCC
hepm,66.0,CVCC
hepn,66.0,CVCC
heps,66.0,CVCC
hetl,66.0,CVCC
hetm,66.0,CVCC
hetn,66.0,CVCC
hevl,66.0,CVCC
hevm,66.0,CVCC
hevn,66.0,CVCC
hevr,66.0,CVCC
hevs,66.0,CVCC
hevt,66.0,CVCC
hewl,66.0,CVCC
hewm,66.0,CVCC
hewn,66.0,CVCC
hews,66.0,CVCC
hewt,66.0,CVCC
heyl,66.0,CVCC
heym,66.0,CVCC
heyn,66.0,CVCC
heyr,66.0,CVCC
heys,66.0,CVCC
heyt,66.0,CVCC
hhei,66.0,CCVV
hheo,66.0,CCVV
hheu,66.0,CCVV
hhon,66.0,CCVC
huci,66.0,CVCV
hucu,66.0,CVCV
hudu,66.0,CVCV
hugu,66.0,CVCV
huhu,66.0,CVCV
hulu,66.0,CVCV
humu,66.0,CVCV
hunu,66.0,CVCV
hupi,66.0,CVCV
hupo,66.0,CVCV
hupu,66.0,CVCV
husu,66.0,CVCV
hutu,66.0,CVCV
huvu,66.0,CVCV
huwu,66.0,CVCV
ible,66.0,VCCV
icli,66.0,VCCV
idom,66.0,VCVC
ifle,66.0,VCCV
ifom,66.0,VCVC
iihe,66.0,VVCV
iins,66.0,VVCC
imom,66.0,VCVC
inha,66.0,VCCV
inho,66.0,VCCV
inpe,66.0,VCCV
iple,66.0,VCCV
iqas,66.0,VCVC
irol,66.0,VCVC
iros,66.0,VCVC
irot,66.0,VCVC
isqa,66.0,VCCV
isqe,66.0,VCCV
isqi,66.0,VCCV
isqo,66.0,VCCV
isqu,66.0,VCCV
ixof,66.0,VCVC
jalb,66.0,CVCC
jalc,66.0,CVCC
jalp,66.0,CVCC
jenn,66.0,CVCC
jenx,66.0,CVCC
jjan,66.0,CCVC
karb,66.0,CVCC
karc,66.0,CVCC
karf,66.0,CVCC
karg,66.0,CVCC
karp,66.0,CVCC
karv,66.0,CVCC
lash,66.0,CVCC
lbas,66.0,CCVC
ldea,66.0,CCVV
lfou,66.0,CCVV
llis,66.0,CCVC
lmea,66.0,CCVV
lmou,66.0,CCVV
luci,66.0,CVCV
lucu,66.0,CVCV
ludu,66.0,CVCV
lugu,66.0,CVCV
luhu,66.0,CVCV
lulu,66.0,CVCV
lumu,66.0,CVCV
lunu,66.0,CVCV
lupi,66.0,CVCV
lupo,66.0,CVCV
lupu,66.0,CVCV
lusu,66.0,CVCV
lutu,66.0,CVCV
luvu,66.0,CVCV
luwu,66.0,CVCV
mbas,66.0,CCVC
mecr,66.0,CVCC
mefr,66.0,CVCC
megr,66.0,CVCC
mepr,66.0,CVCC
mpof,66.0,CCVC
muci,66.0,CVCV
mucu,66.0,CVCV
mudu,66.0,CVCV
mugu,66.0,CVCV
muhu,66.0,CVCV
mulu,66.0,CVCV
mumu,66.0,CVCV
munu,66.0,CVCV
mupi,66.0,CVCV
mupo,66.0,CVCV
mupu,66.0,CVCV
musu,66.0,CVCV
mutu,66.0,CVCV
muvu,66.0,CVCV
muwu,66.0,CVCV
nanl,66.0,CVCC
nanm,66.0,CVCC
nanr,66.0,CVCC
nels,66.0,CVCC
neza,66.0,CVCV
neze,66.0,CVCV
nezi,66.0,CVCV
nezo,66.0,CVCV
ngic,66.0,CCVC
nnon,66.0,CCVC
nuci,66.0,CVCV
nucu,66.0,CVCV
nudu,66.0,CVCV
nugu,66.0,CVCV
nuhu,66.0,CVCV
nulu,66.0,CVCV
numu,66.0,CVCV
nunu,66.0,CVCV
nupi,66.0,CVCV
nupo,66.0,CVCV
nupu,66.0,CVCV
nusu,66.0,CVCV
nutu,66.0,CVCV
nuvu,66.0,CVCV
nuwu,66.0,CVCV
oble,66.0,VCCV
ocle,66.0,VCCV
odom,66.0,VCVC
omil,66.0,VCVC
omim,66.0,VCVC
omir,66.0,VCVC
omol,66.0,VCVC
omos,66.0,VCVC
omot,66.0,VCVC
onro,66.0,VCCV
oohe,66.0,VVCV
ople,66.0,VCCV
oqas,66.0,VCVC
oxof,66.0,VCVC
pesq,66.0,CVCC
pidu,66.0,CVCV
pigu,66.0,CVCV
pihu,66.0,CVCV
pilu,66.0,CVCV
pimu,66.0,CVCV
pipi,66.0,CVCV
pipo,66.0,CVCV
pipu,66.0,CVCV
piru,66.0,CVCV
pivu,66.0,CVCV
piwu,66.0,CVCV
poci,66.0,CVCV
pocu,66.0,CVCV
podu,66.0,CVCV
pogu,66.0,CVCV
pohu,66.0,CVCV
polu,66.0,CVCV
ponn,66.0,CVCC
ponx,66.0,CVCC
popi,66.0,CVCV
popo,66.0,CVCV
popu,66.0,CVCV
posu,66.0,CVCV
potu,66.0,CVCV
povu,66.0,CVCV
powu,66.0,CVCV
ppin,66.0,CCVC
puci,66.0,CVCV
pucu,66.0,CVCV
pudu,66.0,CVCV
pugu,66.0,CVCV
puhu,66.0,CVCV
pulu,66.0,CVCV
pumu,66.0,CVCV
punu,66.0,CVCV
pupi,66.0,CVCV
pupo,66.0,CVCV
pupu,66.0,CVCV
pusu,66.0,CVCV
putu,66.0,CVCV
puvu,66.0,CVCV
puwu,66.0,CVCV
qais,66.0,CVVC
qeis,66.0,CVVC
qerd,66.0,CVCC
qink,66.0,CVCC
qofl,66.0,CVCC
qois,66.0,CVVC
qoon,66.0,CVVC
quis,66.0,CVVC
raza,66.0,CVCV
raze,66.0,CVCV
razi,66.0,CVCV
razo,66.0,CVCV
rbas,66.0,CCVC
rdel,66.0,CCVC
rgof,66.0,CCVC
ritt,66.0,CVCC
rnio,66.0,CCVV
roqa,66.0,CVCV
roqe,66.0,CVCV
roqi,66.0,CVCV
roqo,66.0,CVCV
roqu,66.0,CVCV
rozu,66.0,CVCV
rsei,66.0,CCVV
rseo,66.0,CCVV
rseu,66.0,CCVV
ruci,66.0,CVCV
rucu,66.0,CVCV
rudu,66.0,CVCV
rugu,66.0,CVCV
ruhu,66.0,CVCV
rulu,66.0,CVCV
rumu,66.0,CVCV
runu,66.0,CVCV
rupi,66.0,CVCV
rupo,66.0,CVCV
rupu,66.0,CVCV
rusu,66.0,CVCV
rutu,66.0,CVCV
ruvu,66.0,CVCV
ruwu,66.0,CVCV
rvas,66.0,CCVC
rvea,66.0,CCVV
self,66.0,CVCC
senb,66.0,CVCC
senf,66.0,CVCC
senh,66.0,CVCC
senj,66.0,CVCC
senp,66.0,CVCC
senv,66.0,CVCC
senw,66.0,CVCC
seny,66.0,CVCC
sict,66.0,CVCC
siel,66.0,CVVC
siur,66.0,CVVC
smea,66.0,CCVV
smou,66.0,CCVV
suci,66.0,CVCV
sucu,66.0,CVCV
sudu,66.0,CVCV
sugu,66.0,CVCV
suhu,66.0,CVCV
sulu,66.0,CVCV
sumu,66.0,CVCV
sunu,66.0,CVCV
supi,66.0,CVCV
supo,66.0,CVCV
supu,66.0,CVCV
susu,66.0,CVCV
sutu,66.0,CVCV
suvu,66.0,CVCV
suwu,66.0,CVCV
tash,66.0,CVCC
toab,66.0,CVVC
toac,66.0,CVVC
toad,66.0,CVVC
toaf,66.0,CVVC
toag,66.0,CVVC
toah,66.0,CVVC
toaj,66.0,CVVC
toak,66.0,CVVC
toap,66.0,CVVC
toav,66.0,CVVC
toaw,66.0,CVVC
toay,66.0,CVVC
toeb,66.0,CVVC
toec,66.0,CVVC
toef,66.0,CVVC
toeg,66.0,CVVC
toeh,66.0,CVVC
toej,66.0,CVVC
toek,66.0,CVVC
toep,66.0,CVVC
toev,66.0,CVVC
toew,66.0,CVVC
toey,66.0,CVVC
toib,66.0,CVVC
toid,66.0,CVVC
toif,66.0,CVVC
toig,66.0,CVVC
toih,66.0,CVVC
toij,66.0,CVVC
toik,66.0,CVVC
toip,66.0,CVVC
toiv,66.0,CVVC
toiw,66.0,CVVC
toiy,66.0,CVVC
toss,66.0,CVCC
tuci,66.0,CVCV
tucu,66.0,CVCV
tudu,66.0,CVCV
tugu,66.0,CVCV
tuhu,66.0,CVCV
tulu,66.0,CVCV
tumu,66.0,CVCV
tunu,66.0,CVCV
tupi,66.0,CVCV
tupo,66.0,CVCV
tupu,66.0,CVCV
tusu,66.0,CVCV
tutu,66.0,CVCV
tuvu,66.0,CVCV
tuwu,66.0,CVCV
uble,66.0,VCCV
ucle,66.0,VCCV
udom,66.0,VCVC
ufle,66.0,VCCV
ufom,66.0,VCVC
umom,66.0,VCVC
uple,66.0,VCCV
uqas,66.0,VCVC
urme,66.0,VCCV
uuhe,66.0,VVCV
uxof,66.0,VCVC
vaas,66.0,CVVC
veab,66.0,CVVC
veac,66.0,CVVC
vead,66.0,CVVC
veaf,66.0,CVVC
veag,66.0,CVVC
veah,66.0,CVVC
veaj,66.0,CVVC
veak,66.0,CVVC
veap,66.0,CVVC
veav,66.0,CVVC
veaw,66.0,CVVC
veay,66.0,CVVC
veic,66.0,CVVC
vekn,66.0,CVCC
vept,66.0,CVCC
verh,66.0,CVCC
verj,66.0,CVCC
verw,66.0,CVCC
very,66.0,CVCC
vewr,66.0,CVCC
vinl,66.0,CVCC
vinm,66.0,CVCC
vinr,66.0,CVCC
vuci,66.0,CVCV
vucu,66.0,CVCV
vudu,66.0,CVCV
vugu,66.0,CVCV
vuhu,66.0,CVCV
vulu,66.0,CVCV
vumu,66.0,CVCV
vunu,66.0,CVCV
vupi,66.0,CVCV
vupo,66.0,CVCV
vupu,66.0,CVCV
vusu,66.0,CVCV
vutu,66.0,CVCV
vuvu,66.0,CVCV
vuwu,66.0,CVCV
waas,66.0,CVVC
winl,66.0,CVCC
winm,66.0,CVCC
winr,66.0,CVCC
wuci,66.0,CVCV
wucu,66.0,CVCV
wudu,66.0,CVCV
wugu,66.0,CVCV
wuhu,66.0,CVCV
wulu,66.0,CVCV
wumu,66.0,CVCV
wunu,66.0,CVCV
wupi,66.0,CVCV
wupo,66.0,CVCV
wupu,66.0,CVCV
wusu,66.0,CVCV
wutu,66.0,CVCV
wuvu,66.0,CVCV
wuwu,66.0,CVCV
xand,66.0,CVCC
xedr,66.0,CVCC
xerk,66.0,CVCC
xice,66.0,CVCV
xile,66.0,CVCV
xole,66.0,CVCV
xule,66.0,CVCV
xuri,66.0,CVCV
zaat,66.0,CVVC
zait,66.0,CVVC
zeas,66.0,CVVC
zeit,66.0,CVVC
zoft,66.0,CVCC
zoit,66.0,CVVC
zorl,66.0,CVCC
zorm,66.0,CVCC
zuis,66.0,CVVC
aani,65.8,VVCV
achi,65.8,VCCV
afel,65.8,VCVC
agle,65.8,VCCV
aqof,65.8,VCVC
azed,65.8,VCVC
barb,65.8,CVCC
barc,65.8,CVCC
barf,65.8,CVCC
barg,65.8,CVCC
barp,65.8,CVCC
barv,65.8,CVCC
bcer,65.8,CCVC
bmen,65.8,CCVC
boof,65.8,CVVC
cael,65.8,CVVC
caom,65.8,CVVC
caur,65.8,CVVC
celt,65.8,CVCC
ckio,65.8,CCVV
cmen,65.8,CCVC
coct,65.8,CVCC
cofm,65.8,CVCC
cofn,65.8,CVCC
cofs,65.8,CVCC
colm,65.8,CVCC
cosm,65.8,CVCC
cosn,65.8,CVCC
dall,65.8,CVCC
dass,65.8,CVCC
dcer,65.8,CCVC
debr,65.8,CVCC
detr,65.8,CVCC
dicr,65.8,CVCC
dles,65.8,CCVC
dmen,65.8,CCVC
dwof,65.8,CCVC
eals,65.8,VVCC
ealu,65.8,VVCV
eanc,65.8,VVCC
eart,65.8,VVCC
echi,65.8,VCCV
eene,65.8,VVCV
efel,65.8,VCVC
egle,65.8,VCCV
enni,65.8,VCCV
eqof,65.8,VCVC
esio,65.8,VCVV
ezed,65.8,VCVC
fcer,65.8,CCVC
feed,65.8,CVVC
fmen,65.8,CCVC
gcer,65.8,CCVC
gmen,65.8,CCVC
hash,65.8,CVCC
hcer,65.8,CCVC
hiam,65.8,CVVC
hiem,65.8,CVVC
hiet,65.8,CVVC
hiul,65.8,CVVC
hium,65.8,CVVC
hiun,65.8,CVVC
hius,65.8,CVVC
hiut,65.8,CVVC
hles,65.8,CCVC
hmen,65.8,CCVC
hran,65.8,CCVC
iaro,65.8,VVCV
ifel,65.8,VCVC
igle,65.8,VCCV
inlo,65.8,VCCV
iorb,65.8,VVCC
iorc,65.8,VVCC
iorf,65.8,VVCC
iorg,65.8,VVCC
iorp,65.8,VVCC
iorv,65.8,VVCC
iqof,65.8,VCVC
irre,65.8,VCCV
ized,65.8,VCVC
jaas,65.8,CVVC
jcer,65.8,CCVC
jles,65.8,CCVC
jmen,65.8,CCVC
jran,65.8,CCVC
kcer,65.8,CCVC
keam,65.8,CVVC
kles,65.8,CCVC
kmen,65.8,CCVC
koof,65.8,CVVC
kran,65.8,CCVC
lbof,65.8,CCVC
ldel,65.8,CCVC
lets,65.8,CVCC
lmel,65.8,CCVC
lran,65.8,CCVC
lsei,65.8,CCVV
lseo,65.8,CCVV
lseu,65.8,CCVV
masc,65.8,CVCC
mask,65.8,CVCC
masp,65.8,CVCC
mbof,65.8,CCVC
mcer,65.8,CCVC
mebl,65.8,CVCC
mecl,65.8,CVCC
mefl,65.8,CVCC
mepl,65.8,CVCC
mles,65.8,CCVC
mran,65.8,CCVC
nall,65.8,CVCC
nass,65.8,CVCC
nelm,65.8,CVCC
nenl,65.8,CVCC
nenm,65.8,CVCC
nenr,65.8,CVCC
nexa,65.8,CVCV
nexe,65.8,CVCV
nexi,65.8,CVCV
nexo,65.8,CVCV
nexu,65.8,CVCV
nles,65.8,CCVC
nmen,65.8,CCVC
nran,65.8,CCVC
oaro,65.8,VVCV
ochi,65.8,VCCV
ogle,65.8,VCCV
oqof,65.8,VCVC
oseb,65.8,VCVC
osec,65.8,VCVC
osef,65.8,VCVC
oseg,65.8,VCVC
oseh,65.8,VCVC
osej,65.8,VCVC
osek,65.8,VCVC
osep,65.8,VCVC
osev,65.8,VCVC
osew,65.8,VCVC
osey,65.8,VCVC
osle,65.8,VCCV
ozed,65.8,VCVC
panl,65.8,CVCC
panm,65.8,CVCC
panr,65.8,CVCC
pcer,65.8,CCVC
pmen,65.8,CCVC
pteb,65.8,CCVC
ptec,65.8,CCVC
ptee,65.8,CCVV
ptef,65.8,CCVC
pteg,65.8,CCVC
pteh,65.8,CCVC
ptej,65.8,CCVC
ptek,65.8,CCVC
ptep,65.8,CCVC
ptev,65.8,CCVC
ptew,65.8,CCVC
ptey,65.8,CCVC
qand,65.8,CVCC
qedr,65.8,CVCC
qerk,65.8,CVCC
qice,65.8,CVCV
qile,65.8,CVCV
qole,65.8,CVCV
qule,65.8,CVCV
quri,65.8,CVCV
raxa,65.8,CVCV
raxe,65.8,CVCV
raxi,65.8,CVCV
raxo,65.8,CVCV
raxu,65.8,CVCV
rbof,65.8,CCVC
rfed,65.8,CCVC
rkou,65.8,CCVV
rvel,65.8,CCVC
rvof,65.8,CCVC
sanl,65.8,CVCC
sanm,65.8,CVCC
sanr,65.8,CVCC
sech,65.8,CVCC
seem,65.8,CVVC
seet,65.8,CVVC
siob,65.8,CVVC
sioc,65.8,CVVC
siod,65.8,CVVC
siog,65.8,CVVC
sioh,65.8,CVVC
sioj,65.8,CVVC
siok,65.8,CVVC
siop,65.8,CVVC
siov,65.8,CVVC
siow,65.8,CVVC
sioy,65.8,CVVC
smel,65.8,CCVC
spof,65.8,CCVC
sran,65.8,CCVC
tcer,65.8,CCVC
tles,65.8,CCVC
tmen,65.8,CCVC
tosh,65.8,CVCC
tsem,65.8,CCVC
tset,65.8,CCVC
tsio,65.8,CCVV
ttat,65.8,CCVC
ttof,65.8,CCVC
uaro,65.8,VVCV
uchi,65.8,VCCV
ufel,65.8,VCVC
ugle,65.8,VCCV
uqof,65.8,VCVC
useb,65.8,VCVC
usec,65.8,VCVC
usef,65.8,VCVC
useg,65.8,VCVC
useh,65.8,VCVC
usej,65.8,VCVC
usek,65.8,VCVC
usep,65.8,VCVC
usev,65.8,VCVC
usew,65.8,VCVC
usey,65.8,VCVC
usle,65.8,VCCV
uzed,65.8,VCVC
varb,65.8,CVCC
varc,65.8,CVCC
varf,65.8,CVCC
varg,65.8,CVCC
varp,65.8,CVCC
varv,65.8,CVCC
vcer,65.8,CCVC
vedl,65.8,CVCC
vedm,65.8,CVCC
vedn,65.8,CVCC
veds,65.8,CVCC
vedt,65.8,CVCC
veel,65.8,CVVC
vles,65.8,CCVC
vmen,65.8,CCVC
voof,65.8,CVVC
vran,65.8,CCVC
warb,65.8,CVCC
warc,65.8,CVCC
warf,65.8,CVCC
warg,65.8,CVCC
warp,65.8,CVCC
warv,65.8,CVCC
wcer,65.8,CCVC
wles,65.8,CCVC
wmen,65.8,CCVC
woof,65.8,CVVC
xaat,65.8,CVVC
xait,65.8,CVVC
xeas,65.8,CVVC
xeit,65.8,CVVC
xoft,65.8,CVCC
xoit,65.8,CVVC
xorl,65.8,CVCC
xorm,65.8,CVCC
xtea,65.8,CCVV
xuit,65.8,CVVC
yalb,65.8,CVCC
yalc,65.8,CVCC
yalp,65.8,CVCC
ycer,65.8,CCVC
yenn,65.8,CVCC
yenx,65.8,CVCC
yles,65.8,CCVC
ymen,65.8,CCVC
yran,65.8,CCVC
yyan,65.8,CCVC
zave,65.8,CVCV
zeve,65.8,CVCV
zive,65.8,CVCV
zove,65.8,CVCV
zule,65.8,CVCV
zuri,65.8,CVCV
afur,65.6,VCVC
agom,65.6,VCVC
aisi,65.6,VVCV
akel,65.6,VCVC
aree,65.6,VCVV
assi,65.6,VCCV
axed,65.6,VCVC
bsin,65.6,CCVC
bted,65.6,CCVC
btio,65.6,CCVV
cels,65.6,CVCC
ceza,65.6,CVCV
ceze,65.6,CVCV
cezi,65.6,CVCV
cezo,65.6,CVCV
coic,65.6,CVVC
cokn,65.6,CVCC
coln,65.6,CVCC
copt,65.6,CVCC
couq,65.6,CVVC
coux,65.6,CVVC
couz,65.6,CVVC
cowr,65.6,CVCC
csin,65.6,CCVC
dash,65.6,CVCC
ddon,65.6,CCVC
decr,65.6,CVCC
defr,65.6,CVCC
degr,65.6,CVCC
depr,65.6,CVCC
dicl,65.6,CVCC
dsin,65.6,CCVC
dted,65.6,CCVC
dtio,65.6,CCVV
ealm,65.6,VVCC
earn,65.6,VVCC
ears,65.6,VVCC
efur,65.6,VCVC
egom,65.6,VCVC
eisi,65.6,VVCV
ekel,65.6,VCVC
enri,65.6,VCCV
erha,65.6,VCCV
erho,65.6,VCCV
exed,65.6,VCVC
fanl,65.6,CVCC
fanm,65.6,CVCC
fanr,65.6,CVCC
ffon,65.6,CCVC
fsin,65.6,CCVC
ghou,65.6,CCVV
gsin,65.6,CCVC
gted,65.6,CCVC
gtio,65.6,CCVV
hhat,65.6,CCVC
horr,65.6,CVCC
houb,65.6,CVVC
houc,65.6,CVVC
houd,65.6,CVVC
houf,65.6,CVVC
houg,65.6,CVVC
houh,65.6,CVVC
houj,65.6,CVVC
houk,65.6,CVVC
houp,65.6,CVVC
houv,65.6,CVVC
houw,65.6,CVVC
houy,65.6,CVVC
hsin,65.6,CCVC
hted,65.6,CCVC
htio,65.6,CCVV
iats,65.6,VVCC
icil,65.6,VCVC
icim,65.6,VCVC
icir,65.6,VCVC
icul,65.6,VCVC
icum,65.6,VCVC
icun,65.6,VCVC
icus,65.6,VCVC
icut,65.6,VCVC
ifur,65.6,VCVC
igom,65.6,VCVC
iint,65.6,VVCC
ikel,65.6,VCVC
info,65.6,VCCV
inmi,65.6,VCCV
inmo,65.6,VCCV
inpa,65.6,VCCV
iram,65.6,VCVC
ixed,65.6,VCVC
jarb,65.6,CVCC
jarc,65.6,CVCC
jarf,65.6,CVCC
jarg,65.6,CVCC
jarp,65.6,CVCC
jarv,65.6,CVCC
jinl,65.6,CVCC
jinm,65.6,CVCC
jinr,65.6,CVCC
joof,65.6,CVVC
jsin,65.6,CCVC
jted,65.6,CCVC
jtio,65.6,CCVV
keed,65.6,CVVC
ksin,65.6,CCVC
kted,65.6,CCVC
ktio,65.6,CCVV
lael,65.6,CVVC
laom,65.6,CVVC
laur,65.6,CVVC
liza,65.6,CVCV
lize,65.6,CVCV
lizi,65.6,CVCV
lizo,65.6,CVCV
lkou,65.6,CCVV
llit,65.6,CCVC
lmio,65.6,CCVV
masw,65.6,CVCC
megl,65.6,CVCC
micr,65.6,CVCC
mmon,65.6,CCVC
msin,65.6,CCVC
mted,65.6,CCVC
mtio,65.6,CCVV
nash,65.6,CVCC
neln,65.6,CVCC
neqa,65.6,CVCV
neqe,65.6,CVCV
neqi,65.6,CVCV
neqo,65.6,CVCV
nequ,65.6,CVCV
nezu,65.6,CVCV
nicr,65.6,CVCC
nkou,65.6,CCVV
nnes,65.6,CCVC
norr,65.6,CVCC
noub,65.6,CVVC
nouc,65.6,CVVC
noud,65.6,CVVC
nouf,65.6,CVVC
noug,65.6,CVVC
nouh,65.6,CVVC
nouj,65.6,CVVC
nouk,65.6,CVVC
noup,65.6,CVVC
nouv,65.6,CVVC
nouw,65.6,CVVC
nouy,65.6,CVVC
oats,65.6,VVCC
ogom,65.6,VCVC
oisi,65.6,VVCV
okel,65.6,VCVC
onra,65.6,VCCV
oxed,65.6,VCVC
pall,65.6,CVCC
pass,65.6,CVCC
psin,65.6,CCVC
qaat,65.6,CVVC
qait,65.6,CVVC
qeas,65.6,CVVC
qeit,65.6,CVVC
qoft,65.6,CVCC
qoit,65.6,CVVC
qorl,65.6,CVCC
qorm,65.6,CVCC
quit,65.6,CVVC
raqa,65.6,CVCV
raqe,65.6,CVCV
raqi,65.6,CVCV
raqo,65.6,CVCV
raqu,65.6,CVCV
razu,65.6,CVCV
rkio,65.6,CCVV
rror,65.6,CCVC
sall,65.6,CVCC
sass,65.6,CVCC
skou,65.6,CCVV
smio,65.6,CCVV
snio,65.6,CCVV
tael,65.6,CVVC
taom,65.6,CVVC
taur,65.6,CVVC
torh,65.6,CVCC
torj,65.6,CVCC
torw,65.6,CVCC
tory,65.6,CVCC
uats,65.6,VVCC
ufur,65.6,VCVC
ugom,65.6,VCVC
uisi,65.6,VVCV
ukel,65.6,VCVC
unem,65.6,VCVC
unet,65.6,VCVC
uxed,65.6,VCVC
vsin,65.6,CCVC
vted,65.6,CCVC
vtio,65.6,CCVV
weam,65.6,CVVC
wsin,65.6,CCVC
wted,65.6,CCVC
wtio,65.6,CCVV
xave,65.6,CVCV
xeve,65.6,CVCV
xive,65.6,CVCV
xove,65.6,CVCV
xtel,65.6,CCVC
xuro,65.6,CVCV
xuve,65.6,CVCV
yaas,65.6,CVVC
ysin,65.6,CCVC
yted,65.6,CCVC
ytio,65.6,CCVV
zank,65.6,CVCC
zeen,65.6,CVVC
zial,65.6,CVVC
zitr,65.6,CVCC
zoal,65.6,CVVC
zuit,65.6,CVVC
abom,65.4,VCVC
abur,65.4,VCVC
aeti,65.4,VVCV
ahic,65.4,VCVC
akom,65.4,VCVC
akur,65.4,VCVC
anla,65.4,VCCV
aofo,65.4,VVCV
aoti,65.4,VVCV
aqed,65.4,VCVC
auti,65.4,VVCV
avom,65.4,VCVC
awel,65.4,VCVC
awom,65.4,VCVC
bden,65.4,CCVC
belt,65.4,CVCC
bves,65.4,CCVC
casc,65.4,CVCC
cask,65.4,CVCC
casp,65.4,CVCC
cber,65.4,CCVC
cden,65.4,CCVC
celm,65.4,CVCC
cenl,65.4,CVCC
cenm,65.4,CVCC
cenr,65.4,CVCC
cexa,65.4,CVCV
cexe,65.4,CVCV
cexi,65.4,CVCV
cexo,65.4,CVCV
cexu,65.4,CVCV
coom,65.4,CVVC
cves,65.4,CCVC
dber,65.4,CCVC
ddat,65.4,CCVC
debl,65.4,CVCC
decl,65.4,CVCC
defl,65.4,CVCC
depl,65.4,CVCC
dves,65.4,CCVC
dwed,65.4,CCVC
ealn,65.4,VVCC
earu,65.4,VVCV
ebom,65.4,VCVC
ebur,65.4,VCVC
eduq,65.4,VCVC
edux,65.4,VCVC
eduz,65.4,VCVC
eeng,65.4,VVCC
ehic,65.4,VCVC
ekom,65.4,VCVC
ekur,65.4,VCVC
eofo,65.4,VVCV
eoti,65.4,VVCV
eqed,65.4,VCVC
esou,65.4,VCVV
euti,65.4,VVCV
evom,65.4,VCVC
ewel,65.4,VCVC
ewom,65.4,VCVC
fall,65.4,CVCC
fass,65.4,CVCC
fber,65.4,CCVC
fden,65.4,CCVC
fesq,65.4,CVCC
ficr,65.4,CVCC
fves,65.4,CCVC
ganl,65.4,CVCC
ganm,65.4,CVCC
ganr,65.4,CVCC
gber,65.4,CCVC
gden,65.4,CCVC
geom,65.4,CVVC
geur,65.4,CVVC
gves,65.4,CCVC
hael,65.4,CVVC
haom,65.4,CVVC
haur,65.4,CVVC
hber,65.4,CCVC
hden,65.4,CCVC
hibr,65.4,CVCC
hich,65.4,CVCC
hoel,65.4,CVVC
hves,65.4,CCVC
iali,65.4,VVCV
iara,65.4,VVCV
ibom,65.4,VCVC
ibur,65.4,VCVC
ieti,65.4,VVCV
ihic,65.4,VCVC
ikom,65.4,VCVC
ikur,65.4,VCVC
infa,65.4,VCCV
infe,65.4,VCCV
infi,65.4,VCCV
iqed,65.4,VCVC
iuti,65.4,VVCV
ivom,65.4,VCVC
iwel,65.4,VCVC
iwom,65.4,VCVC
jber,65.4,CCVC
jden,65.4,CCVC
jeam,65.4,CVVC
jves,65.4,CCVC
kanl,65.4,CVCC
kanm,65.4,CVCC
kanr,65.4,CVCC
kber,65.4,CCVC
kden,65.4,CCVC
knio,65.4,CCVV
kves,65.4,CCVC
lcom,65.4,CCVC
lfio,65.4,CCVV
lixa,65.4,CVCV
lixe,65.4,CVCV
lixi,65.4,CVCV
lixo,65.4,CVCV
lixu,65.4,CVCV
lkio,65.4,CCVV
lnio,65.4,CCVV
lorr,65.4,CVCC
loub,65.4,CVVC
louc,65.4,CVVC
loud,65.4,CVVC
louf,65.4,CVVC
loug,65.4,CVVC
louh,65.4,CVVC
louj,65.4,CVVC
louk,65.4,CVVC
loup,65.4,CVVC
louv,65.4,CVVC
louw,65.4,CVVC
louy,65.4,CVVC
lves,65.4,CCVC
matl,65.4,CVCC
matm,65.4,CVCC
matn,65.4,CVCC
mden,65.4,CCVC
mect,65.4,CVCC
meft,65.4,CVCC
micl,65.4,CVCC
mves,65.4,CCVC
nber,65.4,CCVC
ncom,65.4,CCVC
nicl,65.4,CVCC
nkio,65.4,CCVV
nnat,65.4,CCVC
noel,65.4,CVVC
nves,65.4,CCVC
oali,65.4,VVCV
oara,65.4,VVCV
obom,65.4,VCVC
obur,65.4,VCVC
oeti,65.4,VVCV
ohic,65.4,VCVC
okom,65.4,VCVC
okur,65.4,VCVC
oqed,65.4,VCVC
oule,65.4,VVCV
ouri,65.4,VVCV
ovom,65.4,VCVC
owel,65.4,VCVC
owom,65.4,VCVC
pash,65.4,CVCC
pber,65.4,CCVC
pden,65.4,CCVC
peom,65.4,CVVC
peur,65.4,CVVC
pves,65.4,CCVC
qave,65.4,CVCV
qeve,65.4,CVCV
qive,65.4,CVCV
qove,65.4,CVCV
quro,65.4,CVCV
quve,65.4,CVCV
rcom,65.4,CCVC
riam,65.4,CVVC
riem,65.4,CVVC
riet,65.4,CVVC
riul,65.4,CVVC
rium,65.4,CVVC
riun,65.4,CVVC
rius,65.4,CVVC
riut,65.4,CVVC
rlou,65.4,CCVV
sash,65.4,CVCC
sber,65.4,CCVC
sden,65.4,CCVC
skio,65.4,CCVV
sorr,65.4,CVCC
soub,65.4,CVVC
souc,65.4,CVVC
soud,65.4,CVVC
souf,65.4,CVVC
soug,65.4,CVVC
souh,65.4,CVVC
souj,65.4,CVVC
souk,65.4,CVVC
soup,65.4,CVVC
souv,65.4,CVVC
souw,65.4,CVVC
souy,65.4,CVVC
ssea,65.4,CCVV
sves,65.4,CCVC
swou,65.4,CCVV
tber,65.4,CCVC
tden,65.4,CCVC
tock,65.4,CVCC
tsou,65.4,CCVV
tves,65.4,CCVC
twou,65.4,CCVV
uali,65.4,VVCV
uara,65.4,VVCV
ubom,65.4,VCVC
ubur,65.4,VCVC
ueti,65.4,VVCV
uhic,65.4,VCVC
ukom,65.4,VCVC
ukur,65.4,VCVC
uofo,65.4,VVCV
uoti,65.4,VVCV
uqed,65.4,VCVC
uvom,65.4,VCVC
uwel,65.4,VCVC
uwom,65.4,VCVC
vber,65.4,CCVC
vden,65.4,CCVC
vets,65.4,CVCC
wber,65.4,CCVC
wden,65.4,CCVC
weed,65.4,CVVC
wreq,65.4,CCVC
wrex,65.4,CCVC
wrez,65.4,CCVC
wves,65.4,CCVC
xank,65.4,CVCC
xeen,65.4,CVVC
xial,65.4,CVVC
xitr,65.4,CVCC
xoal,65.4,CVVC
xual,65.4,CVVC
yarb,65.4,CVCC
yarc,65.4,CVCC
yarf,65.4,CVCC
yarg,65.4,CVCC
yarp,65.4,CVCC
yarv,65.4,CVCC
yber,65.4,CCVC
yden,65.4,CCVC
yinl,65.4,CVCC
yinm,65.4,CVCC
yinr,65.4,CVCC
yoof,65.4,CVVC
yves,65.4,CCVC
zaco,65.4,CVCV
zeco,65.4,CVCV
zica,65.4,CVCV
zinc,65.4,CVCC
zisl,65.4,CVCC
zoco,65.4,CVCV
zuro,65.4,CVCV
zuve,65.4,CVCV
aans,65.2,VVCC
acem,65.2,VCVC
acet,65.2,VCVC
aeda,65.2,VVCV
aedi,65.2,VVCV
ajel,65.2,VCVC
ajom,65.2,VCVC
ajur,65.2,VCVC
alla,65.2,VCCV
anha,65.2,VCCV
anho,65.2,VCCV
anpe,65.2,VCCV
aofa,65.2,VVCV
aofe,65.2,VVCV
aofi,65.2,VVCV
atne,65.2,VCCV
banl,65.2,CVCC
banm,65.2,CVCC
banr,65.2,CVCC
bels,65.2,CVCC
beza,65.2,CVCV
beze,65.2,CVCV
bezi,65.2,CVCV
bezo,65.2,CVCV
casw,65.2,CVCC
cces,65.2,CCVC
celn,65.2,CVCC
ceqa,65.2,CVCV
ceqe,65.2,CVCV
ceqi,65.2,CVCV
ceqo,65.2,CVCV
cequ,65.2,CVCV
cezu,65.2,CVCV
dael,65.2,CVVC
daom,65.2,CVVC
daur,65.2,CVVC
degl,65.2,CVCC
dict,65.2,CVCC
diel,65.2,CVVC
diur,65.2,CVVC
dorr,65.2,CVCC
doub,65.2,CVVC
douc,65.2,CVVC
doud,65.2,CVVC
douf,65.2,CVVC
doug,65.2,CVVC
douh,65.2,CVVC
douj,65.2,CVVC
douk,65.2,CVVC
doup,65.2,CVVC
douv,65.2,CVVC
douw,65.2,CVVC
douy,65.2,CVVC
easi,65.2,VVCV
ecem,65.2,VCVC
ecet,65.2,VCVC
edle,65.2,VCCV
ejel,65.2,VCVC
ejom,65.2,VCVC
ejur,65.2,VCVC
elre,65.2,VCCV
enro,65.2,VCCV
eofa,65.2,VVCV
eofe,65.2,VVCV
eofi,65.2,VVCV
esde,65.2,VCCV
fash,65.2,CVCC
ficl,65.2,CVCC
forr,65.2,CVCC
foub,65.2,CVVC
fouc,65.2,CVVC
foud,65.2,CVVC
fouf,65.2,CVVC
foug,65.2,CVVC
fouh,65.2,CVVC
fouj,65.2,CVVC
fouk,65.2,CVVC
foup,65.2,CVVC
fouv,65.2,CVVC
fouw,65.2,CVVC
fouy,65.2,CVVC
gall,65.2,CVCC
gass,65.2,CVCC
ggen,65.2,CCVC
ggon,65.2,CCVC
gicr,65.2,CVCC
hidr,65.2,CVCC
hifr,65.2,CVCC
higr,65.2,CVCC
hipr,65.2,CVCC
hirt,65.2,CVCC
ieda,65.2,VVCV
iedi,65.2,VVCV
ijel,65.2,VCVC
ijom,65.2,VCVC
ijur,65.2,VCVC
ilil,65.2,VCVC
ilim,65.2,VCVC
ilir,65.2,VCVC
infu,65.2,VCCV
jeed,65.2,CVVC
kall,65.2,CVCC
kass,65.2,CVCC
kesq,65.2,CVCC
kicr,65.2,CVCC
lasc,65.2,CVCC
lask,65.2,CVCC
lasp,65.2,CVCC
liqa,65.2,CVCV
liqe,65.2,CVCV
liqi,65.2,CVCV
liqo,65.2,CVCV
liqu,65.2,CVCV
lisq,65.2,CVCC
lizu,65.2,CVCV
loel,65.2,CVVC
maza,65.2,CVCV
maze,65.2,CVCV
mazi,65.2,CVCV
mazo,65.2,CVCV
meab,65.2,CVVC
meac,65.2,CVVC
mead,65.2,CVVC
meaf,65.2,CVVC
meag,65.2,CVVC
meah,65.2,CVVC
meaj,65.2,CVVC
meak,65.2,CVVC
meap,65.2,CVVC
meav,65.2,CVVC
meaw,65.2,CVVC
meay,65.2,CVVC
meic,65.2,CVVC
mekn,65.2,CVCC
mept,65.2,CVCC
merh,65.2,CVCC
merj,65.2,CVCC
merw,65.2,CVCC
mery,65.2,CVCC
mewr,65.2,CVCC
morr,65.2,CVCC
moub,65.2,CVVC
mouc,65.2,CVVC
moud,65.2,CVVC
mouf,65.2,CVVC
moug,65.2,CVVC
mouh,65.2,CVVC
mouj,65.2,CVVC
mouk,65.2,CVVC
moup,65.2,CVVC
mouv,65.2,CVVC
mouw,65.2,CVVC
mouy,65.2,CVVC
nael,65.2,CVVC
naom,65.2,CVVC
naur,65.2,CVVC
ngua,65.2,CCVV
ngue,65.2,CCVV
ngui,65.2,CCVV
nguo,65.2,CCVV
nxis,65.2,CCVC
ocem,65.2,VCVC
ocet,65.2,VCVC
oeda,65.2,VVCV
oedi,65.2,VVCV
ofve,65.2,VCCV
ojel,65.2,VCVC
ojom,65.2,VCVC
ojur,65.2,VCVC
olil,65.2,VCVC
olim,65.2,VCVC
olir,65.2,VCVC
omre,65.2,VCCV
onea,65.2,VCVV
onli,65.2,VCCV
ppat,65.2,CCVC
ppen,65.2,CCVC
qank,65.2,CVCC
qeen,65.2,CVVC
qial,65.2,CVVC
qitr,65.2,CVCC
qoal,65.2,CVVC
qtes,65.2,CCVC
qual,65.2,CVVC
rfou,65.2,CCVV
rmea,65.2,CCVV
rmou,65.2,CCVV
selb,65.2,CVCC
selc,65.2,CVCC
selp,65.2,CVCC
soel,65.2,CVVC
ssel,65.2,CCVC
tasc,65.2,CVCC
task,65.2,CVCC
tasp,65.2,CVCC
teeb,65.2,CVVC
teec,65.2,CVVC
teef,65.2,CVVC
teeg,65.2,CVVC
teeh,65.2,CVVC
teej,65.2,CVVC
teek,65.2,CVVC
teep,65.2,CVVC
teev,65.2,CVVC
teew,65.2,CVVC
teey,65.2,CVVC
teiq,65.2,CVVC
teix,65.2,CVVC
teiz,65.2,CVVC
teoq,65.2,CVVC
teox,65.2,CVVC
teoz,65.2,CVVC
tesx,65.2,CVCC
tesz,65.2,CVCC
teuq,65.2,CVVC
teux,65.2,CVVC
teuz,65.2,CVVC
told,65.2,CVCC
ucem,65.2,VCVC
ucet,65.2,VCVC
ueda,65.2,VVCV
uedi,65.2,VVCV
ujel,65.2,VCVC
ujom,65.2,VCVC
ujur,65.2,VCVC
ulil,65.2,VCVC
ulim,65.2,VCVC
ulir,65.2,VCVC
uofa,65.2,VVCV
uofe,65.2,VVCV
uofi,65.2,VVCV
urne,65.2,VCCV
vanl,65.2,CVCC
vanm,65.2,CVCC
vanr,65.2,CVCC
wanl,65.2,CVCC
wanm,65.2,CVCC
wanr,65.2,CVCC
xaco,65.2,CVCV
xeco,65.2,CVCV
xica,65.2,CVCV
xinc,65.2,CVCC
xisl,65.2,CVCC
xoco,65.2,CVCV
xuco,65.2,CVCV
xura,65.2,CVCV
yeam,65.2,CVVC
ziar,65.2,CVVC
zism,65.2,CVCC
zisn,65.2,CVCC
zoar,65.2,CVVC
ztes,65.2,CCVC
zual,65.2,CVVC
aale,65.0,VVCV
abhe,65.0,VCCV
adhe,65.0,VCCV
aedo,65.0,VVCV
aesl,65.0,VVCC
aesu,65.0,VVCV
aeth,65.0,VVCC
afhe,65.0,VCCV
ajhe,65.0,VCCV
akhe,65.0,VCCV
amhe,65.0,VCCV
anlo,65.0,VCCV
aofu,65.0,VVCV
aort,65.0,VVCC
aoth,65.0,VVCC
asub,65.0,VCVC
asuc,65.0,VCVC
asud,65.0,VCVC
asuf,65.0,VCVC
asug,65.0,VCVC
asuh,65.0,VCVC
asuj,65.0,VCVC
asuk,65.0,VCVC
asup,65.0,VCVC
asuv,65.0,VCVC
asuw,65.0,VCVC
asuy,65.0,VCVC
auth,65.0,VVCC
avhe,65.0,VCCV
ayel,65.0,VCVC
ayhe,65.0,VCCV
ayom,65.0,VCVC
ball,65.0,CVCC
bass,65.0,CVCC
bbon,65.0,CCVC
belm,65.0,CVCC
benl,65.0,CVCC
benm,65.0,CVCC
benr,65.0,CVCC
bexa,65.0,CVCV
bexe,65.0,CVCV
bexi,65.0,CVCV
bexo,65.0,CVCV
bexu,65.0,CVCV
bicr,65.0,CVCC
blem,65.0,CCVC
blet,65.0,CCVC
bman,65.0,CCVC
brom,65.0,CCVC
catl,65.0,CVCC
catm,65.0,CVCC
catn,65.0,CVCC
cinl,65.0,CVCC
cinm,65.0,CVCC
cinr,65.0,CVCC
clem,65.0,CCVC
clet,65.0,CCVC
cman,65.0,CCVC
cots,65.0,CVCC
dect,65.0,CVCC
deft,65.0,CVCC
diob,65.0,CVVC
dioc,65.0,CVVC
diod,65.0,CVVC
diog,65.0,CVVC
dioh,65.0,CVVC
dioj,65.0,CVVC
diok,65.0,CVVC
diop,65.0,CVVC
diov,65.0,CVVC
diow,65.0,CVVC
dioy,65.0,CVVC
dman,65.0,CCVC
doel,65.0,CVVC
eatw,65.0,VVCC
ebhe,65.0,VCCV
eert,65.0,VVCC
efhe,65.0,VCCV
ejhe,65.0,VCCV
ekhe,65.0,VCCV
emhe,65.0,VCCV
eofu,65.0,VVCV
eort,65.0,VVCC
eoth,65.0,VVCC
euth,65.0,VVCC
evhe,65.0,VCCV
eyel,65.0,VCVC
eyhe,65.0,VCCV
eyom,65.0,VCVC
ffat,65.0,CCVC
flem,65.0,CCVC
flet,65.0,CCVC
fman,65.0,CCVC
foel,65.0,CVVC
gash,65.0,CVCC
gicl,65.0,CVCC
gman,65.0,CCVC
hasc,65.0,CVCC
hask,65.0,CVCC
hasp,65.0,CVCC
hibl,65.0,CVCC
hifl,65.0,CVCC
hilt,65.0,CVCC
hipl,65.0,CVCC
hirn,65.0,CVCC
hirs,65.0,CVCC
hman,65.0,CCVC
honl,65.0,CVCC
honm,65.0,CVCC
honr,65.0,CVCC
hron,65.0,CCVC
ibhe,65.0,VCCV
icla,65.0,VCCV
idhe,65.0,VCCV
iedo,65.0,VVCV
iesl,65.0,VVCC
iesu,65.0,VVCV
ieth,65.0,VVCC
ifhe,65.0,VCCV
iinu,65.0,VVCV
ijhe,65.0,VCCV
ikhe,65.0,VCCV
ilhe,65.0,VCCV
imhe,65.0,VCCV
inba,65.0,VCCV
inbi,65.0,VCCV
inbo,65.0,VCCV
inbu,65.0,VCCV
inva,65.0,VCCV
invi,65.0,VCCV
invo,65.0,VCCV
inwa,65.0,VCCV
inwe,65.0,VCCV
inwi,65.0,VCCV
inwo,65.0,VCCV
iole,65.0,VVCV
irhe,65.0,VCCV
iric,65.0,VCVC
isuq,65.0,VCVC
isux,65.0,VCVC
isuz,65.0,VCVC
iuth,65.0,VVCC
ivhe,65.0,VCCV
iyel,65.0,VCVC
iyhe,65.0,VCCV
iyom,65.0,VCVC
janl,65.0,CVCC
janm,65.0,CVCC
janr,65.0,CVCC
jman,65.0,CCVC
jron,65.0,CCVC
kash,65.0,CVCC
kicl,65.0,CVCC
kkon,65.0,CCVC
kman,65.0,CCVC
kron,65.0,CCVC
lasw,65.0,CVCC
lled,65.0,CCVC
lron,65.0,CCVC
maxa,65.0,CVCV
maxe,65.0,CVCV
maxi,65.0,CVCV
maxo,65.0,CVCV
maxu,65.0,CVCV
medl,65.0,CVCC
medm,65.0,CVCC
medn,65.0,CVCC
meds,65.0,CVCC
medt,65.0,CVCC
meel,65.0,CVVC
mict,65.0,CVCC
miel,65.0,CVVC
miur,65.0,CVVC
moel,65.0,CVVC
mron,65.0,CCVC
nict,65.0,CVCC
niel,65.0,CVVC
niur,65.0,CVVC
nman,65.0,CCVC
nonl,65.0,CVCC
nonm,65.0,CVCC
nonr,65.0,CVCC
nron,65.0,CCVC
obhe,65.0,VCCV
odhe,65.0,VCCV
oedo,65.0,VVCV
oesl,65.0,VVCC
oesu,65.0,VVCV
oeth,65.0,VVCC
ojhe,65.0,VCCV
okhe,65.0,VCCV
olhe,65.0,VCCV
omeb,65.0,VCVC
omec,65.0,VCVC
omef,65.0,VCVC
omeg,65.0,VCVC
omeh,65.0,VCVC
omej,65.0,VCVC
omek,65.0,VCVC
omep,65.0,VCVC
omev,65.0,VCVC
omew,65.0,VCVC
omey,65.0,VCVC
onnu,65.0,VCCV
oono,65.0,VVCV
oori,65.0,VVCV
osco,65.0,VCCV
ouro,65.0,VVCV
ouve,65.0,VVCV
ovhe,65.0,VCCV
oyel,65.0,VCVC
oyhe,65.0,VCCV
oyom,65.0,VCVC
pael,65.0,CVVC
paom,65.0,CVVC
paur,65.0,CVVC
pinl,65.0,CVCC
pinm,65.0,CVCC
pinr,65.0,CVCC
plem,65.0,CCVC
plet,65.0,CCVC
pman,65.0,CCVC
qaco,65.0,CVCV
qeco,65.0,CVCV
qica,65.0,CVCV
qinc,65.0,CVCC
qisl,65.0,CVCC
qoco,65.0,CVCV
quco,65.0,CVCV
qura,65.0,CVCV
ribr,65.0,CVCC
rich,65.0,CVCC
rmel,65.0,CCVC
roam,65.0,CVVC
roem,65.0,CVVC
roet,65.0,CVVC
roil,65.0,CVVC
roim,65.0,CVVC
roir,65.0,CVVC
sael,65.0,CVVC
saom,65.0,CVVC
saur,65.0,CVVC
siza,65.0,CVCV
size,65.0,CVCV
sizi,65.0,CVCV
sizo,65.0,CVCV
sqis,65.0,CCVC
sron,65.0,CCVC
swio,65.0,CCVV
tasw,65.0,CVCC
ticm,65.0,CVCC
ticn,65.0,CVCC
tics,65.0,CVCC
tman,65.0,CCVC
tolk,65.0,CVCC
toph,65.0,CVCC
tosc,65.0,CVCC
tosk,65.0,CVCC
tosp,65.0,CVCC
towh,65.0,CVCC
toxt,65.0,CVCC
trom,65.0,CCVC
twio,65.0,CCVV
ubhe,65.0,VCCV
udhe,65.0,VCCV
uedo,65.0,VVCV
uesl,65.0,VVCC
uesu,65.0,VVCV
ueth,65.0,VVCC
ufhe,65.0,VCCV
ujhe,65.0,VCCV
ukhe,65.0,VCCV
ulhe,65.0,VCCV
umhe,65.0,VCCV
unhe,65.0,VCCV
uofu,65.0,VVCV
uort,65.0,VVCC
uoth,65.0,VVCC
usco,65.0,VCCV
uvhe,65.0,VCCV
uyel,65.0,VCVC
uyhe,65.0,VCCV
uyom,65.0,VCVC
vall,65.0,CVCC
vass,65.0,CVCC
vicr,65.0,CVCC
vman,65.0,CCVC
vron,65.0,CCVC
vvon,65.0,CCVC
wall,65.0,CVCC
wass,65.0,CVCC
wesq,65.0,CVCC
wicr,65.0,CVCC
wman,65.0,CCVC
wwon,65.0,CCVC
xiar,65.0,CVVC
xism,65.0,CVCC
xisn,65.0,CVCC
xoar,65.0,CVVC
xuar,65.0,CVVC
yeed,65.0,CVVC
yman,65.0,CCVC
yron,65.0,CCVC
zame,65.0,CVCV
zeli,65.0,CVCV
zeme,65.0,CVCV
zerb,65.0,CVCC
zerc,65.0,CVCC
zerf,65.0,CVCC
zerg,65.0,CVCC
zerp,65.0,CVCC
zerv,65.0,CVCC
zime,65.0,CVCV
zond,65.0,CVCC
zuco,65.0,CVCV
zura,65.0,CVCV
